source_id,title,plot
wiki-00037,The Black Arrow: A Tale of the Two Roses,"The novel is set in the reign of ""old King Henry VI"" (1422–1461, 1470–1471) and during the Wars of the Roses (1455–1487). The story begins with the Tunstall Moat House alarm bell, rung to summon recruits for its absent lord Sir Daniel Brackley, to join the Battle of Risingham; at which the outlaw ""fellowship"" known as ""the Black Arrow"" begins to strike with its ""four black arrows"" for the ""four black hearts"" of Brackley and three of his retainers: Nicholas Appleyard, Bennet Hatch, and Sir Oliver Oates, the parson. The rhyme posted in explanation of this attack, makes the protagonist Richard ('Dick') Shelton, ward of Sir Daniel, curious about the death of his father Sir Harry Shelton. Having been dispatched to Kettley, where Sir Daniel was quartered, and sent to Tunstall Moat House by return dispatch, he falls in with a fugitive, Joanna Sedley, disguised as a boy with the alias of John Matcham: an heiress kidnapped by Sir Daniel to obtain guardianship over her and to retain his control over Richard by marrying her to him. As they travel through Tunstall Forest, Joanna tries to persuade Dick to turn against Sir Daniel in sympathy with the Black Arrow outlaws, whose camp they discover near the ruins of Grimstone manor. The next day they are met in the forest by Sir Daniel himself, disguised as a leper and returning to the Moat House after his side was defeated at Risingham. Dick and Joanna then follow Sir Daniel to the Moat House. Here Dick confirms that Sir Daniel is the murderer of his father, and escapes injured from the Moat House. He is rescued by the outlaws of the Black Arrow. The second half of the novel, Books 3–5, tells how Dick rescues Joanna from Sir Daniel with the help of both the Black Arrow fellowship and the Yorkist army led by Richard Crookback, the future Richard III of England. It centres on Shoreby, where the Lancastrian forces are entrenched. Robert Louis Stevenson inserts seafaring adventure in chapters 4–6 of Book 3, wherein Dick and the outlaws steal a ship and attempt a seaside rescue of Joanna. They are unsuccessful, and after Joanna is moved to Sir Daniel's main quarters in Shoreby, Dick visits her in the guise of a Franciscan friar. Stevenson, the populariser of the tales of the Arabian nights, has Dick tell the tale of Ali Baba and the Forty Thieves in Book 4, chapter 6 to help him escape from the ruined sea captain Arblaster, whose ship Dick and the outlaws had stolen. While shadowing Sir Daniel, Dick and the outlaws encounter another group of spies interested in Joanna. After a skirmish in which the outlaws prevail, Dick finds that he has conquered Joanna's lawful guardian, Lord Foxham, who promises to give Joanna to Dick in marriage after a contemplated seaside rescue. There is irony in Foxham scolding Dick, who is nobly born, for consorting with outlaws when the outlaws are recruited in Dick and Foxham's plans to rescue Joanna. Wounded in the failed seaside rescue, Foxham writes letters of recommendation for Dick to Richard Crookback, whom Dick must find on the outskirts of Shoreby. Richard Crookback, Duke of Gloucester, makes his appearance in Book 5. As Dick is leaving Shoreby he sees Crookback holding his own against seven or eight Lancastrian assailants, and assists his victory. Dick's accurate knowledge of the Lancastrian forces in Shoreby aid Crookback in winning the battle that he wages later that day. Dick is also successful as one of Crookback's commanders. Crookback knights Dick on the field of battle and, following their victory, gives him fifty horsemen to pursue Sir Daniel, who has escaped Shoreby with Joanna. Dick succeeds in rescuing Joanna, but loses his men in the process. He, Joanna, and Alicia Risingham travel to Holywood where he and Joanna are married. In this way he keeps his initial pledge to Joanna to convey her safely to Holywood. In the early morning of his wedding day Dick encounters a fugitive Sir Daniel trying to enter Holywood seaport to escape to France or Burgundy. Because it is his wedding day, Dick does not want to soil his hands with Sir Daniel's blood, so he simply bars his way by challenging him either to hand-to-hand combat or alerting a Yorkist perimeter patrol. Sir Daniel retreats, but is shot by Ellis Duckworth (the outlaws' captain) with the last black arrow. Thereafter Sir Richard and Lady Shelton live in Tunstall Moat House untroubled by the rest of the Wars of the Roses. They provide for both Captain Arblaster and the outlaw Will Lawless by pensioning them and settling them in Tunstall hamlet, where Lawless does a volte face by returning to the Franciscan order, taking the name, Brother Honestus."
wiki-00141,Hulda from Holland,"Upon the death of her parents, little Hulda find herself sole guardian of her three small brothers. Fortunately, she receives a letter from her wealthy Uncle Peter in Pennsylvania inviting the three orphans to come to America and live with him. Shortly afterwards, Uncle Peter drives to the Port of New York to pick them up, but is injured by an automobile accident and taken to a hospital where he lies unidentified. Uncle Peter's disappearance not only causes distress to the three newly arrived Dutch immigrants, but also to a railroad president (Mr. Walton) who is trying to buy the right-of-way through Uncle Peter's farmland and has only three deals left in which to close the deal. The search for the old man by both Hulda and Mr. Walton's son result in a blossoming romance between the two."
wiki-00212,The Goddess of Lost Lake,"The story is about a young woman who is a quarter Native American Indian, Mary Thorne (Glaum), who returns to the home of her prospector father, Marshall Thorne (Dowling), after completing her education in the East. She has a college degree and an air of refinement. While her father is away hunting for gold at Lost Lake, Mary enjoys the freedom of his mountain cabin. When two hunters on a hunting expedition, Mark Hamilton (Butt) and Chester Martin (Mack), show up and visit the cabin she decides to put on Indian clothing and pretend she is a full-blooded Indian princess for fun. Both men are attracted to the Indian maiden and Hamilton falls deeply in love with her. Martin, however, is contemptuous of her Indian background. When Mary hears him making derisive remarks about the Indian race, she returns to her father's cabin. Martin follows her home, enters her bedroom, and attacks her. Hamilton comes to her rescue and prevents Martin from raping her. He then looks around the room and sees the modern decor. Realizing that Mary is a young woman of culture and education, he becomes angry because she fooled him and leaves. Meanwhile, while Mary's father is searching for gold, which legend has it is at the bottom of Lost Lake, a legend that also says a white man who once stole some of the gold killed an Indian prince and a white man's blood must fall before anymore gold can be taken, he is killed by an Indian guard at Lost Lake. Mary inherits the gold that her father discovered. Hamilton, who cannot forget her, comes back and they are married."
wiki-00428,The Electric House,Keaton plays a botany student who is accidentally awarded an electrical engineering degree. He then attempts to wire a home using many gadgets. The man to whom the degree should have been awarded then exacts revenge by rewiring those gadgets to cause mayhem.
wiki-00474,The Silent Command,"Benadict Hisston is a foreign agent, part of a conspiracy to destroy the Panama Canal and the United States Navy's Atlantic Fleet. He attempts to acquire information about mine placement in the Canal Zone from Captain Richard Decatur, but fails. With that information essential to the conspiracy's success, he then hires vamp Peg Williams to obtain the intelligence through seduction. Decatur is not fooled, and obeys the ""silent command"" of the Chief of Naval Intelligence to play along with the spies without revealing his purpose to friends or family. He is court-martialed, stripped of rank, and dismissed from the Navy after he strikes an admiral. His association with Williams estranges him from his wife, but earns him the trust of Hisston and the other spies. When the conspirators are ready to enact their plan, he travels to Panama with them. He thwarts their attempt at sabotage, saving the canal and the fleet. He is reinstated into the Navy, reunited with his wife, and honored by the nation for his heroism.[1][2]"
wiki-00515,The Thief of Bagdad,"Ahmed robs as he pleases in the city of Baghdad. Wandering into a mosque, he tells the holy man he disdains his religion; his philosophy is, ""What I want, I take."" That night, he sneaks into the palace of the caliph using a magic rope he stole during ritual prayers. All thoughts of plunder are forgotten when he sees the sleeping princess, the caliph's daughter. The princess's Mongol slave discovers him and alerts the guards, but he gets away. When his associate Abu reminds the disconsolate Ahmed that a bygone thief once stole another princess during the reign of Haroun al-Rashid, Ahmed sets out to do the same. The next day is the princess's birthday. Three princes arrive, seeking her hand in marriage (and the future inheritance of the city). Another of the princess's slaves foretells that she will marry he who first touches a rose-tree in her garden. The princess watches anxiously as first the glowering Prince of the Indies, then the obese Prince of Persia (an uncredited Mathilde Comont), and finally the Prince of the Mongols pass by the rose-tree. The mere sight of the Mongol fills the princess with fear, but when Ahmed appears (disguised in stolen garments as a suitor), she is delighted. The Mongol slave tells her countryman of the prophecy, but before he can touch the rose-tree, Ahmed's startled horse tosses its rider into it. That night, following ancient custom, the princess chooses Ahmed for her husband. Out of love, Ahmed gives up his plan to abduct her and confesses all to her in private. The Mongol prince learns from his spy, the princess's Mongol slave, that Ahmed is a common thief and informs the caliph. Ahmed is lashed mercilessly, and the caliph orders he be torn apart by a giant ape, but the princess has the guards bribed to let him go. When the caliph insists she select another husband, her loyal slave advises her to delay. She asks that the princes each bring her a gift after ""seven moons""; she will marry the one who brings her the rarest. In despair, Ahmed turns to the holy man. He tells the thief to become a prince, revealing to him the peril-fraught path to a great treasure. The Prince of the Indies obtains a magic crystal ball from the eye of a giant idol, which shows whatever he wants to see, while the Persian prince buys a flying carpet. The Mongol prince leaves behind his henchman, telling him to organize the soldiers he will send to Bagdad disguised as porters. (The potentate has sought all along to take the city; the beautiful princess is only an added incentive.) After he lays his hands on a magic apple which has the power to cure anything, even death, he sends word to the Mongol slave to poison the princess. After many adventures, Ahmed gains a cloak of invisibility and a small chest of magic powder which turns into whatever he wishes when he sprinkles it. He races back to the city. The three princes meet as agreed at a caravansary before returning to Bagdad. The Mongol asks the Indian to check whether the princess has waited for them. They discover that she is near death, and ride the flying carpet to reach her. Then the Mongol uses the apple to cure her. The suitors argue over which gift is rarest, but the princess points out that without any one gift, the remaining two would have been useless in saving her life. Her loyal slave shows her Ahmed in the crystal ball, so the princess convinces her father to deliberate carefully on his future son-in-law. The Mongol prince chooses not to wait, unleashing his secret army that night and capturing Bagdad. Ahmed arrives at the city gate, shut and manned by Mongols. When he conjures up a large army with his powder, the Mongol soldiers flee. The Mongol prince is about to have one of his men kill him when the Mongol slave suggests he escape with the princess on the flying carpet. Ahmed liberates the city and rescues the princess, using his cloak of invisibility to get through the Mongols guarding their prince. In gratitude, the caliph gives his daughter to him in marriage."
wiki-00614,So's Your Old Man,"Sam Bisbee (W.C. Fields) is a small-town glazier who's always trying to get rich quick, and his schemes are driving his wife (Marcia Harris) crazy. When he invents an unbreakable glass windshield, his attempt to demonstrate it at a convention of automobile manufacturers is ruined when his car gets switched with another, and instead of bouncing off, the brick he throws at it smashes the windshield to pieces. On the train ride home, Bisbee considers suicide, but instead rescues a pretty young woman (Alice Joyce) who he believe is trying to kill herself. It turns out the woman is really Princess Lescaboura, and their friendship brings social success to the Bisbees.[3][4][5]"
wiki-00756,Acquitted,"Marian is sent to prison for a crime she did not commit. While there she meets fellow convict, Dr. Bradford, who has also been wrongly convicted of a murder. Marion believes his innocence and falls in love with him. Bradford tells her that it was Egan who framed him. Meanwhile, Egan has fallen in love with Marian, and when Marian is paroled, begins to woo her. She goes along with his romances, hoping to get the info she needs to free Bradford. However, Egan is warned of her intentions by associates who are still in the jail. When Egan confronts Marian, she admits her plan, but tells Egan of her love for Bradford. Egan, pretending to help Marian out, agrees to get Bradford released, and pays one of his henchmen, Smith, to confess to the crime for which Bradford is in prison for. Once Bradford is released, Egan attempts to leverage his role in that release, to force Marian to marry him. When she refuses, he has Bradford kidnapped, intending to have him killed. Learning of it, an armed Marian confronts Egan, and when he refuses to divulge Bradford's whereabouts, she shoots him. Grievously wounded, Egan needs immediate medical attention. Regretting her action, she pleads with Egan to tell him where Bradford is, so that he can tend to the wound. Once Egan tells her where he has Bradford stashed, Marian rushes to free him, returning to Egan, where Bradford tends to the gunshot wound. The woman and doctor are followed by the police, who overhear Egan confessing to the murder for which Bradford was originally convicted. The wound patched, Egan is taken to jail, while Bradford and Marian end up together."
wiki-00971,Midnight Mystery,"Gregory Sloane is a millionaire who lives in an isolated mansion on Hawk Island, off the coast of New England. He invites a disparate group of people to his home, who are soon cut off from the mainland when a fierce storm blows in. While confined, tensions erupt among the guests, leading to the murder of Mischa Kawelin. One of the other guests, Sally Wayne, an author who writes murder mysteries and Sloane's fiancée, takes it upon herself to solve the crime. Over the course of the evening, she uncovers and strategically puts together all the clues, culminating in her getting the murderer to confess."
wiki-01280,The Conquerors,"The film begins in a prospering New York in 1873. Lowly bank clerk Roger Standish is fired from his job after he is caught courting Caroline Ogden, the daughter of the bank’s president. The failure of Ogden’s bank in the Panic of 1873 brings about her father’s collapse and death. Undismayed, Caroline offers to marry Roger and proposes that they travel west in search of new opportunities. While traveling through Nebraska on a raft Roger is shot during the course of a robbery by a gang. Taken to the nearby town of Fort Allen, he is operated on successfully by the town's doctor, Dan L. Blake, who though a drunkard proves competent. As Roger recovers, Caroline is inspired by the town’s generosity to them to open a bank there. With the help of Blake and his wife, Standish Bank is an instant success, and Caroline soon gives birth to twins, a boy and a girl. As Fort Allen prospers, the possibility of being bypassed by the railroad threatens its growth. Roger and Caroline succeed in convincing the railroad's president to include Fort Allen on the route, by the arrival of the first train is marred by the death of their son after an inebriated Doc Blake crashes the carriage in which they were riding at a crossing right in the train’s path. Though they mourn their loss, Roger and Caroline’s daughter grows into a beautiful young woman, who marries Warren Lennox, one of the employees in Standish's bank. The prosperous times come to an end with the depression of the 1890s. Overextended because of poor judgement by Roger’s son-in-law, the Standish National Bank is forced to close because of a run on its deposits. Lennox commits suicide just as Roger’s grandchild, Roger Standish Lennox, is born. The young boy grows up in a world of technological marvels, and after America’s entry into World War I becomes a decorated fighter pilot. While watching him in a victory parade after the Armistice, however, Caroline dies. The decade that follows is one of great growth. The Standish National Bank, having survived the hard times of the 1890s, is thriving once again under Lennox’s management. When the stock market crash of 1929 brings the good times to an end, however, Lennox approaches the now-elderly Standish to sign papers dissolving his multimillion-dollar trust fund so that Lennox can put the money into the bank. As Standish signs the papers, Lennox expresses his optimism that the country would recover and reach new heights, filling his grandfather with pride at both Lennox’s responsibility and his faith in America’s future."
wiki-01384,The Purchase Price,"Joan Gordon, a New York torch singer who has been performing since age 15, has left her wealthy criminal boyfriend, Eddie Fields, for upstanding citizen Don Leslie. However, Don's father has found out about her relationship with Eddie; she and Don break off their engagement, and she decides to leave town rather than return to Eddie. In Montreal, she changes her name and resumes performing; not long thereafter, one of Eddie's men recognizes her and informs his boss. Unwilling to return to him, she trades places with her hotel's maid, Emily, who had used Joan's picture when corresponding with a North Dakota farmer in search of a mail-order bride. Offering the maid $100 (about 7 weeks' wages) for the farmer's address, Joan sets out to become the wife of Jim Gilson, with only a vague idea of all the hardships of farm life during the height of the Great Depression. Jim and Joan's relationship gets off to a rocky start; on their first night, she rejects his advances and forces him to sleep elsewhere. In the morning, she apologizes but he keeps his distance. Over time she falls in love with him, but he remains aloof. Meanwhile, he's informed that he'll lose his land if he can't pay his overdue mortgage. He has developed a great strain of wheat and is sure it will bring a profit, but he has no way to keep foreclosure at bay long enough to plant and harvest a crop. A neighboring farmer, Bull McDowell, offers to buy Jim's land in exchange for Joan's company, but Jim is unwilling to make such a bargain and thereby makes an enemy of Bull. A little later, Joan—who has become a very capable farmer's wife—visits a neighbor who just gave birth with only her adolescent daughter by her side. Joan cleans the home, prepares food, turns an old dress into diapers, and calms the frightened daughter, Sarah Tipton. She braves a snowstorm to return home, where Jim has taken in a man who lost his way in the storm—Eddie. She pretends not to know him, but Eddie quickly tries to take her with him. Jim, angry at Joan because of her complicated past, and because he's jealous, though he can't yet admit that he cares about her, tells her to go with Eddie. She refuses and later asks Eddie privately for a loan to save Jim's land. The loan, which Jim thinks is an extension from the bank, enables them to stay on the farm until after the harvest. She continues to stand by him, but he remains distant. Then one night Bull torches part of the harvested-but-not-sold crop, and Joan and Jim fight to save it. Joan is injured, but they succeed—and her determination and dedication finally break through Jim's reserve."
wiki-01645,Born to be Bad,"Letty Strong (Loretta Young) was raised in a good family, but became pregnant and ran away from home. She was taken in by elderly Fuzzy (Henry Travers), and gave birth to Mickey (Jackie Kelk) in the back room of Fuzzy's bookstore at the age of fifteen. Embittered, she taught Mickey to be street smart so he will never be taken advantage of like her. Fuzzy strongly disapproves of how she is raising her son. Now seven years old, Mickey skips school and does as he pleases. Meanwhile, Letty earns a living by entertaining buyers so they will give business to her friend Steve Karns. A milk truck driven by Malcolm ""Mal"" Trevor (Cary Grant) hits Mickey as he is rollerskating in the street. When Letty's lawyer, Adolphe, learns that Mal is the wealthy president of Amalgamated Dairies (out checking every aspect of his large business), he talks Letty into seizing the opportunity to make some money. They get Mickey to lie about the extent of his injuries. However, during the trial, Mal's attorney (Paul Harvey) produces films showing Mickey fully recovered. The irate judge has Mickey taken from Letty and put in an institution for boys. Mal and his wife Alyce (Marion Burns) have no children. Mal offers to adopt Mickey, with Letty's approval, so she can see her son more frequently. Mickey thrives on Mal's country estate and the loving parenting he receives. Letty is not satisfied with this arrangement; she wants her son back. Adolph suggests she seduce Mal and blackmail him into giving her Mickey (as well as money) with a recording of their conversation. The plan works; Mal admits he has fallen in love with her, and they spend the night together. The next morning, however, Mal informs a surprised Letty that he has told his wife. Alyce is willing to sacrifice herself for Mal's happiness. Letty comes to realize her genuine feelings for Mal, and breaks up with him, pretending to have only been toying with him. She then goes back to Fuzzy and asks for her old job back at the bookstore."
wiki-01746,Men in White,"A dedicated young doctor places his patients above everyone else in his life. Unfortunately, his Social Register fianceé, Laura Hudson(Myrna Loy), can't accept the fact that he considers an appointment in the operating room more important than attending a cocktail party. He soon drifts into an affair with a pretty nurse who shares his passion for healing. One thread of the story involves diabetic hypoglycemia:[2] Two doctors have a conflict at the bedside of a young girl who is desperately ill. The younger doctor diagnoses (correctly) that the patient is in insulin shock (needing glucose), while the senior doctor insists she is in a diabetic coma (needing insulin). Fortunately, the doctor with the correct diagnosis prevails and the child recovers."
wiki-01959,Page Miss Glory,"Country girl Loretta Dalrymple (Marion Davies) arrives in New York City and gets a job as a chambermaid in a luxurious hotel, the same hotel in which con man ""Click"" Wiley (Pat O'Brien) and his photographer partner Ed Olsen (Frank McHugh) are three weeks in arrears. Desperate to avoid being evicted by the assistant manager, Mr. Yates (Berton Churchill), Click has Ed make a composite photograph by combining the best features of several renowned Hollywood beauties and enters the resulting fake under the name ""Dawn Glory"" in a nationwide beauty contest for the $2500 prize. Dawn Glory wins. Bingo Nelson (Dick Powell), a pilot famous for performing crazy stunts, immediately falls in love when he spots the photograph in his friend Click's suite. After heroically flying to Alaska through a blizzard to deliver serum for some sick children, he proposes to Dawn Glory on national radio. As a result, reporters clamor to interview the woman, putting Click in a tough spot. Slattery (Lyle Talbot) of the Express is particularly persistent, digging up Click's checkered past to try to blackmail him into giving him an exclusive interview. Finally, Click is about to admit the truth when Ed's girlfriend Gladys Russell (Mary Astor) discovers Loretta trying on a dress delivered for Miss Glory. Earlier in the day, Loretta had splurged and gotten her hair styled as in the photograph. Gladys and Ed pass off Loretta as Dawn. Soon, advertising endorsements and royalties make Click and Ed a lot of money. Simeon Hamburgher (Al Shean), president of Nemo Yeast, the beauty contest's sponsor, hires Bingo to fly over the city and tout Miss Glory's endorsement of his product over a loudspeaker. His bitter rival, J. Horace Freischutz (Joseph Cawthorn), orders his assistant Joe Bonner (Hobart Cavanaugh) to arrange a meeting somehow with Dawn, so he can try to persuade her to sign with him. Bonner pays thugs Petey (Allen Jenkins) and Blackie (Barton MacLane) to kidnap her. After Petey learns that Dawn is really an impostor, he and his partner decide to blackmail Click instead. Click agrees to pay them off if they will kidnap Bingo, a persistent nuisance who keeps trying to talk to Dawn. Gladys, jealous of a possible rival for Ed's affections, suggests they take Dawn instead. Petey is dazzled by Dawn's beauty, so he does. However, Bingo tracks them down and rescues her. She agrees to marry him and announces it to everyone from the skies over New York."
wiki-02065,Florida Special,"Newspaper reporter Bangs Carter and his rich buddy Wally Tucker end up on a train bound for Florida with jewel thieves and Wally's ex-girlfriend. Bangs falls for a passenger, Jerry Quinn, along the way as they try to catch the crooks."
wiki-02089,Libeled Lady,"Wealthy Connie Allenbury (Myrna Loy) is falsely accused of breaking up a marriage and sues the New York Evening Star newspaper for $5,000,000 for libel. Warren Haggerty (Spencer Tracy), the managing editor, turns in desperation to former reporter and suave ladies' man Bill Chandler (William Powell) for help. Bill's scheme is to maneuver Connie into being alone with him when his wife shows up, so that the suit will have to be dropped. Bill is not married, so Warren volunteers his long-suffering fiancée, Gladys Benton (Jean Harlow), to marry Bill in name only, over her loud protests. Bill arranges to return to America from England on the same ocean liner as Connie and her father J. B. (Walter Connolly). He pays some men to pose as reporters and harass Connie at the dock, so that he can ""rescue"" her and become acquainted. On the voyage, Connie initially treats him with contempt, assuming that he is just the latest in a long line of fortune hunters after her money, but Bill gradually overcomes her suspicions. Complications arise when Connie and Bill actually fall in love. They get married, but Gladys decides that she prefers Bill to a marriage-averse newspaperman and interrupts their honeymoon to reclaim her husband. Bill reveals that he found out that Gladys' Yucatán divorce was not valid, but Gladys states she got a second divorce in Reno, so she and Bill are actually man and wife. Fortunately, Connie and Bill manage to show Gladys that she really loves Warren."
wiki-02110,Pennies from Heaven,"In prison, Larry Poole (Bing Crosby), a self-described troubadour, is approached by an inmate named Hart (John Gallaudet) who is on his way to the electric chair. Hart asks Larry to deliver a letter to a family called Smith near Middletown, New Jersey. After finding the family, which consists of a grandfather (Donald Meek) and a young girl named Patsy (Edith Fellows), Poole tells them that the letter holds a key, reveals that the condemned man had unintentionally killed Patsy's father and that he is giving the Smith family his old house and former hideout, the only thing he has to give as atonement. Susan Sprague (Madge Evans) represents the county welfare department and it is her job to see that Patsy is raised ""properly"", or the girl will go to an orphanage. A variety of misadventures befall Larry as he tries to help ""Gramps"" out with Patsy to save her from the orphanage, all while Susan and he are falling in love, paternally. To get cash for a restaurant license, Larry gets a stunt job at the circus, but is injured. While he is in hospital Gramps comes to let him know that the county has taken Patsy away. Larry believes Susan went behind his back and had Patsy placed in the orphanage. It is discovered that Susan had no part in it, but she loses her job defending Larry and his care of the child. Larry has the circus perform for the children so that he can 'break Patsy out', when Patsy lets Larry know how Susan feels about him. Their attempt to free Patsy fails. Afterwards, Larry finds out that Susan has gone to New York and he goes there to find her. While in New York, Susan is approached by two policemen looking for Larry, not to arrest him as she suspects, but to bring him back to the head of the County Welfare Department to help deal with Patsy, who has gone on a hunger strike. The policemen are watching Susan's apartment in the hopes that Larry will show up. When he does, they make him leave with them, after he and Susan reveal their feelings for each other. When they return to the orphanage, the head of the welfare department begs Larry to help them with Patsy. Larry agrees to adopt Patsy and raise her with the help of Susan, who agrees to marry him and be a mother to Patsy."
wiki-02616,Lucky Night,"Two people meet in a park (Cora, played by Myrna Loy, and William ""Bill"" Overton, played by Robert Taylor). They become acquainted and each discovers that the other is also poor. They try to get 50 cents to eat at a restaurant but a man complains to the police. They convince a policeman to give them 50 cents by saying that they are engaged (which they are not). While walking, they drop the money without knowing it. When their restaurant bill comes to 50 cents, they suddenly realize they must have lost it. Someone leaves a coin on the table, Bill tells Cora to steal it, which she does. Bill spots a slot machine in the restaurant and tells Cora to gamble, which she does and wins. Bill and Cora go to a casino, win a car in a game and make more money gambling. The two get drunk and wake up to find out they are married. Bill gets a job but still gets the urge to gamble; Cora doesn't care to live that life, so she leaves Bill and goes back to her father. Bill goes to her house to get her back and he succeeds."
wiki-02860,Lillian Russell,"Helen Leonard (Faye) has a beautiful voice. As she grows up, she trains to become an opera singer. Her instructor, however, informs her that her voice is pleasing, but not suitable for grand opera. Returning home one day, she and her grandmother (Westley) are saved by a handsome young man, newspaperman Alexander Moore (Fonda). Meanwhile, Helen's mother, Cynthia (Peterson), has political aspirations, but only receives a handful of votes for mayor. While singing one evening, Helen is overheard by vaudeville impresario Tony Pastor (Carrillo), who hires her to sing at his theater. She is given a new name, Lillian Russell, and quickly rises to fame as the toast of New York. As the years pass, Lillian becomes one of the most revered stars in America. She has many suitors, including financier Diamond Jim Brady (Arnold), Jesse Lewisohn (William), and composer Edward Solomon (Ameche). She eventually marries Edward and they move to London, where Gilbert and Sullivan are writing an operetta especially for her. Alexander Moore returns and makes a contract with Lillian to write stories about her rise to fame. But tragedy soon strikes when Edward dies one evening while composing a song for her. Lillian cancels the interviews and makes an appearance in the show, singing the song her husband composed for her, ""Blue Lovebird."" Lillian returns to America and is, by this time, the greatest stage attraction of the century. Alexander comes to see Lillian after a new show and the two are happily reunited."
wiki-03016,Charlie Chan in Rio,"In the beginning of the film, detective Charlie Chan is in Rio de Janeiro, Brazil, along with his son, Jimmy, and the Rio chief of police, Chief Souto, to arrest singer Lola Dean, whom Chan suspects killed a man in Honolulu. After a performance, Lola’s boyfriend, Carlos, asks her to marry him, which she accepts. Her personal assistant, Helen Ashby, then reminds Lola she has an appointment with a Hindu psychic, Marana. Lola visits the psychic, who puts her in a semi-comatose state using coffee and cigarettes laced with a special natural herb. Lola reveals in this state that she did kill a man, Manuel Cardozo, after he refused to marry her in Honolulu. The psychic records the conversation. When Lola wakes up, the psychic tells her what she told him, but assures her that it will be kept confidential between them. On the way home, a worried Lola convinces Carlos to elope instead of marry at a later date. When she arrives home, she begins packing. Later, Chan, Jimmy, and Chief Souto arrive at Lola’s house to arrest her, but instead find her dead in her room. The three conclude that Lola was murdered, and spot many obvious clues which they realize were left there on purpose to throw them off. They also notice Lola’s jewelry missing. Chan then informs Lola’s guests, who were there to celebrate her engagement, of her death, and brings in two suspects, the psychic and Paul Wagner. Wagner reveals that he was married to Lola, but they had separated. The psychic plays back his conversation with Lola, and reveals himself to be Alfredo Cardozo, the brother of the man Lola killed. Chief Souto asks everyone to stay in the house while the murder is being investigated. Later, Jimmy witnesses a conversation between Lola’s butler, Rice, and maid, Lilly. Rice tells Lilly to stay quiet about something she saw earlier. Chan and Souto find scratch marks on the floor where Lola was murdered. Chan suspects that the scratch marks were from the brooch Lola was wearing, and that a pin on that brooch would still be stuck in the murderer’s shoe. Chan then finds similar scratch marks under one of the chairs at the dinner table where all of the guests had dined. Jimmy hides in Rice’s room and finds Lola’s jewelry there. He then takes Rice to Chan. Rice explains that he has the jewels but did not kill Lola. Before he can tell Chan who did, the lights go out and he is shot. Chan then asks all of the guests to go back to their original positions at the dinner table. He reveals to them that the scratch marks he found were under Helen’s chair. When Helen protests her innocence, Chan suggests Cardozo put her in the semi-comatose state. When she still says she did not kill Lola, Chan asks that he go under the same treatment using the same cigarette. But when he does, Chan is unaffected. Cardozo tries to admit to killing Lola, but Helen stops him, revealing she did it. She further explains that she was the wife of Manuel Cardozo. After hearing of Alfredo’s conversation with Lola, Helen learned Lola was going to elope. Realizing that Lola was going to leave and escape justice, Helen killed her. When Rice walked in on the act, she offered him the jewels to keep him quiet, and later shot him. Chief Souto then arrests Helen and takes her to jail. Jimmy asks to take Lilly back to Honolulu with him, but Chan tells him he has been drafted in the United States Army."
wiki-03100,Lady Be Good,"Eddie Crane, a young composer, is struggling with a tune he has just written. When his girlfriend, Dixie Donegan, provides words almost by accident, the song is published and is a great success. A few years later, now married and successful songwriters with a hit Broadway show behind them, Dixie realizes that Eddie is spending more time in rich New York society than composing. They divorce, but quickly realize they are still in love and cannot do without each other. They remarry and write more successful songs, but then Eddie goes off to South America, ostensibly to get inspiration to write a symphony. Dixie again seeks a divorce, but the astute judge denies it. Eddie returns and they realize that despite all, they are still in love."
wiki-03299,Fine Feathered Friend,"This episode starts with Jerry trying to get a piece of cheese from a mousetrap in a barn. Tom comes out of his hiding place to watch Jerry and hears the trap go off. He chases after Jerry who has his tail caught in the trap while holding the cheese. Jerry stops and hands Tom the cheese. Jerry then releases his tail, grabs the cheese back, and runs away. Jerry tries to cut Tom's neck with a pair of shears but fails. Tom then chases Jerry near a chicken sitting on her nest. Jerry hides underneath the hen and Tom startles her when he reaches underneath her to grab Jerry. The hen responds by pecking Tom's head, scaring him away. The hen sits back down and Jerry emerges eating his cheese. Jerry leaves the barn but gets chased back into it by Tom. He runs underneath the hen again, and the hen wakes up before Tom can even try to reach Jerry and she pecks him away again. Jerry then realizes how warm it is underneath the hen and he has to use one of the hen's feathers as a fan. Meanwhile, Tom has returned and he quietly tries to reach Jerry, but ends up stepping into the hen's food bowl and runs away. He briefly disguises himself as a milkmaid while milking the cow and then tries again. As he reaches underneath the hen, he grabs one of the hen's eggs instead of Jerry, which results in the hen clucking at Tom in a mean way. The hen arranges the eggs with a nearby triangle in the same manner as arranging billiard balls. Later, Tom sets up a mousetrap tied to a string and puts it underneath the hen. Jerry comes out with the trap and he sets the trap with Tom's tail on it. Tom doesn't find out that his tail is in the trap for a while and then screams out in pain. Later, the cat sneaks into the barn inside a butter churner. He pokes the chicken with a fork and searches the nest for Jerry. As the hen lands, he sneaks back into the churner and pokes the hen again. This continues until the hen sees the fork and removes the churner, grabs the fork and ends up poking Tom with the fork. The hen starts to ride on Tom like a horse, but suddenly stops when she hears chirps from her nest. Her eggs have hatched to release some baby chicks. She picks them up from her nest and sends them off to play. Jerry runs away from the nest with a few feathers and he tries to blend in with the other chicks. But one of the chicks mistakes Jerry's tail for a worm. The mother hen and her chicks then walk in a line past Tom. Jerry sneaks past Tom who doesn't figure out that Jerry is in disguise. He kicks Tom in the inappropriate part and hitches a ride on the hen's backside and waves at Tom who has had enough of Jerry's prank. Tom then has a brilliant beyond idea by standing by an opening in the barn's wall and sees the shadows of the chickens passing by. It is in the next moment that he accidentally grabs a chick, thinking that one of them might be Jerry, and runs away. When he opens his hands the baby chick yells for his mama, who quickly arrives. Tom smiles and hands back the chick. The hen then slams a bucket onto Tom's head. The chickens cross paths with a family of ducks and Jerry follows the ducks into a pond. He goes underwater and then starts getting chased by Tom again. Jerry again tries to cut Tom's head with the shears but fails; Tom grabs the shears and starts chasing Jerry with them. He runs near the mother hen, who is having a drink of water, and Tom inadvertently cuts off the hen's tail feathers. She responds by grabbing Tom, wrapping a towel around his back and cutting his fur off. Tom is then outside the hen house with bandages on his back. When he looks in, the mother hen has tied a feather duster to herself and Jerry is resting, uses the hen's feathers as a small pillow to lie on."
wiki-03328,Home in Wyomin',"Singing cowboy Gene Autry (Gene Autry) appears on a radio program to promote U.S. Defense Bonds. In the audience, wisecracking photographer Clementine Benson (Fay McKenzie) and reporter ""Hack"" Hackett (Chick Chandler) make fun of the singer and his devoted fans. After the program, Clementine and Hack try to get an embarrassing story on Gene, who knows their game and eludes the pair, who previously ridiculed him in print. Gene is approached by Pop Harrison (Forrest Taylor), the owner of the rodeo troupe that gave Gene and his sidekick Frog Millhouse (Smiley Burnette) their start. Pop is worried that his son Tex is destroying their rodeo through his irresponsible drinking and gambling. Always ready to help out a friend, Gene decides to drive to Gold Ridge, Wyoming to lend a hand with the rodeo and straighten Tex out. Frog and Frog's brother Tadpole accompany him to Wyoming. They are followed by Clementine and Hack, who were ordered to follow Gene. When they arrive at Bartlett's dude ranch in Wyoming, they watch Tex and the boys are preparing for their next rodeo. Hack's laughter at Tex's drunkenness provokes a fistfight, and Hack, a former prizefighter, easily beats up the drunken cowboy. Afterwards, Gene uses the incident as an opportunity to give Tex a stern lecture. Tex agrees to start acting more responsibly, and Gene tells him to attend that night's barbecue so the others can see that he's changed his ways. That night, Hack follows three suspicious ranch guests to a saloon, where he joins them in a card game along with Tex and Sunrise (Olin Howland), an eccentric miner who shows off some gold he found. Hack quickly wins several hands, happy to take their money and Sunrise's gold. The leader of the three suspicious ranch guests, Crowley (George Douglas), is unnerved when Hack implies that he knows them from Chicago and is aware of Crowley's shady past. Gene comes to the saloon and retrieves Tex. After Hack leaves the saloon, Crowley, who is actually a gangster named Luigi Scalese, and his men follow him. On the road, someone takes a shot at Hack, nearly missing him. The following day, as Tex performs in a staged shootout during the rodeo, Hack is shot and killed in the audience by someone who then loads a real bullet in Tex's gun which was dropped during the confusion. When the sheriff (Hal Price) investigates, he discovers the real bullet in Tex's gun and arrests him, despite the protests of Gene and his friends. Later, Clementine tells Gene about Hack's suspicion of Crowley, and Gene prevents Crowley and his men from leaving the ranch. Crowly sends letters to Clementine and Gene, making it appear that each is inviting the other on a date that evening. While Clementine is away, Crowley breaks into her room and steals her photograph case in order to destroy pictures of himself in the crowd. Later Gene sends the remaining photographs off for fingerprinting, and soon after, Pop receives a telegram identifying the fingerprints on the photographs as belonging to Chicago mobster Luigi Scalese, Crowley's true identity. Later that day, someone breaks into Pop's home, shoots him, and takes the incriminating telegram. Gene suspects Crowley and races off to arrest him. Clementine stays behind and learns from Pop that there is a secret entrance to a mine beneath his house. Clementine asks Sunrise to lead her through the tunnels of the mine, and quickly discovers that Sunrise is insane, and that he killed Hack and wounded Pop fearing they would divulge the location of his precious gold. As Sunrise attempts to kill Clementine, Gene arrives and saves her, as the crazy miner falls down a mine shaft to his death. Afterwards, as Pop recovers from his wound, Tex promises him that he will really straighten up this time, and Clementine and Gene ride off together singing a song.[1]"
wiki-03566,Guadalcanal Diary,"On July 26, 1942 the American Marine invasion task force is sailing towards Guadalcanal. The Marines land on Guadalcanal with no initial opposition. They find an abandoned village and capture an airfield, which the Americans work to complete. Based on a tip from a Japanese deserter, the Marines leave by boat for the village of Matanikau, where there are supposedly a large number of Japanese troops who want to surrender. On the way one boat is destroyed by a Japanese sub before it is sunk by onshore Marine artillery. The Marines walk into a trap, and only Private Soose Alvarez survives to make it back to American lines. The Marines then march on Matanikau in force and on the way, Private “Chicken’ Anderson is wounded by a Japanese soldier who only pretended to be dead. The Marines enjoy mail call, but suffer through Japanese air force bombing raids. Army troops land to support the Marines. They launch a campaign to root Japanese troops out of a series of caves. They try to listen to the results of Game Two of the 1942 World Series, but static unfortunately prevents them from hearing the final score. The Marines are both shelled by the Japanese navy and bombed by their air force. A force of Marine fighter planes land on the island. All the marines write letters home. They launch an attack on the Japanese, during which Pvt. Alvarez is killed. The marines are relieved and evacuated from the island."
wiki-03683,They Came to Blow Up America,"When only six of eight would-be German saboteurs are sentenced to death by an American court during World War II, an FBI agent complains to his boss, Craig (Ward Bond), about the other two. Craig tells him about one of the men sentenced to prison. A flashback ensues. American attorney Carl Steelman (Sanders) stuns his German-born parents by telling them that he is a member of the German American Bund. His father (Ludwig Stössel), a loyal American, is particularly incensed. When Carl attends a Bund meeting, his colleague Ernst Reiter divulges that he has been called back to Germany to be trained as a saboteur. The police break up the meeting; fleeing, Reiter draws a gun and is shot dead. Later, Carl meets with Craig; Carl is actually an FBI undercover agent. Craig informs him that he is to impersonate Reiter and infiltrate the school. In Hamburg, Carl becomes friendly with a woman named Helga Lorenz. Later, Colonel Taeger (Dennis Hoey) informs him that Helga is suspected of being in the German Underground, and orders him to continue seeing her to find incriminating evidence. After Carl accidentally finds some anti-Nazi leaflets, he warns Helga, but a spy with a telescope has witnessed this, so Carl has no choice but to denounce her himself. When she refuses to talk, Taeger orders her sent to a concentration camp. Carl manages to intercept the car taking her away and rescue her. Then Reiter's wife shows up at his hotel. To prevent her from betraying him, he tells her that Reiter was captured in America, then asks her for a day to explain himself. He then tells Colonel Taeger that his ""wife"" has lost her mind. After questioning the woman himself, the colonel agrees and has her sent to an asylum. When Carl's father becomes seriously ill, Craig tells him about his son's real mission, but stresses he can divulge the information to no one, not even his wife. Julius is too overjoyed to obey. He tells his close friend, Dr. Herman Holger (Sig Ruman). Because of his excellent performance at the sabotage school, Carl is put in charge of the first group of saboteurs to be sent to America after the United States enters the war. He and three others board a U-boat. When Colonel Taeger is notified that a Carl Steelman is an American agent, he goes to see Frau Reiter; she confirms that Steelman was her husband's associate in America. Taeger has her shot to cover up his mistake, then sends an urgent message to the U-boat captain. The submarine is attacked by American bombers, but escapes unharmed, and the saboteurs depart in a life raft before Taeger's message is received. Then the bomb Carl left aboard blows up, sending the submerged U-boat to the bottom. Ashore, the four men are spotted on the beach and arrested. Craig makes Carl maintain his cover and turn state's evidence against the others, as well as four saboteurs sent to Florida. Then Carl goes home to see his parents and Dr. Holger. He informs Holger that he has a list of German agents in America, and that the doctor is on it at number eight. He takes Holger away."
wiki-03745,Broadway Rhythm,"Murphy plays a successful Broadway musical comedy producer named Johnnie Demming. He needs a star for his new show. He’s smitten with the glamorous film star, Helen Hoyt (Simms), and offers the part to her, but she turns him down because she wants to be sure she’s in a hit. Johnnie’s father (Winninger), retired from vaudeville, wants to do his own show. He gets his daughter, Patsy (DeHaven) and also Helen. Johnnie feels betrayed by his father. The film is very loosely based on the Broadway musical Very Warm for May (1939). However, all the songs from the musical except for ""All the Things You Are"" were left out of the film. Some of the songs from the movie are by Jerome Kern and Oscar Hammerstein II:"
wiki-03764,Crash Goes the Hash,"Fuller Bull (Vernon Dent), the head of the ailing Daily News, confronts the reporters he hired for not getting him a story to keep up with a competing newspaper called the Daily Star Press. Fuller Bull catches three shirtmen (the Stooges) outside; thinking they are reporters from the Daily Star Press, he immediately hires them to get a picture of visiting Prince Shaam of Ubeedarn (Dick Curtis). Word has it that Shaam has plans to marry local wealthy socialite Mrs. Van Bustle (Symona Boniface). The trio disguise themselves as servants, and work their way into a party being held at Mrs. Van Bustle's home in the honor of the prince. The Stooges all but sabotage the festivity by serving hors d'œuvres consisting of peas and dog biscuits, along with a turkey stuffed with a live parrot. The prince leaves in disgust, with the butler (Bud Jamison) following close behind. Undaunted, the Stooges manage to expose both the prince and butler as crooks who were planning to rob the house. The next day, the Stooges tells Fuller Bull that a man claiming to be Prince Shaam is not a prince and they had both him and the butler arrested. As a result of their findings, Bull becomes overwhelmed with joy, and tells the people printing the paper to stop the presses for an extra. He gives the boys a large bonus, and Mrs. Van Bustle thanks the boys for preventing her from marrying Shaam."
wiki-03814,Hell-Bent for Election,"The film is an allegorical campaign film, designed to inspire viewers to register and to vote for Franklin D. Roosevelt. The Democratic Party candidate, Roosevelt, is depicted as a modern streamlined steam train engine, the ""Win the War Special"", pulling a high-speed freight train of war materiel, whereas his Republican opponent Thomas E. Dewey is depicted as an old creaky steam train engine, the ""Defeatist Limited"" (numbered 1929 as a nod to the 1929 stock market crash) pulling cars variously representing hot air, high prices, taxes, business as usual (a sleeper car), poor housing for war workers, a hearse wagon for labor legislation, a small two wheel cart with just a few apples inside for unemployment insurance, and finally a caboose named ""Jim Crow."" The conflict in the film centers on Joe, a railroad switch operator who represents the American voting public. He is warned by the station master, Sam (a representation of Uncle Sam), not to fall asleep at the switch as he did in November 1942. Joe must then decide whether to listen to the influence of a cigar smoking gnome-like Dewey supporter and wrecker who tries to make him fall asleep at the switch, or to fight that influence and make sure that the Roosevelt ""Win the War Special"" stays on the track towards Washington. At one point, the phantasmagoric saboteur briefly metamorphosizes into Adolf Hitler whilst trying to beguile Joe into neglecting his duties. After a notable nightmare sequence, in which Joe fights his way through sales taxes (tacks), 'frozen' wages, and rising prices (depicted by a boxcar always increasing in height so that he's never able to climb on to the roof), he pulls the switch to sideline the Defeatist Limited. The train tries to stop by running into reverse, which damages many of its cars, but when he is not able to slow down and hitting the switch which is against him, the train engine and his cars derail and crash, while the ""Win the War Special"" advances down the track toward Washington, full steam ahead. The film ends with a paean to the bountiful post-war world to come; the Win the War Special's caboose is the ""Post War Observation Car"", and constituencies such as Joe Soldier, Joe Farmer, J. Industrialist, Joe Industrialist, Jr., and Joe Worker are shown examining fold-out brochures depicting the benefits of the American post-war world, including the benefits of the GI Bill and Social Security."
wiki-03850,Maisie Goes to Reno,"Overworked World War II riveter Maisie Ravier (Ann Sothern) becomes irritable and starts involuntarily winking at people, so the factory's doctor prescribes a two-week vacation with pay. She runs into her friend and bandleader Tommy Cutter (Chick Chandler), who wants her to sing for two weeks in Reno. When she goes to the bus station, she encounters Sergeant Bill Fullerton (Tom Drake), who is also going to Reno. He wants to stop his wealthy wife, Gloria (Ava Gardner), from divorcing him. When his leave is canceled because his unit is relocating, he begs Maisie to deliver a letter to Gloria in person. In Reno, blackjack dealer ""Flip"" Hennahan (John Hodiak) knows where Gloria is staying and drives Maisie to the isolated resort. However, Maisie is fooled into believing that Gloria's private secretary, ""Wini"" Ashbourne, is Gloria. Wini and Gloria's business manager, Roger Pelham (Paul Cavanagh), want the divorce to go through for their own (never explained) reasons. They get J. E. Clave (Bernard Nedell) to forge another letter to give Gloria the impression that Bill only married her for her money. In between her blossoming romance with Flip, Maisie discovers she has been duped and sets out to get evidence to convince Gloria that she is being manipulated. She obtains a blotter on which Clave practiced his forgery, but Clave finds out and the crooked trio retrieve the evidence and burn it. Meanwhile, the confused Flip starts thinking that Maisie is having a nervous breakdown. When Bill telephones Maisie, she strongly urges him to come to Reno before it is too late. Meanwhile, she enlists love-smitten hotel bellboy Jerry into helping kidnap Gloria. She gets caught, but Flip convinces the police that Maisie is not in her right mind and has her released into his custody. When Bill shows up, however, Maisie rushes off with him to the courthouse, where husband and wife are reunited and everything is sorted out."
wiki-03860,Ministry of Fear,"In wartime England during the Blitz, Stephen Neale (Ray Milland) is released from Lembridge Asylum. While waiting for a train to London, Neale visits a village fête hosted by the Mothers of Free Nations charity. He guesses the weight of a cake for a shilling, apparently failing to guess the cake's true weight, and is urged to go to the palm reader's tent to have his fortune told by Mrs. Bellane (Aminta Dyne), an older woman. He asks her to ignore the past and tell the future, which startles her. She cryptically tells him to take another guess at the weight of the cake at 4 pounds 15½ ounces. Neale does so and wins the prize, the cake itself. Then a young blond man hurries to see Mrs. Bellane. People try to persuade Neale to give the cake to the blond man, but Neale refuses, as his initial guess was closer to the cake's true weight than the blond man's guess, by a few ounces. Neale departs Lembridge with only a blind man (Eustace Wyatt) sharing his compartment. Neale offers him some cake. Neale sees the blind man crumbling his portion. When the train stops during a Luftwaffe air raid, Neale's companion turns out not to be blind after all. He strikes Neale with his cane, steals the cake, and flees, with Neale in pursuit. The man shoots at him, but is killed by a German bomb. Neale finds his revolver and continues on to London. Neale hires private detective George Rennit (Erskine Sanford) to help him investigate the Mothers of Free Nations. Neale meets Willi Hilfe (Carl Esmond) and his sister Carla (Marjorie Reynolds), refugees from Nazi Austria who run the charity. Willi takes him to Mrs. Bellane's London mansion (followed by Rennit). Neale is shocked to discover that this Mrs. Bellane (Hillary Brooke) is a beautiful young medium. She invites them to stay for her séance. Among the other attendees are artist Martha Panteel (Mary Field), psychiatrist Dr. Forrester (Alan Napier), and Mr. Cost (Dan Duryea), the blond man at the fête. After the lights are dimmed, a mysterious voice claims she was poisoned by Stephen, disconcerting Neale. Then a shot rings out – Cost is found shot dead. Neale admits to having the blind man's gun. He flees with Willi's help. Neale goes to Rennit's office, only to find it ransacked. He talks to Carla. An air raid forces the two to shelter in an Underground station, where Neale reveals that he had planned to euthanize his terminally ill wife. He changed his mind, but she committed suicide anyway, using poison he had bought. Due to the circumstances, Neale received a light sentence of two years at the asylum. He confides that he is still unsure if in buying the poison for his wife he had made the right decision. The next morning, Carla hides Neale at a friend's bookstore. Neale spots a book by Forrester, The Psychoanalysis of Nazidom. Carla reveals that Forrester is one of her volunteers as well as a consultant for the Ministry of Home Security. Neale is convinced that Carla's organization is a front for Nazi spies. Carla finds out that almost all the people Neale suspects are charity volunteers, but all recommended by Forrester. She tells Willi about her discovery, and admits that she loves Neale. That afternoon, Neale goes to Panteel's flat, only to find Mrs. Bellane. The two verbally spar. He flees when Panteel returns and begins screaming for the police. Later, Carla tells Neale what she has learned. The bookseller asks the couple to deliver some books in a suitcase since they are leaving. When they arrive at the address, they discover that no one lives there. Suspicious, Neale opens the suitcase. The bomb inside explodes, but Neale's quick reaction saves them both. Neale awakens in the hospital, the prisoner of Scotland Yard Inspector Prentice (Percy Waram). Neale persuades Prentice to search the bombed-out cottage for evidence. About to be taken to jail, at the last minute Neale finds a microfilm of military secrets inside a portion of the cake hidden in a bird's nest. Officials insist that the top secret documents have only been taken out of a safe twice, the second time when Forrester's tailor, a man named Travers, was present. Neale recalls that the empty flat was leased in Travers' name. Prentice and Neale go to the tailor's shop, and find that Travers is Cost. Travers pretends not to recognize Neale, and calls a client about a suit. Then, seeing he is trapped, he commits suicide. When Neale dials the number he saw Travers use, Carla answers. Neale slips away to confront Carla. Willi emerges, armed with a pistol, and admits he is the head of the spy ring. Another copy of the microfilm is sewn into the suit he received from Travers. Carla throws a candlestick, striking her brother's gun hand. The two men struggle, and Carla picks up the gun. When she refuses to hand it over to Willi, he tries to flee, but she shoots him dead. Forrester and several other Nazi agents chase Neale and Carla onto the roof. Inspector Prentice arrives and kills the remaining Nazis. Later, Carla and Neale drive in the country, talking about their wedding. Neale is comically horrified when she mentions planning the ""cake""."
wiki-03876,National Velvet,"National Velvet is the story of a 14-year-old, horse-crazy girl, Velvet Brown (Elizabeth Taylor), who lives in the small town of Sewels in Sussex, England. She wins a spirited gelding in a raffle and decides to train him for the Grand National steeplechase. Velvet is aided by a penniless young drifter named Mi Taylor (Mickey Rooney), who discovered Mrs. Brown's name and address among his late father's effects, though he is unaware of why it was there. Hoping to profit from the association, Mi accepts an invitation to dinner and a night's lodging at the Browns' home, but Mrs. Brown is unwilling to allow Mi to trade on his father's good name and remains vague about their connection. Nevertheless, she convinces her husband (Donald Crisp) to hire Mi over his better judgment, and Mi is brought into the home as a hired hand. It is revealed that Mi's career as a jockey ended in a collision which resulted in another jockey's death. Mi has not held a job since, and now hates horses. Velvet names the horse she won, ""The Pie"", because his previous owner, Mr. Ede, called the troublesome gelding a pirate. Seeing Pie's natural talent, Velvet pleads with Mi to train him for the Grand National. Mi believes it a fool's errand, not because the horse lacks ability, but because they have no way to finance the effort. He makes his case to Mrs. Brown (Anne Revere), but she consents to Velvet's desire to train the horse. To cover the entrance fee and other costs, Mrs. Brown gives Velvet her prize money for swimming the English Channel. Velvet and Mi train the horse and enter him into the race. Mi and Velvet travel to the Grand National. Mi hires a professional jockey, but the night before the race, Velvet senses he lacks faith in the Pie and will lose. Velvet convinces Mi to dismiss the jockey, leaving them without a rider. That night, Mi overcomes his fear of riding and intends to race Pie himself. Instead, he discovers that Velvet has slipped on the jockey silks and intends to ride herself. Knowing the dangers, Mi unsuccessfully attempts to dissuade Velvet, who is determined to ride. As the race unfolds, Velvet and Pie clear all hurdles and win the race. Elated but exhausted, Velvet falls off her mount at the finish. After the track doctor discovers that Velvet is a girl, Velvet and Pie are disqualified. Velvet, who expected to be disqualified, only wanted to prove that Pie is a champion. Velvet becomes a media sensation and is offered large amounts of money to travel to Hollywood and be filmed with Pie. To her father's disappointment, Velvet tearfully refuses the offers, claiming that Pie would dislike being stared at. Velvet says that she raced Pie at the Grand National because he deserved a chance for greatness. Velvet chooses a normal life for her and her horse. At the close of the film, Mi, ready to resume his old life, takes his leave without bidding Velvet goodbye. Before he gets too far, Mrs. Brown gives Velvet permission to reveal her relationship with his father. Velvet gallops off on Pie and find Mi on the road. She tells him that his father was Mrs. Brown's coach as the first woman to swim the English Channel. The film differs from the book in a number of respects. For example, Velvet's horse in the book is a piebald, and thus is given the name ""The Piebald"" or ""The Pie"" for short. In the movie, Pie is a chestnut, and another explanation for his name was given. Velvet, in the book, is a sickly child who is given to great imagination and spirit; her father is stern and given to anger, but the mother is stronger still and stands up to him . Since her days as a swimmer she has become a large woman, and weighs 16 stone—224 pounds (102 kg) at the time of the story, and warns Velvet never to allow herself to be burdened by weight. In the book Mr. and Mrs. Brown also have a 15-year-old daughter named Meredith, in addition to Edwina, Malvolia, Velvet, and Donald. The Meredith character does not appear in the movie."
wiki-03991,Conflict,"On the surface, Richard (Humphrey Bogart) and Kathryn Mason (Rose Hobart) appear to be a happily married couple. But on their fifth wedding anniversary, Kathryn accuses Richard of having fallen in love with her younger sister, Evelyn Turner (Alexis Smith), who is visiting them. He does not deny it, but has resigned himself to leaving things as they are, since Kathryn certainly would not give him a divorce. At a party celebrating the couple's anniversary, hosted by family friend and psychologist Dr. Mark Hamilton (Sydney Greenstreet), Evelyn meets with Mark's handsome young colleague, Professor Norman Holdsworth (Charles Drake). On the way home, Kathryn suggests to Evelyn that their mother is lonely, so Evelyn decides to move back home. Distracted by this unwelcome news, Richard crashes their car and suffers a broken leg. Richard then decides to take desperate action. He pretends to require a wheelchair, even after his leg has healed. His puzzled physician, Dr. Grant (Grant Mitchell), diagnoses the problem as psychological, not physical, and suggests exercise, so a car trip to a mountain resort is arranged. At the last minute, Richard contrives to have to stay home for one night and finish some work. Going on ahead, Kathryn is blocked on a narrow, deserted mountain road by a parked car. Unexpectedly, Richard walks threateningly out of the fog. The audience is left to imagine him killing her. Next he pushes her car down a steep slope; it dislodges some logs which crash down and hide it. He returns home in time to set up an alibi by meeting with employees he had summoned. In their presence he twice phones the resort to be told she has not arrived; he then notifies the police that she is missing. However, things happen to make Richard wonder if Kathryn somehow survived. First, the police find a pickpocket in possession of a cameo ring that Richard and Evelyn identify as Kathryn's; the man admits to stealing it from a woman matching Kathryn's description after her disappearance. Then Richard smells Kathryn's perfume in their bedroom, finds her key to a home safe, and opens it: her wedding ring is inside. Mark suggests Richard and Evelyn join him on a fishing vacation to relieve the strain. Mark also invites Holdsworth, who takes the opportunity to ask Evelyn to marry him. She is undecided. When she tells Richard, he believes her hesitation is because of him. He tells her he loves her, and that she must feel the same about him, but she strongly denies it. (Later realizing his mistake, he encourages Holdsworth to try again.) Then a pawn shop claim ticket is mailed to Richard, addressed in what appears to be his wife's handwriting. At the pawn shop, he finds Kathryn's locket and her signature in the register, but when he returns with the police, the register is different and there is no locket. Finally, he sees a woman on the street who looks and is dressed like his wife. He follows her to an apartment, only to find that it is vacant, with no one inside. Unable to reconcile these occurrences any longer, Richard returns to the crime scene to see once and for all if Kathryn's body is inside the car. But Hamilton and the police are waiting for him. Kathryn's body had been found and removed long before, and now Richard is arrested. Hamilton reveals that he had been onto Richard since Richard's initial interview with the police, as Richard had mentioned that Kathryn was wearing a rose when he last saw her, but Hamilton had given her the rose after she left her house. Since that detail would have been insufficient to secure a conviction, Hamilton and the police then worked together to stage the events that made Richard suspect Kathryn was still alive, hoping he would return to look for her body, and thus prove that he'd known all along what happened to her."
wiki-04013,Escape in the Desert,"The action takes place in the southwestern United States late in World War II. Four POWs from Nazi Germany escape American custody and eventually wind up taking over a small gas station/hotel in the desert. They plan to obtain a fueled-up vehicle and flee the country. A Dutch military pilot traveling through America on his way to fight in the Pacific is mistaken by some locals as one of the Nazis. Eventually, however, he helps lead the resistance against the Germans. The setting, some of the characters and a few plot elements are reminiscent of the 1936 classic ""The Petrified Forest."" But while ""Escape in the Desert"" has occasionally been called a ""remake"" of the earlier film, the two are in essence very different. The two main male characters are nothing like those in ""The Petrified Forest,"" and their conflict is also dissimilar. Critics at the time noticed the superficial resemblance to the earlier film, but described ""Escape"" as basically an action picture, a sort of updated Western with Nazis as the villains."
wiki-04183,Beware,"Ware College is a small Black college in Ware, Ohio. Once prominent, it is now low in attendance, low in enrollment, and low on money. At a meeting with instructors Drury and Annabelle Brown, Dean Hargreaves reveals that CEO Benjamin Ware III, grandson of the college's founder, claims the estate of his late grandfather is now also destitute, which they believe is untrue and a result of Annabelle's having spurned his affections. They decide to appeal to their famous alumni for financial help through a reunion, and invitations are sent. Many could help; but surely not Lucius Jordan, a timid lad who loved Annabelle too but dropped out under pressure from Ware. What they don't know is, he's now Louis Jordan, king of swing and leader of the Tympani Band. By accident, Jordan and his band's train is sidelined in Ware for repairs and when he learns of the college's plight, he agrees to pitch in. Though the stuffy faculty are unaware of his reputation, the kids are, and class attendance soars."
wiki-04216,Deadline at Dawn,"U.S. Navy sailor Alex Winkley (Bill Williams) wakes up from a night of drinking in New York City and finds he has a wad of cash. His memory is hazy, but he knows he got it from a woman he had visited earlier in the evening, Edna Bartelli (Lola Lane). With the help of dance-hall girl June Goffe (Susan Hayward), he attempts to return the money, only to find out that the woman is dead. The sailor is not sure if he is the killer or not. Alex and June, along with a philosophical cabbie (Paul Lukas), stay up all night, attempting to solve the murder mystery before the sailor has to catch a bus to the naval base in Norfolk, Virginia, in the morning. Their deadline is at dawn. During the film, the many false leads and red herrings involve a blind piano player named Sleepy Parsons (Marvin Miller) and a young couple. Bartelli had been in the business of blackmailing men with whom she had had affairs, so many suspects are possible. The woman's brother Val (Joseph Calleia) adds a touch of menace to the plot. The surprise ending resolves all issues, including the relationship between Alex and June."
wiki-04357,"The Time, the Place and the Girl","Steve and Jeff are about to open a nightclub when a man named Martin Drew who represents conductor Ladislaus Cassel claims that Cassel, who is living next door, objects to the club's music and that it disturbs his granddaughter, Victoria, an aspiring opera singer. It turns out that Cassel himself is fine with the club but Vicki's grandmother Lucia is against it. Cassel also urges Vicki not to marry Andrew, her fiance, without being certain. After she meets Steve, she is attracted to him. Steve has a girlfriend, Elaine Winters, who is trying to persuade John Braden, a rich Texan, to finance the club. Elaine is upset about Vicki's presence and threatens to marry Braden. Jeff and his girlfriend, singer Sue Jackson, hope to get a new show off the ground, but both Vicky's grandmother and Steve's girl Elaine keeps interfering. Cassel offers to finance the show provided Vicky can be in it. Lucia is livid until she reluctantly attends the show, at which she is charmed and gives her approval."
wiki-04437,The Devil Thumbs a Ride,"Steve Morgan (Tierney) is a charming sociopath who has just robbed and killed a cinema cashier. Seeking to escape, he hitches a ride to Los Angeles with unsuspecting Jimmy 'Fergie' Ferguson (North). Part way the pair stops at a gas station and picks up two women. Encountering a roadblock, Morgan persuades the party to spend the night at an unoccupied beach house. The police close in as one by one Morgan begins killing the threesome."
wiki-04473,Heaven Only Knows,"Due to an error in Heaven, Adam ""Duke"" Byron, is born without a soul in 1858. The ""Book of Destiny"" shows that he was supposed to marry a minister's daughter in 1885, two years prior to the present, and set a fine moral example. Instead, he is a saloon keeper and gambling hall owner in Glacier, Montana. As it was the fault of his department, Michael is sent to set Duke on the life path for which he was destined, but Michael must do so as a human being, without miracles, not even a small one. Michael encounters Bill Plummer. Plummer and Duke are rival saloon keepers and partners in a mining company, but due to a dispute between them, the mine is closed, leaving many of the townspeople destitute. Plummer has hired the Kansas City Kid, a gunslinger, to kill Duke. When Bill finds out that Duke knows about his plan, he gives Michael a lift into town and as Plummer had hoped, Duke mistakes Michael for the Kid. Duke's henchman, Treason, takes a shot at Michael, narrowly missing a young girl. Furious, parson's daughter and schoolmarm Drusilla Wainwright goes into the ""Copper Queen"", Duke's saloon, and slaps him. Drusilla and most of the other residents want to take the law into their own hands to take back their town, but Sheriff Matt Bodine talks them into waiting until Plummer and Duke's men kill each other first. Michael accidentally foils the Kid's attempt to shoot Duke. Duke is convinced he has switched sides, but when he learns that the now-dead would-be assassin is actually the Kansas City Kid, he believes that Michael is a smart, ambitious outlaw, so he hires him. Ginger, Duke's girlfriend and showgirl, takes a great liking to Michael, but Treason hates him on sight. Plummer sets fire to Duke's saloon, trapping him inside, with Plummer's men waiting for him to come out. Duke's secret passageway is locked from the outside, but Michael opens it and rescues him. They take refuge in the school. While they wait for darkness, they start talking to Drusilla. Duke admits that he feels that he is ""meant for something ... something big, something important"", not what he is doing now, but he does not know what it is. Before he leaves, Duke kisses Drusilla; she resists at first, but not for long. In retaliation, Treason sets fire to Plummer's saloon, but a sickly child Duke likes, Speck O'Donnell, is trapped inside. Michael goes in after him, and Duke follows. Duke sends Michael out, then rescues Speck. Sheriff Bodine maneuvers Duke and Plummer into a showdown for sole ownership of the mine. Duke accepts the challenge, even though he is at a great disadvantage against skilled gunman Plummer. Duke is wounded, but Plummer is blinded by sunlight, perhaps by divine intervention, and Duke manages to kill him with his last shot. With Plummer dead, vigilantes plot to lynch Duke. Drusilla persuades Duke to flee rather than shoot it out, but he insists he will only go if she comes with him. She agrees. Once they are safely away, however, she refuses to marry him and returns to town. Thwarted, the mob decide to lynch Michael instead. At the last minute, Duke rides back to save Mike's life and reform. Mike rides off on a special coach to Heaven, taking Speck with him. Speck's tearful mother somehow knows her child's fate."
wiki-04510,Love from a Stranger,A woman fears her new husband will kill her.
wiki-04528,Out of the Blue,"Arthur Earthleigh (George Brent) lives in an apartment in Greenwich Village where he is dominated by his wife Mae (Carole Landis) and annoyed by Rabelais, the German Shepherd owned by his neighbour, artist and swinging bachelor David (Turhan Bey). David has a constant parade of attractive women visiting his apartment to pose for him. He currently is being visited by Deborah (Virginia Mayo) who wants David's champion Rabelais to breed with her dog. When his wife goes off to visit her sister, Arthur visits a bar where he's picked up by interior decorator Olive (Ann Dvorak) who comes home with him. Olive has a taste for brandy that she insists alleviates her heart condition but makes her tipsy. Arthur orders the reluctant Olive to leave, but Olive enters the guest room unbeknownst to Arthur. Waking up the next day Arthur discovers Olive has not only spent the night but redecorated the room. In attempting to get her to leave he knocks Olive down to the floor where he thinks she has died. The film has Olive's 'body' moved about by David who uses Arthur's fear of having killed Olive to blackmail him into changing his mind about having a court order ordering David to get rid of his dog. Meanwhile, a serial killer is stalking the Village with two elderly snoopers (Elizabeth Patterson and Julia Dean) believing Olive is his victim. Adding to Arthur's troubles is his wife returning."
wiki-04555,The Sin of Harold Diddlebock,"In 1923, Tate College freshman Harold Diddlebock (Harold Lloyd) is brought into his college's football team where he scores the winning touchdown (as told in the silent feature film The Freshman). The mild-mannered Harold is quickly offered a job by the pompous advertising tycoon J.E. Waggleberry (Raymond Walburn). After completing his college studies a few months later, Harold meets with Mr. Waggleberry at his advertising office for the job offer. Although Harold dreams of becoming an ""ideas man,"" Waggleberry assigns him to a lowly position in the bookkeeping department. Jumping forward 22 years later to the year 1945, the now middle-aged Harold, who has been stuck in his dull, dead-end book-keeping job, is let go by Waggleberry for incompetency and lack of ambition. He is given an 18 karat Swiss watch that is 'properly inscribed ""with gratitude and love and kisses for 20 years devoted services""' and a check for $2,946.12, the remains of his company investment plan. He bids farewell to Miss Otis (Frances Ramsden), a young woman who works at an artist's desk down the aisle, giving her the paid-for engagement ring that he had, having planned to marry each of her six older sisters (Hortense, Irma, Harriet, Margie, Claire, and Rosemary) when they had worked there before her. He wanders out, aimlessly through the streets, his life's savings in his trouser pocket. While looking through the newspaper want ads for another job, Harold is approached by Wormy (Jimmy Conlin), a local con artist, petty gambler, and racetrack tout, who asks Harold for some money so he can place a bet. Seeing the large amount of cash that Harold has, and hoping to get him drunk enough to acquire some of the cash, Wormy takes the depressed and unemployed Harold to a local bar for a drink. When Harold tells the bartender, Jake (Edgar Kennedy), that he has never had a drink in his life, the barkeep creates a potent cocktail he calls ""The Diddlebock"", one sip of which is enough to release Harold from all his inhibitions. The effects of the alcohol causes Harold to yowl uncontrollably. Gazing at himself in the bar mirror, Harold suddenly declares himself a loser and races out to remake himself. Soon Harold is getting his hair cut and his nails manicured at a local tailor shop and salon, and is trying on a gaudy plaid suit supplied by tailor Formfit Franklin (Franklin Pangborn). In the midst of his transformation, Harold overhears Wormy talking with his bookie Max (Lionel Stander), and impulsively bets $1,000 of his money on a 15-to-one long shot horse named Emmaline. To everyone's surprise, Emmaline wins, and the now-rich Harold, with $15,000 in his pockets, begins to celebrate all around town on a day-and-a-half binge of spending, gambling, and carousing. A few days later, Harold wakes up on the sofa inside the house of his widowed sister Flora (Margaret Hamilton) where she chastises him for his wild, irresponsible behavior. He finds that he has a hangover, but he also has a garish new wardrobe and a ten-gallon cowboy hat. Unable to remember much about his drunken binge, particularly about what he did on Wednesday which is a total blank, Harold wanders outside to return the plaid suit where he is surprised to learn that he now owns a hansom horse-drawn cab complete with an English driver named Thomas (Robert Greig). A worried Wormy then rushes up and informs Harold that, with winnings from a second bet, Harold also bought a bankrupt circus. After a meeting with the animal handlers and circus freaks, Harold first seeks help from the Kitt-Poo Home for Cats to feed the circus' starving lions and tigers. Seeing no future with the ownership of the circus, Harold then gets the idea to sell the circus to a Wall Street banker. Harold and Wormy visit the circus-loving Wall Street banker Lynn Sargent (Rudy Vallee) to ask him to purchase their circus, but he turns them down because he is trying to unload his own bankrupt circus. When the rest of the town's bankers follow suit, Harold comes up with an idea. To get past the bank guards, Harold dresses up in his plaid suit and brings along Jackie, a tame circus lion, who incites panic. Carrying a filled Thermos, Wormy gives shot drinks of the potent ""Diddlebock"" cocktail to each of the bankers they visit so their inhibitions will fade and convince them to put in bids for ownership of the circus. Things take a turn for the worse when the lion gets loose, in which Harold, Wormy, and the lion end up on the ledge of a skyscraper, but narrowly avoid plunging to certain death. According to Harold's plan, the three (Harold, Wormy, and Jackie the Lion) are arrested and thrown in jail. Miss Otis bails them out the following day, and they find that the publicity has attracted a mob of bankers at the jail who want to buy the circus – but Ringling Brothers outbids them. Harold celebrates with another ""Diddlebock"", and again has another relapse. In the final scene, Harold wakes up another day or two later in the horse-drawn cab with Miss Otis where he learns that he received $175,000 for the sale of the circus, he is now an executive at Waggleberry's advertising agency, and that he and Miss Otis are married. Reassuring Harold that she truly loves him, Miss Otis gives him a big kiss, and Harold finally remembers what he was doing all day on Wednesday. The final shot shows Wormy tagging along with them by riding on the back bumper of the cab.[3][4]"
wiki-04578,The Unfinished Dance,"Aspiring ballerina Meg Merlin idolizes the head of her dance school, Ariane Bouchet, so much so that she often neglects her own studies just to watch Ariane dance. Only the intervention of kindly Mr. Paternos keeps her from being expelled. When she hears that the ""first lady of ballet,"" Lady Anna La Darina, is coming to the school, Meg is livid at Ariane being upstaged. She sets out to sabotage Anna's stay, beginning with mischief like turning off the lights in the middle of a session. Meg is so obsessed in her quest, she even strikes dance student Phyllis Brigham when she dares prefer Anna's talent to Ariane's, earning a formal reprimand. During a performance of ""Swan Lake,"" intending to switch off the lights again, Meg accidentally pulls the lever instead on a trap door. Anna plummets and seriously injures her spine. Phyllis and friend Josie have a hunch who's responsible, so Meg is blackmailed by them. Worse yet, she discovers that Ariane is actually arrogantly self-involved, whereas Anna is generous and kind, coming back to the school to advise the students as best she can. When she learns the truth, Anna even forgives Meg, who now has a new idol."
wiki-04663,Good Sam,"Sam Clayton is too good for his own good. A sermon by Rev. Daniels persuades him to help others in every way he can, including his wife Lu's good-for-nothing brother, Claude, who's been living with them rent-free for six months, and their neighbors the Butlers, who need a car for a vacation when theirs breaks down. Sam is a department store manager whose boss, H.C. Borden, wants him to sell more and socialize less. Sam's a shoulder for clerk Shirley Mae to cry on when her romance breaks up. He also gives a $5,000 loan, without his wife's knowledge, to Mr. and Mrs. Adams, who need it to save a gas station they bought. Lu is fed up with Sam's generosity, particularly when he ends up paying for the Butlers' car repairs, then letting the mechanic come over for home-cooked meals. The last straw for Lu comes when she learns they have a chance to put a down payment on a new house, except Sam has lent their nest egg to the Adamses. Sam is unhappy, too. He's annoyed with the Butlers, who have crashed his car and can't pay to fix it. He also wants Claude to move out. Shirley Mae's troubles come to his door after she takes too many pills. Sam even gets robbed, and the bank refuses to make him a loan. He is at his wit's end when the Adamses surprise him with a check for $6,000. They also give Claude a job, and Shirley Mae suddenly thinks she and Claude could have a future together. Sam and Lu feel better about life, particularly when Borden surprises him with a promotion at work."
wiki-04672,Heart of Virginia,"Racehorse owner Whit Galtry wants his horse Virginia's Pride to win so he can buy a new automobile for his daughter Virginia. He pressures jockey Jimmy Easter to do whatever it takes to finish first, but Jimmy inadvertently causes an accident that results in the death of another horse's rider. A distraught Jimmy quits racing. Virginia's horse interests wealthy stable owner Dan Lockwood, who soon demonstrates an interest in her as well. Jimmy reluctantly trains and rides the horse, but when Virginia's Pride is injured, her father beats Jimmy with a whip. Dan seems to lose interest in Virginia when her horse is hurt, but ultimately both the horse and the romance are successful."
wiki-04699,The Kissing Bandit,"The film is set in the early nineteenth century. Ricardo (Frank Sinatra) is the son of a robber known as the Kissing Bandit. He however is a shy, Boston-bred young man who does not know how to sit on a horse. He falls for the daughter of the Spanish Governor of California."
wiki-04774,So Evil My Love,"Onboard a ship traveling to Liverpool, England from the West Indies, Anglican missionary's widow Olivia Harwood (Ann Todd) is prevailed on to help nurse malarial patients on the lower decks. There she meets the suavely handsome Mark Bellis (Ray Milland), who has been taken ill. Despite Mark's vagueness about his life and past, the couple strike up a friendship. Fully recovered by the time the ship docks, Mark persuades Olivia to allow him to take up residence in the lodging house she has inherited from her late husband. He proceeds to work a smooth line of seduction on her, while still finding time to also use his charms on the more worldly and vulgar Kitty (Moira Lister). Mark's past as an art thief and forger is revealed as he reunites with former partner-in-crime Edgar Bellamy (Raymond Lovell) and the two plan a daring art heist. Things go awry, and they are forced into a rooftop flight, narrowly avoiding police bullets. Returning to Olivia, he tells her he intends to leave London to try to make good elsewhere. However, she has now fallen under his romantic spell and is prepared to do anything to keep him with her. The couple are in dire need of money, and Olivia is persuaded to insinuate herself into the home of her wealthy former schoolfriend Susan Courtney (Fitzgerald) and her older husband Henry (Raymond Huntley). She finds Susan in a state of neurosis and barely suppressed hysteria, worn down by the criticisms of the cold and sneering Henry, who agrees to employ her as Susan's live-in companion. Under Mark's urging, she immediately begins to pilfer stocks and bonds and small valuables from the Courtney household, passing them on to Mark to turn into cash. Mark meanwhile has discovered an old bundle of letters from Susan to Olivia, containing youthfully indiscreet descriptions of romantic dalliances and questionable moral conduct. Realising that making public the contents of the letters would ruin the Courtneys' social reputation, he believes that he has hit the financial jackpot. As low as she has already sunk under his influence however, Olivia finds the notion of blackmail repugnant and a step too far down the road of criminality. She flees from the Courtneys and looks into the possibility of a return to overseas missionary work, only to find that a lone woman is not wanted. She finds herself sheltering in a gloomy church, where Mark somehow manages to track her down. In despair, she falls for his blandishments and submits herself again to his control and instructions, blackmail and all. Olivia returns to the Courtney household and sets in motion the blackmail plan, while Mark continues to dally with Kitty and gifts her a locket which was given to him by Olivia. Unknown to Olivia or Susan, Henry has become exasperated by Susan's apparent inability to produce the heir he craves, and is plotting to have her committed to a distant mental asylum. He has also employed a private detective (Leo G. Carroll), who has managed to trace the missing stocks and bonds back to Mark and has built up a dossier of his criminal past. Henry locks the horrified Susan in her room to await the arrival of the sanatorium doctors and orders Olivia out of the house. At Mark's behest, she returns to step up the blackmail threat, but is countered by Henry confronting her with the information he has on Mark, which would be more than enough to hang him. A struggle ensues, and Henry collapses with a life-threatening heart attack. Olivia releases Susan and tricks her into giving her husband a dose of medicine laced with poison. Henry succumbs, the police are summoned and the hopelessly confused and incoherent Susan makes what sounds like a confession to murder. She is taken away to prison to face the prospect of the gallows. Mark announces his intention to take Olivia away with him to a new life in America, beyond the reach of British prosecution. Olivia however is conscience-stricken about Susan, and matters take a fatal turn when she runs into Kitty, wearing the incriminating locket. All her illusions about Mark's love for her suddenly shattered, she finally realises that she has all along been no more than a willing pawn in his game. Keeping her own counsel, she waits until the opportunity arises in a hansom cab to take her ultimate revenge by fatally stabbing Mark. The film ends with Olivia entering a police station to turn herself in."
wiki-04822,You Were Meant for Me,"Chuck Arnold (Dan Dailey) is a bandleader during the 1920s. He meets hometown girl Peggy Mayhew (Jeanne Crain), a flapper script girl, at one of the band's presentations, and the next day, they get married. Though she loves him, life on the road becomes increasingly difficult for her, and eventually, with the rise of the Great Depression, in 1929, she tires of it, and returns to her country home. Unable to find new bookings, he soon joins her, and brings with him Oscar Hoffman (Oscar Levant) his acerbic, cynical manager. The bandleader finds the pastoral life a crashing bore, and so, he heads for the big city to find fortune. Fortunately, this time, he succeeds, and happiness is the result.[4]"
wiki-04962,"Oh, You Beautiful Doll","The film is a fictionalized biography of Fred Fisher, a German-born American writer of Tin Pan Alley songs. Tin Pan Alley promoter (Mark Stevens) turns serious composer Fred Breitenbach (S.Z. Sakall) into songwriter Fred Fisher. Fred Fisher is his assumed name in real life and Breitenbach is his birth surname. In the film, many Fisher songs were given a symphonic arrangement that was performed at Aeolian Hall. Among the Fisher songs heard were:"
wiki-05186,No Way Out,"Dr. Luther Brooks (Sidney Poitier), an intern who has just passed the state board examination to qualify for his license to practice, is the first African-American doctor at the urban county hospital at which he trained. Because he lacks self-confidence, Brooks requests to work as a junior resident at the hospital for another year. Johnny (Dick Paxton) and Ray Biddle (Richard Widmark), brothers who were both shot in the leg by a policeman as they attempted a robbery, are brought to the hospital's prison ward. As Luther tends to the disoriented Johnny, he is bombarded with racist slurs by Ray, who grew up in Beaver Canal, the white working class section of the city. Believing that Johnny has a brain tumor, Luther administers a spinal tap, but Johnny dies during the procedure. Wondering if Ray's antagonism may have caused him to be careless, Luther consults his mentor, chief medical resident Dr. Daniel Wharton (Stephen McNally), and Wharton concedes that a brain tumor was only one possibility. Feeling that he must prove the accuracy of his diagnosis, Luther requests an autopsy, but Wharton informs him that according to state law, they cannot proceed without the permission of the deceased's family. When Ray refuses, as he does not want his brother's body to be cut up, Wharton confers with the head of the hospital, Dr. Sam Moreland (Stanley Ridges), about requisitioning an autopsy. Moreland, aware that a scandal over the black doctor's actions could endanger funding, denies the request in the hope that the incident will be forgotten. Upon learning from police records that Johnny was married, Wharton and Luther visit his widow, Edie Johnson (Linda Darnell), who tells the doctors that she divorced Johnny a year and a half ago, and that she hates his whole family. Although she does not reveal it to Wharton, his sympathetic attitude persuades her to visit Ray to ask about the autopsy. Ray tells her, however, that Johnny would be alive if he had had a white doctor, and that Wharton wants to have the autopsy to cover up the truth about Luther's actions. Edie's racist feelings are revived by Ray, with whom she had committed adultery, and he convinces her that Wharton played her for a ""chump"", and that she can make up for her past infidelity to Johnny by contacting Beaver Canal club owner Rocky Miller (Bert Freed) and telling him about Johnny's death. Accompanied by Ray's other brother George (Harry Bellaver), who is deaf, Edie goes to the club, where Rocky and his pals lay plans to attack the black section of town, which they call ""Niggertown"". Although Edie desperately wishes to leave, Rocky forces her to stay. Meanwhile, Luther arrives at the hospital and learns about the upcoming attack from Lefty Jones (Dots Johnson), a black elevator operator. Luther tries to dissuade Lefty from organizing a counterattack, but Lefty reminds him of a race riot that occurred while Luther was away at school, during which Lefty and his sister were beaten. Luther then contacts Alderman Tompkins to try to avert the riot, while Lefty and a large group of blacks, including Luther's brother-in-law John (Ossie Davis, uncredited), meet and plan their strategy. Edie watches in disgust as the whites prepare their weapons, but leaves before the blacks surprise the whites by attacking first. As victims of the riots are brought in to the hospital, Wharton is called in from home. Before he departs, however, a drunken and disheartened Edie arrives at his house, and Wharton leaves her in the care of his black maid, Gladys (Amanda Randolph). Although Edie fears that Gladys will harm her because of her connection to the riot, Gladys tenderly cares for her when she collapses. At the hospital, Luther tends to the victims until a white woman orders him to take his ""black hands"" off her son. Stunned, Luther walks out, and the next morning, after Wharton returns home to find Edie chatting with Gladys, Luther's wife Cora (Mildred Joanne Smith) arrives and announces that Luther has given himself up to the police for the murder of Johnny Biddle. Cora relates that after he left the hospital, Luther realized that the coroner would be forced to conduct an autopsy if he were charged with murder. Wharton assures Cora that he will stand by Luther, and after he leaves with Edie, Cora's stoic demeanor in front of the whites crumbles and she cries in Gladys' arms. Following the autopsy, the coroner confirms that Johnny died of a brain tumor and that Luther was justified in performing the spinal tap. Wharton, Cora and Edie are pleased that Luther has been exonerated, but Ray insists that the doctors are conspiring to bury the truth. Luther leaves with Cora, following by Edie, who denounces Ray before she departs. After overhearing Wharton tell the coroner that he is leaving town for a much-needed rest, Ray and George overpower the police guard and escape. When Edie returns to her apartment, she finds Ray and George waiting, and Ray, whose leg is bleeding profusely, beats Edie to make her call Luther and tell him to meet Wharton at his house. Drunk and in shock, Ray raves that he is going to kill Luther, then leaves Edie with George. By turning up the volume on her radio, which George does not notice, Edie prompts her neighbors to break down her door, then escapes and calls the hospital prison ward for help. Meanwhile, when Luther enters Wharton's house, Ray holds a gun on him, beats him and shouts racist slurs. Edie arrives and tries to stop Ray from killing Luther, but Ray's physical pain and obsessive hatred have pushed him beyond reason. Edie turns out the lights as Ray shoots at Luther, and although Luther is wounded in the shoulder, he retrieves Ray's gun as he collapses in pain. Edie coldly tells Luther to let Ray's leg bleed, but Luther asserts that he cannot kill Ray simply because of his racism, then uses the gun and Edie's scarf to fashion a tourniquet. As a siren announces the arrival of the police, Luther tells the hysterical Ray, ""Don't cry, white boy, you're gonna live."""
wiki-05189,Our Very Own,"Los Angeles teenager Gail Macaulay is going steady with deliveryman Chuck, a relationship that sparks jeaolusy in her younger sister Joan. When Joan needs her birth certificate in order to obtain summer employment, her mother Lois tells her to look in a box in her dresser, where the girl discovers Gail's adoption papers. That evening, at Gail's 18th birthday party, Joan flirts with Chuck, and when her angry sister confronts her, Joan reveals the truth about her background. The following morning, Lois tells Gail her biological father was killed in an accident before she was born, but her mother, Gert Lynch, is alive. Gail persuades Lois to have their lawyer arrange a meeting with her birth mother, but Lois decides to visit Gert in her Long Beach home first. Gert is thrilled to see photographs of Gail but is loath to let her second husband Jim know she has a child, so Lois arranges a meeting the following evening, when Jim will be out. After Gail and her friend Zaza depart for Gert's home, Lois receives a panicked phone call from the woman telling her Jim canceled his plans and is staying home to play cards with friends. Gert waits for the girls outside her house, but before they arrive Jim asks her to prepare refreshments. When Gail enters the house, Gert introduces her as the daughter of an old friend. Gert quietly explains the situation to Gail and apologizes for the mixup. Gail returns to the car and tells Zaza the reunion went well, then asks if she can spend the night at her house. Chuck, who had arrived at the Macaulay home just before Gail left for the ill-fated reunion with Gert, has spent the worried night with Gail's parents after having the situation explained to him. When Gail fails to return home, Gail's parents begin to worry and Chuck goes to Zaza's house and reproaches Gail for hurting the people who raised her and loved her as their own. This idea of family as ""the people who are there for you"" is reinforced when Gail learns that Zaza's father will not be attending their high school graduation ceremony, having chosen to attend an out-of-town party instead. At the graduation ceremony, Gail imbues her valedictory speech about citizenship with a loving message about the true meaning of family, to the delight of her parents, sisters, and Chuck."
wiki-05255,Three Hams on Rye,"The Stooges are stage hands who also have small parts in the production of ""The Bride Wore Spurs."" They quickly get on the bad side of their producer, B. K. Doaks (Emil Sitka), who has had his last several plays panned by famous critic Nick Barker (Ned Glass) and wants to put on a good show with what he has. In order to prevent Barker from getting in to see the play, he commissions the boys to stop him from sneaking in, which they fail to do as a result of their confusing disguises (they end up attacking each other and B.K.). B.K. reprimands the Stooges and demands they get the props ready for the final act (a cake and a salad), but Moe is reminded that he forgot to go shopping for them. It is also late at night and the stores are closed, so the Stooges have to whip up a cake and salad for the act to appease B.K. and save the show. However, as the cake is being prepared, Shemp accidentally tosses a pot holder onto a cake pan, resulting in Moe unintentionally adding it into the cake. As the final scene commences, the Stooges and a number of other bit actors, as Southern Gentlemen, all propose to ""Janie Belle"" (Christine McIntyre) at once, and she proposes a contest; whoever eats the most of her cake gets her hand in marriage. However, the cake is difficult to eat as a result of the pot holder, and after ingesting their pieces, all the actors begin coughing up feathers, causing all in attendance to start laughing uproariously. B.K. is mortified and cues the curtain down, and as the Stooges drink copious amounts of punch to quell the feathers in their mouths, B.K. tears into them. However, in a reversal of fortunes, Barker thinks the play is a hilarious satire and commends the Stooges' performance before asking to see B.K.'s next work. B.K. then claims that the next work will star the Stooges as the main roles, and the boys finally get a break."
wiki-05276,What's Up Doc?,"The story begins when Bugs, while relaxing by his pool, gets a call from the ""Disassociated Press,"" stating that the public demands his life story. Over the phone, Bugs then proceeds to recount his rise to fame. Bugs relates that, while in the nursery immediately after he was born, he comes to the startling realization that he was ""a rabbit in a human world."" By the time he begins to walk, he shows an impressive talent for entertainment by successfully playing the ""Hungarian Rhapsody No. 2"" on his toy piano. Some years later, he takes ballet academically and becomes the star pupil. After graduation, Bugs begins to pursue a professional career as a Broadway star (throwing out the script to Life with Father proclaiming it would never be a hit), but only manages to be a chorus boy in three productions: Girl of the Golden Vest, Wearing of the Grin, and Rosie's Cheeks. In all of the shows, he and the chorus sing the same song - ""Oh! We're the boys of the chorus. We hope you like our show. We know you're rootin' for us. But, now we have to go."" After a performance, he is approached by a producer of an unnamed show. The show's star has become ill, and the producer wants Bugs to take his place. He agrees, but the audience is unimpressed by his performance and he is hooked off stage. Angered at the prospect of resuming work as a chorus boy, Bugs quits show business until he's offered the ""right part."" That winter, Bugs confines himself to a bench in Central Park. Along with him are a few other out of work actors that appear as caricatures of Al Jolson, Jack Benny, Eddie Cantor, and Bing Crosby. One night Elmer Fudd, while passing through, recognizes Bugs and offers him a role as his sidekick in his vaudeville act. Bugs accepts, and the two embark on a nationwide tour. The act consists of Elmer telling a joke to Bugs and physically delivering the punchline. After several performances, Bugs tires of the act, and decides to change the routine. So when Elmer sets up the joke, Bugs delivers the punchline, just as physically as Elmer had, and dances off-stage. Elmer is infuriated and, pointing his rifle at Bugs, backs the rabbit back onstage. Bugs then nervously delivers his famous line: ""What's up, doc?"" The audience cheers at this, to the surprise of the two; Bugs suggests they may have a new gimmick for the act and says, ""Let's do it again."" They do, and receive the same positive audience response. Afterward, fan mail and offers pour in, and the two of them attract the attention of Warner Bros. Elmer and Bugs pass a screen test in which they perform the title musical number, and the studio signs them on as film stars. The story reverts to the present day. Bugs looks at his watch and notices that he is late to the set to begin filming his first role, in a film that was written with him in mind. At the filming, it is revealed that the part is chorus boy yet again, much to Bugs' obvious chagrin."
wiki-05398,I Want You,"In the ""early summer of 1950"", Martin Greer owns a small construction company. An Army combat engineer for four years during World War II, he and wife Nancy have two young children. Employee George Kress asks Martin to write a letter to the Selective Service System stating that his son, George Jr., is ""indispensable"" for their company and thus exempt from the draft. Martin refuses, and George Jr. joins the Army as the Korean War begins. Martin's younger brother Jack is in love with college student Carrie Turner, daughter of a judge who is on the local draft board. Despite a trick knee he is drafted; Jack suspects that her father, who opposes their relationship, is the reason. Jack and Martin's mother, who lost a son during the last war, asks Martin to write an ""indispensable"" letter for his brother; he seriously considers it but does not do so, and Nancy criticizes Jack for his reluctance to serve. Jack joins the Army, where he briefly sees George Jr. before the latter goes to Korea. The Army reports that George Jr. is missing in action, and his father drunkenly blames Martin. Martin's former superior, who has rejoined the military, asks Martin to join him; although eligible for exemptions, he agrees. Jack and Carrie marry during a furlough before he also goes overseas."
wiki-05639,High Noon,"In Hadleyville, a small town in New Mexico Territory, Marshal Will Kane (Cooper), newly married to Amy Fowler (Grace Kelly), is preparing to retire. The happy couple are departing for a new life, raising a family and running a store in another town; but word arrives that Frank Miller (Ian MacDonald), a vicious outlaw whom Kane sent to jail, has been released, and is arriving on the noon train. Miller's gang—his younger brother Ben (Sheb Wooley), Jack Colby (Lee Van Cleef), and Jim Pierce (Robert J. Wilke)—await his arrival at the train station; it is clear that Miller intends to exact revenge. For Amy, a devout Quaker and pacifist, the solution is simple—leave town before Miller arrives; but Kane's sense of duty and honor is strong. ""They're making me run,"" he tells her. ""I've never run from anybody before."" Besides, he says, Miller and his gang will hunt him down anyway. Amy gives Kane an ultimatum: She is leaving on the noon train, with or without him. While waiting at the hotel for the train, she meets Helen Ramírez (Katy Jurado), who was once Miller's lover, and then Kane's, and is leaving as well. Amy understands why Helen is fleeing, but the reverse is not true: Helen tells Amy that if Kane were her man, she would not abandon him in his hour of need. Kane's efforts to round up a posse at the tavern, and then the church, are met with fear and hostility. Some townspeople, worried that a gunfight would damage the town's reputation, urge Kane to avoid the confrontation entirely. Others are Miller's friends, and resent that Kane cleaned up the town in the first place. Kane's young deputy Harvey Pell (Lloyd Bridges), who is bitter that Kane did not recommend him as his successor, says he will stand with Kane only if Kane goes to the city fathers and ""puts the word in"" for him. Kane rejects the quid pro quo, and Pell turns in his badge. Kane visits a series of old friends and allies, but none can (or will) help: His predecessor, Marshal Howe (Lon Chaney Jr.) is old and arthritic; Judge Percy Mettrick (Otto Kruger), who sentenced Miller, flees on horseback, and urges Kane to do the same; townsman Herb Baker (James Millican) agrees to be deputized, but backs out when he realizes he is the only volunteer; Sam Fuller (Harry Morgan) hides in his house, sending his wife (Eve McVeagh) to the door to tell Kane he isn't home. Kane writes out his will as the clock in his office ticks toward high noon. At the stables, Pell saddles a horse and tries to persuade Kane to mount it and leave town. Their conversation becomes an argument, and then a fist fight. Kane finally knocks his former deputy senseless, then goes into the street to face Miller and his gang alone. The outlaws approach and the gunfight begins. Kane guns down Ben Miller and Colby, but is wounded in the process. As the train is about to leave the station, Amy hears the gunfire, leaps off, and runs back to town. Choosing her husband's life over her religious beliefs, she picks up Ben Miller's gun and shoots Pierce from behind, leaving only Frank Miller, who grabs Amy as a shield to force Kane into the open. Amy claws Miller's face and he pushes her to the ground, giving Kane a clear shot, and he shoots Miller dead. Kane helps his bride to her feet and they embrace. As the townspeople emerge and cluster around him, Kane surveys them with bitter contempt, wordlessly throws his marshal's star in the dirt, and departs with Amy on their wagon."
wiki-05724,The Rose Bowl Story,"Qualifying to play in the illustrious Rose Bowl football game on New Year's Day, a Midwestern college's quarterback, Steve Davis, isn't as happy as he should be because playing football doesn't excite him, but his teammate Bronc Buttram is thrilled. Their coach, Jim Hadley, is equally pleased because his ill wife has gone to warmer Glendale, California for her health, so he will now be able to spend more time with her. Steve perks up in Pasadena while meeting the Rose Bowl's committee and particularly the tournament's queen, Denny Burke, a beauty in a fur coat. Steve believes she's wealthy as well as beautiful and manages to get her telephone number. He can't get through, however, because Denny's younger sister Sally is always tying up the phone. Finding her house, Steve learns she's a middle-class girl whose dad, ""Iron Mike"" Burke, once played in a Rose Bowl game himself. Denny takes exception to Steve's disappointment that she's not rich and to his blasé attitude toward the Rose Bowl, a tradition her family loves. The self-involved Steve develops a guilty conscience. Agreeing to spend New Year's Eve with her family, Steve stands up Denny because he's at the hospital, where Coach Hadley's wife has taken a turn for the worse. He gets busy signals phoning because Sally's hogging it again. Next morning, Bronc explains to Denny and she is relieved. At the game, the coach announces his wife's going to be all right. Steve leads the team to victory, unselfishly letting Bronc score the winning touchdown. He and Denny are in love and plan to marry."
wiki-05987,South Sea Woman,"U.S. Marine Master Gunnery Sergeant James O'Hearn (Burt Lancaster) is being tried at the San Diego Marine base for desertion, theft, scandalous conduct and destruction of property in time of war. He refuses to testify or plead guilty or not guilty to the charges. The film alternates between flashbacks and the courtroom, as witnesses give their testimony. Showgirl Ginger Martin (Virginia Mayo) takes the stand against his protest. Ginger tells how she, broke and stranded, met O'Hearn and his friend, Marine Private First Class Davy White (Chuck Connors), of the 4th Marines in Shanghai two weeks before the attack on Pearl Harbor. With war looming, the 4th Marines are ordered out of China. White slips away to propose marriage so that Ginger can be evacuated from China (at government expense) as his wife. O'Hearn tracks him down at the nightclub where Ginger works. When the club's manager objects to Ginger quitting, a brawl breaks out. The trio escape aboard a small motor boat. When the two men start fighting, Ginger tries to help White and accidentally disables the boat. They drift out to sea and are picked up by a passing junk. Once again, the Marines quarrel over White's future. This time, they accidentally set the sail on fire. They have to chop down the mast in order to save the ship. As a result, they are put ashore on the Vichy French island of Namou. To avoid being jailed, the Marines persuade pro-Axis Governor Pierre Marchand (Leon Askin) that they are deserters. They are quartered in a hotel/brothel run by Lillie Duval and her three ""nieces"". O'Hearn is delighted to make their acquaintance, to Ginger's annoyance. When a supposedly Dutch yacht calls at the island, O'Hearn tries to book passage, but the captain, Van Dorck (Rudolph Anders), refuses to take the risk. O'Hearn discovers that Van Dorck is actually a Nazi setting up radar stations on the islands around Guadalcanal, and plots to seize the ship with the help of expatriates like ex-U.S. Navy sailor ""Jimmylegs"" Donovan (Arthur Shields) and fugitive bank embezzler Smith, and Free French liberated from the prison. White refuses to join and says he is deserting and intends to remain on the island with Ginger. This causes Ginger to have second thoughts about their relationship. O'Hearn forces White on board the yacht at gunpoint. Back in the courtroom, O'Hearn breaks his silence in order to exonerate White. When Van Dorck and a search party find him, O'Hearn manages to kill them all. He and his men then overthrow the governor and load the island's armory on the ship, intending to join the fighting at Guadalcanal. Ginger slips aboard as a patriotic stowaway. They stumble upon a group of Japanese landing craft escorted by a destroyer. O'Hearn engages the Japanese in a fierce battle. When the destroyer tries to ram the yacht, White jumps aboard and climbs its smokestack. He throws in explosives, blowing up the destroyer at the cost of his own life. Only O'Hearn and Ginger survive; the rest of the crew die heroically. The court martial exonerates O'Hearn and recommends White for a posthumous Medal of Honor. O'Hearn and Ginger then admit they love each other."
wiki-06008,Titanic,"At the last minute, a wealthy American expatriate in Europe, Richard Sturges (Clifton Webb), buys a steerage-class ticket (the lowest class) for the maiden voyage of the RMS Titanic from a Basque immigrant. Once aboard he seeks out his runaway wife, Julia (Barbara Stanwyck). He discovers she is trying to take their two unsuspecting children, 18-year-old Annette (Audrey Dalton) and ten-year-old Norman (Harper Carter), to her hometown of Mackinac, Michigan, to raise as down-to-earth Americans rather than rootless elitists like Richard himself. As the ship prepares for departure, her captain, E. J. Smith (Brian Aherne), receives a hint from the shipping company representative that a record-setting speedy passage would be welcomed. Other passengers include a wealthy woman of a working-class origin (based on a real-life Titanic survivor Molly Brown), Maude Young (Thelma Ritter); social-climbing Earl Meeker (Allyn Joslyn); a 20-year-old Purdue University tennis player, Gifford ""Giff"" Rogers (Robert Wagner); and George S. Healey (Richard Basehart), a Catholic priest who has been defrocked for alcoholism. When Annette learns her mother's intentions, she insists on returning to Europe with her father on the next ship as soon as they reach America. Julia concedes that her daughter is old enough to make her own decisions, but she insists on keeping custody of Norman. This angers Richard, forcing Julia to reveal that Norman is not his child, but rather the result of a one-night stand after one of their many bitter arguments. Upon hearing that, he agrees to give up all claim to Norman. Richard joins Maude, Earl, and George Widener in the lounge to play auction bridge with them. The next morning, when Norman reminds Richard about a shuffleboard game they had scheduled, Richard coldly brushes him off. Meanwhile, Giff falls for Annette at first glance. At first she repulses his brash attempts to become better acquainted, but eventually she warms to him. That night, Giff, Annette and a group of young people sing and play the piano in the dining room, while Captain Smith watches from a corner table. Second Officer Lightoller (Edmund Purdom) expresses his concern to Captain Smith about the ship's speed when they receive two messages from other ships warning of iceberg sightings near their route. Smith, however, assures him that there is no danger. That night, however, a lookout spots an iceberg dead ahead. Although the crew tries to steer clear of danger, the ship is gashed below the waterline and begins taking on water. When Richard finds the captain, he insists on being told the truth: the ship is doomed and there are not enough lifeboats for the men on board. He tells his family to dress warmly but properly; then they head outside. Richard and Julia have a tearful reconciliation on the boat deck, as he places Julia and the children into a lifeboat. Unnoticed by Julia, Norman gives up his seat to an older woman and goes looking for his nominal father. When one of the lines becomes tangled, preventing the lifeboat from being lowered, Giff climbs down and fixes the problem, only to lose his grip and fall into the water. His unconscious body is dragged into the boat. Meeker disguises himself as a woman to get aboard a lifeboat but Maude Young notices his shoes and unmasks him in front of the others in the lifeboat. At the other end of the spectrum of courage and unselfishness, George Healey heads down into one of the boiler rooms to comfort trapped crewmen. As the Titanic is in her final moments, Norman and Richard find each other. Richard tells a passing steward that Norman is his ""son"" and then tells the boy that he has been proud of him every day of his life. Then they join the rest of the doomed passengers and the crew in singing the hymn ""Nearer, My God, to Thee"". As the last boiler explodes, the Titanic's bow plunges, pivoting her stern high into the air while the ship rapidly slides into the icy water. The remaining survivors are last seen waiting in the lifeboats for help to come as dawn approaches."
wiki-06109,Hell's Outpost,"Tully Gibbs arrives in a California mining town looking for Kevin Russel, whose late son Al he had known in Korea during the war. Tully brings letters dictated by Al, who had lost the use of his hands. Kevin is grateful, saying Al had mentioned his friend Tully in previous correspondence. Wealthy local bully Ben Hodes takes a dislike to Tully, particularly his attentions to Sarah Moffit, a woman Ben wants to have for himself. Challenged to a fight, Tully says he will oblige, provided Ben lends him $10,000 if he wins. Tully then knocks him cold. Ben keeps his end of the bargain, but after Tully uses the money to begin a rival mining enterprise, Ben sabotages a bulldozer, organizes a roadblock and impedes Tully wherever he attempts to go. Sarah confides in Sam Horne, the newspaper publisher, that she doubts the authenticity of Tully's story about Al's letters. An attempt by Ben to blow up Tully's mine with dynamite backfires, leaving Ben dead. Tully discovers that Kevin has known all along that he wrote the letters from Korea himself, pretending the sentiments were Al's. He is forgiven, by Sarah as well."
wiki-06143,Magnificent Obsession,"Spoiled playboy Bob Merrick's (Rock Hudson) reckless behavior causes him to lose control of his speedboat. Rescuers send for the nearest resuscitator, located in Dr. Phillips's house across the lake. While the resuscitator is being used to save Merrick, Dr. Phillips suffers a heart attack and dies. Merrick ends up a patient at Dr. Phillips's clinic, where most of the doctors and nurses resent the fact that Merrick inadvertently caused Dr. Phillips's death. Helen Phillips (Jane Wyman), Dr. Phillips's widow, receives a flood of calls, letters, and visitors all offering to pay back loans that Dr. Phillips refused to accept repayment of during his life. Many claimed he refused by saying ""it was already used up."" Edward Randolph (Otto Kruger), a famous artist and Dr. Phillips's close friend, explains to Helen what that phrase means. This helps her to understand why her husband left little money, even though he had a very successful practice. Merrick discovers why everyone dislikes him. He runs from the clinic but collapses in front of Helen's car and ends up back at the hospital, where she learns his true identity. After his discharge, Merrick leaves a party, drunk. Merrick runs off the road and ends up at the home of Edward Randolph, who recognizes him. Randolph explains the secret belief that powered his own art and Dr. Phillips's success. Merrick decides to try out this new philosophy. His first attempt causes Helen to step into the path of a car while trying to run away from Merrick's advances. She is blinded by this accident. Merrick soberly commits to becoming a doctor, trying to fulfill Dr. Phillips's legacy. He also has fallen in love with Helen and secretly helps her adjust to her blindness under the guise of being simply a poor medical student, Robby. Merrick secretly arranges for Helen to travel to Europe and consult the best eye surgeons in the world. After extensive tests, these surgeons tell Helen there is no hope for recovery. Right after this, Robby shows up at her hotel to provide emotional support but eventually discovers that Helen has already guessed his real identity. Merrick asks Helen to marry him. Later that night, Helen realizes she will be a burden to him, and so runs away and disappears. Many years pass and Merrick is now a dedicated and successful brain surgeon who secretly continues his philanthropic acts, and searches for Helen. One evening, Randolph arrives with news that Helen is very sick, possibly dying, in a small Southwest hospital. They leave immediately for the hospital. Merrick arrives to find that Helen needs complex brain surgery to save her life. As the only capable surgeon at the hospital, Merrick performs this operation. After a long night waiting for the results, Helen awakens and discovers she can now see."
wiki-06171,Red Garters,"A stranger in town meets pretty young Susan Martinez De La Cruz and accompanies her to a barbecue, where wealthy Jason Carberry is saying a few words for the recently departed Robin Randall, a citizen who got shot. Jason objects to the stranger's presence, being Susan's guardian and protective of her. He challenges him to a shootout, but the stranger pulls his pistol before Jason's can even clear the holster. Calaveras Kate, a saloon singer who's in love with Jason, is relieved when the stranger declines to pull the trigger. Rafael Moreno suddenly rides into town and picks a fight with the stranger. Their brawl continues until the arrival of Judge Wallace Wintrop and his niece, Sheila, who have come to town from back East and deplore all this random violence out West. The stranger is recognized as Reb Randall, the dead man's brother. He is looking for the killer, who could be Rafael, or could be Jason, or could even be Billy Buckett, the coward of the county. The women hold their breath to see if the men they love will survive."
wiki-06212,Three Coins in the Fountain,"A young American secretary, Maria Williams (Maggie McNamara), arrives in Rome and is greeted by Anita Hutchins (Jean Peters), the woman she is replacing at the ""United States Distribution Agency"". They drive to the ""Villa Eden"" Anita shares with Miss Frances (Dorothy McGuire), the longtime secretary of the American author John Frederick Shadwell (Clifton Webb), an expatriate living in Rome for the past fifteen years. On their way into town, the three women stop at the famous Trevi Fountain. Frances and Anita tell Maria that according to legend, if she throws a coin in the fountain and makes a wish to return to Rome, she will. Maria and Frances throw in their coins, but Anita, who is planning to return to the United States to marry, declines. Anita takes Maria to the agency and introduces her to Giorgio Bianchi (Rossano Brazzi), a translator with whom she works. Maria senses that Anita and Giorgio are attracted to each other, though Anita states that the agency forbids its American and Italian employees to fraternize. Later that evening at a party, Maria is attracted by the handsome Prince Dino di Cessi (Louis Jourdan), despite being warned by Frances and Anita about him being a notorious womanizer. His girlfriends become known as ""Venice girls"" after he takes them to Venice for romantic trysts. Dino charms Maria, telling her to ignore what she's heard about him. After the party, Anita and Maria walk home and Anita admits that she has no fiancé waiting back in the United States. She's leaving because she believes she has a better chance of finding a husband in America; wealthy Italian men are not interested in mere secretaries, and the men who are interested are too poor. As they walk, Maria is pinched by a man who pesters her until she is rescued by Giorgio, who then asks Anita to go with him the next day to his family's country farm to attend a celebration. Anita reluctantly agrees. The next morning, Giorgio picks Anita up in his cousin's dilapidated truck. On their way out of town, they are spotted by her boss, Burgoyne (Howard St. John). On Giorgio's family farm, Giorgio tells Anita that he hopes to become a lawyer, despite his poverty. Anita then climbs into the truck and is almost killed when it rolls down the hill. After Giorgio rescues her, the breathless couple gives in to their attraction and, they kiss. Meanwhile, back at the apartment, Dino calls for Maria and asks if she will accompany him to Venice. Desiring to see Venice but not wanting to lose Dino's respect, Maria arranges for Frances to chaperone them, to Dino's disappointment. At the agency on Monday, Burgoyne questions Maria about Anita's weekend with Giorgio, and although she maintains that Anita did nothing wrong, Burgoyne assumes Anita is having an affair with Giorgio. The following day he fires Giorgio. When Anita finds out, she blames Maria for betraying her confidence and insists on moving out of their apartment. She visits Giorgio, worried that she may have ruined his chances of becoming a lawyer. Giorgio has no regrets. Meanwhile, Maria sets out to attract Dino's affections. She learns about the modern art he loves, his favorite food and wine, and pretends to learn the piccolo (his favorite instrument). Maria even lies about her background, telling Dino she is three-quarters Italian. Beguiled by how much he apparently has in common with Maria, Dino introduces her to his mother, the Principessa, who expresses her approval. Later, Dino confides in Maria that she is the only girl who he has ever completely trusted. Troubled by her deception, Maria confesses her subterfuge, even showing Dino her notebook listing his interests. He angrily takes her home. Frances meets with Anita, who admits that she and Giorgio are in love but will not marry because he is too poor. Frances returns home to comfort the guilt-stricken Maria, who is also determined to leave Rome because Dino has not contacted her since her admission. Frances tells her she is glad she is no longer young and susceptible to romance. The next morning, however, Frances suddenly announces to Shadwell that she is returning to the United States, explaining that she does not want to wind up an old maid in a foreign country. Shadwell, unaware that Frances has been deeply in love with him for fifteen years, offers her a marriage of convenience, based on mutual respect. Eager to be with him under any circumstances, Frances accepts. The next day, Shadwell learns that he is terminally ill and has less than a year to live unless he goes to America for experimental treatment. Shadwell returns to his villa and coldly breaks off his engagement with Frances. After Shadwell leaves, Frances learns from his doctor the truth about Shadwell's condition, and then follows him to a café, where she proceeds to match him drink for drink while bickering about whether he should pursue treatment. Completely drunk, Frances climbs into a nearby fountain and sobs about her life. After Shadwell takes her back to the villa and tucks her in, he goes to see Dino at the di Cessi palace. Shadwell tells Dino he is leaving for the United States, where he will marry Frances. He uses reverse psychology to provoke Dino into realizing that he loves Maria. After Anita and Maria are packed and ready to leave, Frances telephones and asks to meet them at the Trevi Fountain. When they arrive, Maria and Anita are disappointed to see the fountain emptied for cleaning. When they are joined by Frances, however, the water springs up again and the women are thrilled by its beauty. Dino and Giorgio then arrive, and as the men embrace their girlfriends, Frances is joined by Shadwell, and they happily admire the fountain, which has proved lucky to them all."
wiki-06369,Pete Kelly's Blues,"Jazz cornetist Pete Kelly (Webb) and his Big Seven are the house band at the 17 Club, a speakeasy in Kansas City in 1927 during Prohibition. New local crime boss Fran McCarg (Edmond O'Brien) wants a percentage of the band's meager earnings. When the band is opposed, Kelly decides to decline and see what happens. However, before the night ends, Rudy, the manager of the club, orders Kelly and the band to go to the house of wealthy Ivy Conrad (Janet Leigh), a woman with a reputation for hosting rowdy parties and who has designs on Kelly. Reluctantly, Kelly arrives at the party and leaves a message for McCarg to call him there. When the call comes through, it is intercepted by Kelly’s drunk, hot-tempered drummer, Joey Firestone (Martin Milner), who turns McCarg down. Kelly and his band are run off the road as they drive back to Kansas City. The following night, Firestone roughs up Guy Bettenhauser, McCarg's right-hand man. Kelly desperately tries to patch things up, but to no avail. As the band finishes its last number, two gunmen burst through the front door of the club. Kelly tries to save Firestone by sending him out the back, but Firestone is shot to death in the alleyway. Tired and frustrated by his drummer's murder, and the subsequent departure of Al (Lee Marvin), his clarinetist and long-time friend, Kelly, returns to his apartment to find Ivy waiting for him. Although he initially resists her advances, the two strike up a relationship that turns into an engagement. Later, all the local band leaders meet secretly to decide how to respond to McCarg's pressure. When Kelly tells them he will put up no resistance, the rest go along as well. Detective George Tennel (Andy Devine), who is trying to take McCarg down, tries to enlist Kelly's help but is refused. McCarg tries to befriend Kelly, telling him that Bettenhauser acted alone in Firestone’s murder. He also presents Kelly with a new band member: his moll Rose Hopkins (Peggy Lee). Rose, celebrating Pete and Ivy's engagement, has a little too much to drink, and, due to an inattentive crowd, cannot bring herself to sing. An enraged McCarg chases her to her dressing room and beats her senseless. Kelly then turns to Tennel, who informs him that Bettenhauser has skipped town. Al drops in to see Kelly. The two come to blows over Kelly's handling of the situation, but patch things up, and Al rejoins the band. Realizing he handled the situation wrong, Kelly tries to buy his way out but McCarg intimidates him into continuing. Meanwhile, Ivy, feeling left out by Kelly’s dedication to his music, decides to go her own way. Kelly gets a message to meet someone who turns out to be Bettenhauser. He tells Kelly that it was McCarg who ordered Firestone's death, but if Kelly can come up with $1,200 by daybreak, Bettenhauser will help him get McCarg. Kelly agrees. Bettenhauser tells him he can find cancelled checks and papers in McCarg’s office at the Everglade Ballroom. Back at the club, Kelly arms himself, but is stopped by Ivy, who wants a last dance with him. He insists he does not have the time. Kelly finds the papers he needs, but before he can get out, a loud orchestrion begins playing; Ivy had followed Kelly to the ballroom, started the music and turned all the lights on. Kelly fearfully agrees to a last dance, but soon finds himself surrounded by McCarg and two of his men, one of them being Bettenhauser; Kelly has been set up. A shootout ensues. Bettenhauser climbs up into the ceiling to get a better shot, but Kelly shoots him first. McCarg's other man tries to shoot Kelly, but Kelly throws a chair at him, causing him to hit and mortally wound McCarg instead. Seeing this, the gunman gives up. Back at the 17 Club, it is business as usual - the band playing, Ivy and Pete back together again, and Rudy still cutting corners wherever he can."
wiki-06383,Revenge of the Creature,"Having previously survived being riddled with bullets, the Gill-man is captured and sent to the Ocean Harbor Oceanarium in Florida, where he is studied by animal psychologist Professor Clete Ferguson (John Agar) and ichthyology student Helen Dobson (Lori Nelson). Helen and Clete quickly begin to fall in love, much to the chagrin of Joe Hayes (John Bromfield), the Gill-man's keeper. The Gill-man takes an instant liking to Helen, which severely hampers Clete's efforts to communicate with him. Ultimately, the Gill-man escapes from his tank, killing Joe in the process, and flees to the open ocean. Unable to stop thinking about Helen, the Gill-man soon begins to stalk her and Clete, ultimately abducting her from a seaside restaurant where the two are at a party. Clete tries to give chase, but the Gill-man escapes to the water with his captive. Clete and police arrive just in time and when the creature surfaces, police shoot him as Clete saves Helen."
wiki-06447,A Word to the Wives….,"Housewife Jane Peters is envious of her friend Alice's new ranch house. At Alice's suggestion, she decides to trick her husband, George, into buying a new kitchen. Jane leaves her husband and son alone while she visits her mother in Cleveland. George is completely incompetent when trying to cook for himself and his son in their aging kitchen. After Jane returns, the Peters visit Alice and her husband and find out more about the modern conveniences in their new home. George then decides that his entire home needs replacing, and he arranges to buy a new home, complete with his wife's dream kitchen."
wiki-06481,The Bottom of the Bottle,"Patrick Martin (Joseph Cotten), known as P.M., is a wealthy attorney and rancher in the border town of Nogales, Arizona. He returns home to find his brother Donald (Van Johnson) hiding in his garage. A former drunkard, Donald had been sent to the penitentiary five years previously for killing a man in a barroom brawl. It was in self-defense but P.M. hadn't defended his brother and he was convicted. Donald has escaped and wants his brother to help him across the Santa Cruz River into the Mexico-side Nogales, where his wife (Shawn Smith) and children (Kim Charney and Sandy Descher) are in dire straits. The straits get even more dire when P.M. tells him the river is flooded and it will be days before anyone can cross. P.M. is all atwitter because his wife Nora (Ruth Roman), whom he married after Donald had gone to prison, doesn't know about his jail-bird brother. He introduces Donald to Nora and the rest of his Cadillac Cowboy and ranch society friends as an old friend, Eric Bell, and is kept busy trying to make sure Donald doesn't find anything harder than ginger ale to drink. Donald gets a telephone call telling him that his family has gone from dire straits to destitution, and when P.M. refuses to help through his contacts in the Mexico side of Nogales, Donald knocks him down, grabs a couple of bottles of whiskey and dashes out of the house into the rain. Nora eventually discovers Donald's true identity and persuades P.M. to help Donald's family. But after a report that Donald has committed a theft, Hal Breckinridge (Jack Carson) forms a posse to bring Donald back. P.M. is reluctant to aid a felon, but eventually shows Donald a place in the river to cross safely into Mexico, but falls off his horse and then nearly drowns. Donald saves his life, then surrenders to the law."
wiki-06585,The King and I,"Strong-willed, widowed schoolteacher Anna Leonowens arrives in Bangkok from Wales with her young son Louis after being summoned to tutor the many children of King Mongkut. The two are introduced to the intimidating Kralahome, King Mongkut's confidante and Siam's prime minister. The Kralahome explains he has come to escort them to the Royal Palace where they will live – a violation of Anna's contract, which calls for them to live in a separate house outside the walls of the palace. Despite her threat to leave, Anna reluctantly disembarks with Louis and the Kralahome. Once inside the Royal Palace, Anna demands to see King Mongkut and is allowed by the Kralahome to enter the Throne Room. A pleased Mongkut ignores her objections as he introduces her to his numerous wives – who include head wife Lady Thiang and a graceful girl from Burma named Tuptim. King Mongkut then presents the fifteen children she will tutor, aside from the other sixty-seven - among them his eldest son and heir Prince Chulalongkorn. Anna agrees to stay and tutor the King's children, prompting formality to break down. Later that night, Lady Thiang and the other wives assist Anna in unpacking, and when an old photograph of her late husband Tom is discovered, the wives start to deride the unhappy Tuptim because she is in love with another man named Lun Tha, the same man who brought her to Siam. Anna refuses to give up on the house and teaches the children about the virtues of home life to King Mongkut's irritation, who contemplates how he craves truth and wonders why the world has become so complicated with different cultures saying different things. Meanwhile, Anna starts to form a relationship with the children as getting to know people is her favorite thing to teach. The lesson, however, creates disorder when the children refuse to believe in the existence of snow, which they have never seen. The King enters a chaotic schoolroom and, upon noticing Tuptim has a copy of the novel Uncle Tom's Cabin, engages in a slightly heated conversation with Anna about slavery – an institution embraced by all his people. That night, Anna is summoned to the King's private chambers where he says that after reading the Bible, he believes that the world was not created in six days, but after many centuries. The King disregards her explanation and orders her to take a letter to President Abraham Lincoln, in which he will send male elephants to America to help with the Civil War, forcing her to sit on the floor due to an ancient custom that no one's head should be higher than his. She is left to finish the letter herself when she tries to explain that the elephants will not last long if only male elephants are sent. Anna goes outside, only to come across Lun Tha and learn that he has been meeting Tuptim in secret. He asks her to arrange a rendezvous and she refuses out of fear but eventually relents after remembering her past with her husband. The lovers meet under the cover of darkness and Lun Tha promises he will one day return to Siam and they will escape together. The next day, King Mongkut becomes troubled by reports of spreading British imperialism and bursts into the schoolroom after hearing Anna's pupils persist in singing ""Home Sweet Home."" Anna stands her ground, threatening to leave Siam despite pleas from the children. King Mongkut asserts that Anna is his servant only to see her repudiate the term and leave the room. Lady Thiang visits Anna later that night and explains Mongkut is apprehensive over rumors that the British regard him as a barbaric leader, intending to turn Siam into a protectorate. Anna is shocked by the accusations but is reluctant to give him advice after their argument. Lady Thiang convinces her that the King is deserving of support and convinces Anna to go to the King. Anna learns the King is also anxious for reconciliation and learns that the British are sending an envoy to evaluate the situation in Bangkok. Upon learning that the envoy consists of Ambassador Sir John Hay and her old lover Sir Edward Ramsay, Anna persuades the King to receive them in European style by hosting a banquet with European food and music – after which it is announced that the envoy is arriving in one week. The King promises to give Anna a house of her own in return for her help. On the night of the banquet, Sir Edward reminisces with Anna about old times in an attempt to bring her back to British society. The King however walks in on them dancing and irritably reminds them that dancing is for after dinner. After impressing the guests with his intellectual observations, the King presents Tuptim's version of Uncle Tom's Cabin – which is presented as a traditional Siamese ballet. However, the King and the Kralahome are not impressed as the play involves the issue of slavery and shows the slaveholding King dead after drowning in the river. By the time Sir John calls for the play's author, Tuptim has left the room to run away with Lun Tha. After the guests have departed, Anna talks with the King and is presented with one of his rings in appreciation of her efforts. He then explains he is not pleased with Tuptim and reveals she is missing. Anna however parries his inquiry by explaining she is unhappy because she is just another woman in his eyes. The King retorts that men are entitled to a plenitude of wives although women must remain faithful. Anna explains the reality of one man loving only one woman and recalls her first dance before teaching the King how to dance the polka, but the touching moment is shattered when the Kralahome bursts into the room with news that Tuptim has been captured. For her dishonor, the King prepares to whip her despite Anna's pleas. She implies that he is a barbarian with no heart and that she will stay to watch the King's actions. The King then crumples, puts his hand over his heart and runs out of the room. The Kralahome blames Anna for ruining him and now he can never be the king he was before. Tuptim meanwhile is led away in tears when she learns that Lun Tha is dead, his body discovered in the river. This causes Anna to return the ring, sever all ties as a governess and leave on the next boat from Siam. On the night of her departure, Anna is prepared to leave Siam with Louis when Lady Thiang says that the King is dying. He refuses to eat or sleep, isolating himself from everyone since the night of the banquet. Lady Thiang gives Anna an unfinished letter from the King that states his deep gratitude and respect for her, despite his harsh differences with her. This prompts her to go to his bedside in tears moments before their ship departs for Britain. The King gives Anna his ring, insisting that she wear it as she has always spoken the truth to him, persuading her and Louis to stay. King Mongkut then passes his title to Prince Chulalongkorn, who then issues a proclamation that brings an end to slavery and states that all subjects will no longer bow down to him. Satisfied that he is leaving his kingdom in capable hands, the King quietly dies with only Anna and the Kralahome present to mourn his passing."
wiki-06652,Slander,"Scandal magazine editor and publisher H. R. Manley spares nobody in his efforts to sell more of his tabloid publication, ""The Real Truth"" (a thinly veiled substitute for Confidential Magazine) making a fortune for the past two years but appalling his mother with his methods. Despite his success, Manley owes $100,000 to the magazine's printer. He needs a hot topic to stimulate sales and decides that a scandalous story about movie star Mary Sawyer will do the trick. Following a lead, Manley discovers that Sawyer has a damaging secret known to no one but a long-time friend, a Scott Martin. Scott is a puppeteer who is about to get his own children's entertainment show on TV. It is the first big break of his career, an exciting time for his wife, Connie, and their son, Joey as well. Scott has a secret of his own, however; Manley discovers that he once served four years in prison for an armed robbery. Connie already is aware of her husband's past and explains why it happened, but Manley doesn't care. If he doesn't get the damaging information about Mary Sawyer in time for the magazine's next edition, he will ruin Scott's television career by exposing his criminal past. Her fear and unhappiness about their future being destroyed getting the better of her, Connie implores her husband that he must betray Mary, putting his own family's needs first. Scott flatly refuses and Connie leaves him. Scott becomes oblivious to Manley's threats now, his personal life already in ruins. Misery becomes tragedy when the boy, Joey, taunted at school, runs into the street and is hit by a car and killed. The ruthless, cold-blooded Manley believes this will help the magazine's sales even more. His mother has had enough; she removes a gun from a drawer and shoots her own son. Connie comes back to Scott, apologizing for leaving him in the first place. They hope the end result will deter something like this from ever happening again, but Scott isn't confident that will be the case."
wiki-06731,Bombers B-52,"The Strategic Air Command is about to introduce the B-52 Stratofortress bomber as its primary manned strategic weapon. Stationed at Castle Air Force Base, California, with the 329th Bomb Squadron, 20-year United States Air Force (USAF) veteran MSgt. Chuck Brennan (Karl Malden) dislikes his commanding officer, the ""hotshot"" Lt. Col. Jim Herlihy (Efrem Zimbalist Jr.). Brennan has not trusted Herlihy since an incident in the Korean War. This career-long problem interferes with flight operations and aircraft support. When Herlihy starts dating Brennan's daughter Lois (Natalie Wood), tensions grow. Brennan demands his daughter break off the relationship. Brennan, Herlihy, and others try to solve all the technical problems that plague the introduction of the B-52. On one top-secret test flight to Africa, after being refueled in mid-air, a control panel short-circuits, causing a fire. Herlihy orders everyone to bail out and ejects Brennan when he refuses to leave the bomber. After safely landing the burning aircraft at Castle AFB, Herlihy sends out search parties, who manage to recover all of the crew successfully except for Brennan. Following a hunch, Herlihy eventually finds his chief aircraft mechanic, who is severely injured, and airlifts him by helicopter from remote back country to the base hospital. While recovering, Brennan realizes that he was wrong about Herlihy, who risked his life to bring him home. He accepts that his daughter and his commanding officer should now reunite. Eventually, Brennan also has to choose between a high-paying civilian job and his US Air Force career. When told that his discharge papers are ready to sign, he decides to continue the career he loves in the USAF."
wiki-06750,Death in Small Doses,A federal investigator (Peter Graves) poses as a truck driver to check pep-pill usage by long-haul truckers.
wiki-06822,Johnny Tremain,"Johnny Tremain is apprenticed to a silversmith, Mr. Lapham. One day, wealthy Jonathan Lyte asks Mr. Lapham to fix a broken silver tea cup. Lapham refuses because he believes he is too old for such jobs. Tremain believes he is skilled enough to do the job, and accepts. After trying several times but failing, he asks fellow silversmith, Paul Revere, for help designing a new handle. Revere tells him to make the handle deeper and larger. Eager to try the new design, Johnny breaks the Sabbath and accidentally burns his hand. The damage is so severe that he will never have full use of the hand again, and cannot continue as a silversmith apprentice. No one will hire him with only one usable hand. The Sons of Liberty recruit him as a messenger, to secretly inform members of the times and locations of meetings. Johnny confides to Priscilla Lapham, Mr. Lapham's daughter, that he is secretly related to Mr. Lyte. He shows her a christening cup bearing the Lyte family crest as evidence. Desperate for money, he approaches Lyte and shows him the christening cup. Lyte assumes that Johnny stole the cup, and files charges against him. Josiah Quincy defends Johnny in court. Introducing Priscilla as a witness, Quincy proves Johnny's innocence. Afterward, Tremain and the Sons of Liberty become active in several notable events leading to the American Revolution, including the Boston Tea Party, Paul Revere's Ride, and the Battles of Lexington and Concord. During the Boston Tea Party, Dr. Joseph Warren offers to restore Tremain's hand, allowing him to return to his profession."
wiki-07007,Flying Saucer Daffy,"Joe's accidental snapshot of a paper plate blown by a breeze, is mistaken for a picture of a UFO. However, Moe and Larry take the credit for the photo, and are paid a huge sum while Joe is reduced to the status of their servant. Angered, Joe leaves the boys for a camping trip, only to meet two genuine and beautiful aliens from Planet Zircon who allow Joe to photograph them. Moe and Larry end up arrested when their UFO picture is revealed to be a fraud. They are put in straitjackets and incarcerated in a psychiatric hospital while Joe becomes a national hero."
wiki-07049,Jet Attack,"During the Korean War, scientist Dean Olmstead (Joseph Hamilton) designs a long-range radio transmitting and tracking device for the United States Air Force. During testing of the device, Capt. Tom Arnett (John Agar), leading an escort of North American F-86 Sabre jet fighters, is unable to prevent Olmstead's North American B-25 Mitchell bomber being shot down in North Korea. His commanding officer, Col. Catlett (George Cisar) plans a rescue of the scientist, whom he believes is still alive and may be undergoing interrogation by Russian intelligence agents working with the North Koreans. Arnett and Lt. Bill Clairborn (Gregory Walcott) are assigned to go into North Korea and bring back Olmstead. After parachuting behind enemy lines, they meet up with guerrilla leader Capt. Chon (Victor Sen Yung), who takes them to Tanya Nikova (Audrey Totter), a Russian nurse, who has been working as a spy for the guerrillas. Tanya had previously been romantically involved with Arnett, but proves invaluable to the mission. She knows that the scientist may be under care of her boss, Col. Kuban (Robert Carricart), a Russian doctor. After they discover Olmstead's whereabouts and bring him out of the prison camp where he was being treated for a concussion, the group is pursued by North Korean Maj. Wan (Leonard Strong). Tanya is wounded during the escape but manages to drive the Americans to an airfield. She dies, but the two American pilots and the scientist make good their escape in a pair of North Korean Mikoyan-Gurevich MiG-15 jet fighters."
wiki-07197,Don't Give Up the Ship,"Following World War II, an entire destroyer escort, the U.S.S. Kornblatt, has mysteriously gone missing. Lieutenant John Paul Steckler VII (Jerry Lewis), the last of a long line of good-natured but screw-up U.S. Navy officers, was tasked with commanding the Kornblatt to its decommission back in the U.S., but somehow the ship disappeared without a trace on its homeward voyage. Now, with a $4 billion appropriation at stake, Congressman Mandeville (Gale Gordon) refuses to approve the funds until the Kornblatt is found. Steckler's former superior, Vice Admiral Bludde (Robert Middleton), who has been trying to sugarcoat this embarrassing incidence, has no other choice but to comply. Just as he is ready to embark on a honeymoon with his freshly wedded wife Prudence (Diana Spencer), Steckler is tracked down by Navy personnel and brought to the Pentagon, where he is charged with treason and malevolent misappropriation of government property. Though he can convince the Admiralty of his basic innocence, he is nevertheless charged with finding the Kornblatt within the next ten days, thus upsetting both his wife and his honeymoon plans. Since he is at a loss to explain the whereabouts of the ship, Steckler is teamed up with Naval Intelligence operative Ensign Benson, who happens to be an attractive woman (Dina Merrill). Benson employs a relaxing therapy to coax Steckler's memory, succeeding with much effort. In a flashback it is told that on the day hostilities in the Pacific were finally ended, the Kornblatt was ordered to return to Pearl Harbor for the decommissioning of those crew members with sufficient discharge points. Steckler, assisted by Ensign Stan Wychinsky (Mickey Shaughnessy) and the remaining crew, attempted to get the Kornblatt back to the mainland, but Steckler got the ship stuck on a reef near an island occupied by a garrison of still-entrenched Japanese soldiers. Captured by those soldiers while exploring, Steckler was imprisoned for a night before his impending execution, only for the Japanese commander, Colonel Takahashi (Yuki Shimoda), to learn that the war really was over. By the time of Steckler's release and the garrison's surrender to him, however, the Kornblatt and her crew, believing him dead, had already departed. With Wychinsky being the only viable lead, Steckler and Benson track him down in Miami, Florida, where he works as a professional wrestler. From him they learn that he has turned the Kornblatt over as instructed, but being in the middle of a match, he loses the memory of the responsible official's name when his opponent whacks him on the head. Grounded by a hurricane, and unwilling to spend any more time separated from Prudence, Steckler takes a train back to Washington, where he is forced to share a compartment with Benson (who incidentally takes a personal liking to him); this circumstance leads to a prompt misunderstanding with Prudence at the Washington railway station, who leaves him in a fury. In addition, Mandeville has drastically cut the time limit in favor of an immediate inquiry on this very day. In the meantime, Wychinsky, who has finally remembered what happened to the Kornblatt, has followed Steckler back to Washington and encounters Prudence. The two proceed to the hearing, which is (due to Mandeville's animosity) progressing very badly for Steckler and Bludde. Given a reprieve of 48 hours, Steckler and Wychinsky go to a spot in the ocean where the wreck of the Kornblatt lies following her last use as a target dummy. After a harrowing dive and struggle with nitrogen narcosis and a hungry kraken, they recover a bell from the Kornblatt, thus confirming the ship's fate, and back at the inquiry Mandeville is revealed as the man who had unwittingly assigned the Kornblatt for target practice, ignoring the red tape. Finally rehabilitated, Steckler manages to secure a significantly higher appropriation for the Navy, and is happily reunited with Prudence."
wiki-07221,Holiday for Lovers,"Robert Dean (Clifton Webb) is an old-fashioned psychologist who reluctantly allows his oldest daughter Meg (Jill St. John) to join a four-week tour in São Paulo before returning to college in America. When he finds out she is planning on six more weeks, he immediately books a ticket to Brazil to find out what her true motives for staying are. He is accompanied by his loving wife Mary (Jane Wyman) and youngest daughter, the wise-cracking, joyful Betsy (Carol Lynley). Upon arriving, Robert is unamused by the notable character change in a daughter. She looks to be very much interested in her older mentor Eduardo Barroso (Paul Henreid), and has taken up habits which are shocking to Robert, including smoking. Unaware of her daughter's engagement with Barroso's son Carlos (Nico Minardos), Robert mistakes Eduardo for being Meg's love interest. Meanwhile, Betsy is enjoying the attention she is receiving from the United States Air Force, and falls in love with Sgt. Paul Gattling (Gary Crosby). Back at the hotel, Carlos is reluctant to meet Meg's parents, thinking they will disapprove of his bohemian lifestyle. By assuming the worst, Carlos makes a horrible impression on Robert, who tries to prohibit his daughter from seeing them by booking a flight to Rio de Janeiro and then Lima for the family. Feeling betrayed by her father, Meg calls Carlos to tell him goodbye, and he responds by confronting her with leading her father's life. Nevertheless, he and Eduardo follow her to Lima, where Carlos and Meg are reunited at a bull fight. Soon after, Paul, who has set out to Lima as well, proposes to Betsy, but she rejects him, explaining she is not ready to marry. Later that night, Eduardo and Carlos announce they are returning to São Paulo the following day. Robert eventually reluctantly allows his daughter to accompany her future husband. After bidding her daughter farewell, Robert goes to a bar and gets drunk. He ends up lying unconscious on the street and is mistaken for being a member of a Spanish tour group. Upon awaking, Robert finds out he is on a plane heading for Madrid and is eventually dropped off in Trinidad. There, he phones Meg to give her his sincere blessing for marrying Carlos, but she announces she is not in love with Carlos any longer. Betsy, on the other hand, desires to marry Paul. Upon asking her father for permission, he declares that she is old enough to make her own decisions, after which she is officially engaged to Paul."
wiki-07334,Cimarron,"Sabra Cravat's (Maria Schell) wealthy Kansas City parents try to dissuade her from participating in a land run in the Oklahoma territory with her new husband Yancey (Glenn Ford), but she is adamant. During the journey, Sabra's knowledge of her husband's character deepens, and when he lends one of his covered wagons to Tom (Arthur O'Connell) and Sarah Wyatt (Mercedes McCambridge) and their large, destitute family, she experiences his generosity. Upon arriving in Oklahoma and meeting many of Yancey's friends, including a lady of the evening named Dixie Lee (Anne Baxter), she discovers that he is something of an adventurer. Sabra has her first disagreement with Yancey, however, when he staunchly defends an American Indian family whose wagon has been overturned by a group of angry men. Even though a Cavalry officer states that Ben and Arita Red Feather have the right to participate in the land run, Sabra, a French American, wonders aloud whether Yancey should have risked injury just to help some Indians. At high noon on 22 April 1889, thousands of settlers, who hope to claim 160 acres each of free land, race wildly on horseback, wagon, bicycle, and stagecoach across the prairie. Tom is pushed off the stagecoach, whereupon a frantic Sarah plants a stake into the arid dirt near the starting line. Sam Pegler (Robert Keith), an idealistic newspaper owner from Osage, is killed during the run, and Ben is lassoed to the ground by a bigoted roughneck named Bob Yountis (Charles McGraw). After Dixie, angry at Yancey for having married another woman, vengefully claims the land that Yancey had wanted, he decides to forget about ranching and take over Sam's newspaper. The printer, Jesse Rickey (Harry Morgan), remains in Osage with the paper, the Oklahoma Wigwam, while Sam's widow Mavis (Aline MacMahon) sadly returns home. Some time later, Yountis and William Hardy (Russ Tamblyn), a young troublemaker known as the ""Cherokee Kid, "" terrorize a Jewish peddler named Sol Levy (David Opatoshu). Yancey rescues Sol, but the Kid, whose father had been Yancey's friend, refuses to listen to the older man's advice and rides away with his rowdy companions. One night, Yountis, leading a band of Indian-hating townspeople, lynches Ben and destroys his home. Outraged, Yancey shoots Yountis and then brings Arita and her baby to the Cravat house. When the three arrive home, they discover that Sabra has given birth to a baby boy, whom they named Cimarron. Several years pass, and the Kid, now a feared outlaw, reluctantly joins cohorts in robbing the Osage bank. Cornered, the robbers take refuge in the schoolhouse, but when his buddy, Wes Jennings (Vic Morrow) tries to make a child their hostage, the Kid intervenes and is shot. Yancey shoots Wes, thereby earning a large reward, but when he remorsefully tears up the checks, Sabra accuses him of cheating Cim of his future. Dixie confesses that she still loves Yancey, and when he gently rejects her, she sells her farm and opens a ""social club"". Meanwhile, Arita's little daughter Ruby is ejected from the schoolhouse. Yancey files a protest, but the townspeople refuse to allow an Indian to attend school. Yancey charges that they are keeping their children's blood pure, but their heads empty. Soon afterward, Yancey leaves town to participate in another land rush, to the bitter disappointment of his wife. During his five-year absence, Sabra obtains a loan from Sol, who has fallen in love with her. Sabra learns from Dixie that Yancey, who spent several years in Alaska, is now a Rough Rider in Cuba. Dixie also confesses that it is Sabra, not her, whom Yancey loves. That year, Yancey returns, promising to make amends for his absence. Sabra and Cim accept him, and the years pass. One day Yancey excitedly reports that oil has been discovered on the Indian reservation. Tom, whose own oil-rich land has made him wealthy, laughs and says that it is he, not the Indians, who owns the oil rights. Yancey writes in his paper that Tom has swindled the Indians, and the story is reported all over the country. Sabra, meanwhile, worries that Cim is becoming serious about Ruby, whom she considers unfit for her son, but when Yancey tells her that he has been nominated for governor of the territory, she beams. In Washington, she ecstatically dresses for a party, but Yancey learns Tom and his powerful friends will name him governor only if he agrees to cooperate with them. Yancey rejects the post, whereupon Sabra orders him to leave her. Later, Sol, now a successful merchant, lends Sabra a large sum, and she builds the paper into a major enterprise. When Cim informs her that he has married Ruby and is on his way to Oregon, Sabra bitterly complains that he is throwing his life away and then dismisses him from the house. Ten years later, in 1914, Sabra sits at a desk composing an editorial for the newspaper's 25th anniversary. Sol and Tom want her to be the model for a sculpture exemplifying the pioneer spirit, but Sabra protests that the man who ran away from her was the true pioneer. At a surprise anniversary party, Sabra is reunited with her son and his family. She pays tribute to her husband, claiming that she still hopes for his return, but that day, war is declared. In December, Sabra rereads the letter she has received from Yancey, in which he again apologizes for being a disappointment to her. On the table is an open telegram stating that her husband has been killed in action."
wiki-07348,Four Fast Guns,"Wanted outlaw Tom Sabin rides to the town of Purgatory, ruled by a ruthless man named Hoag, who is deemed safe from being killed by virtue of being handicapped and in a wheelchair. Tom befriends town deputy Dipper and attracts the interest of Hoag's beautiful daughter Mary, although he isn't sure whether to trust her. Hoag sends for three hired gunman to get Tom out of his town, but Tom gets the better of the first two, shooting both. The third, Johnny Naco, is offered triple pay by Hoag to get the job done. All in town are shocked when Tom refuses to face Johnny. It turns out they are brothers. Tom took the blame for a crime Johnny committed, so a grateful Johnny doesn't want to kill him. Johnny does shoot Hoag, who tries to kill Tom himself with a shotgun. But when townspeople ridicule Tom for not facing the outlaw, Johnny calls him out and draws, forcing Tom to shoot him. Tom leaves the sheriff's job to Dipper and rides off, Mary promising to meet him."
wiki-07369,Last Woman on Earth,"Harold Gern (Antony Carbone), a successful businessman from New York who is constantly in legal trouble, is spending a holiday in Puerto Rico with his attractive wife, Evelyn (Betsy Jones-Moreland), whom he married ""between trials."" They are joined by Martin Joyce (Robert Towne, billed as Edward Wain), Harold's lawyer, who has come to discuss the latest indictment. Harold invites him along on a boat trip during which all three try out some newly bought scuba diving equipment. When they resurface, they are unable to breathe without using their scuba tanks. They climb back into their boat and find Manuel, the crewman, dead, apparently of asphyxiation. Upon rowing ashore, they enter the jungle. With their air running out, they discover that the foliage gives off oxygen that they can breathe. When they go into town, they find nobody left alive and cannot contact anyone by radio. It dawns upon the three that they might be the only survivors in the area, maybe in the world. The domineering Harold takes charge. They becoming self-sufficient, and the two men fish, as marine creatures have survived. Later, they also find living insects and baby chicks, presumably newly hatched. Harold feels that in the long run, they will have to move north to a colder climate to avoid problems with insects and food preservation and to increase their chances of meeting other survivors. Soon, a love triangle develops. Martin points out to Harold that neither the latter's marriage certificate nor his money mean anything anymore. One day, while Harold is out fishing by himself, Evelyn gives in to her attraction to Martin. When Harold finds out, he beats Martin and orders him to leave. Evelyn hops in the car, and the two lovers drive off. Harold chases after them. At the harbor, another fight breaks out when Martin refuses to tell Harold where his wife is. Martin eventually runs into the church where Evelyn has been waiting. There, he dies of his injuries. The two survivors are left wondering where they will go or what they will do now."
wiki-07394,Psycho,"During a lunchtime tryst in Phoenix, Arizona, a real estate secretary, Marion Crane and her boyfriend Sam Loomis discuss how they cannot afford to get married because of Sam's debts. After lunch, Marion returns to work, where a client drops off a $40,000 cash payment on a property. Her boss asks her to deposit the money in the bank, and she asks if she can take the rest of the afternoon off. Returning home, she begins to pack, deciding to steal the money and give it to Sam in Fairvale, California. She is seen by her boss on her way out of town, which makes her nervous. During the trip, she pulls over on the side of the road and falls asleep, and is woken by a state patrol officer. Suspicious about her nervous behavior, he notes her license plate number and follows her at a close distance. Hoping to shake his pursuit, Marion stops at an automobile dealership and trades in her Ford Mainline, with its Arizona license plates, for a Ford Custom 300 that has California tags. Marion stops for the night at the Bates Motel. The proprietor, Norman Bates, invites her to a light dinner after she checks in. She accepts, but hears an argument between Norman and his mother about bringing a woman into her house. They eat in the motel parlor, where he tells her about his life with his mother, who is mentally ill and forbids him to have an independent life. Moved by Norman's story, Marion decides to go back to Phoenix in the morning to return the stolen money, and prepares for bed. As she showers, a shadowy figure stabs her to death with a chef's knife. Norman discovers the murder and assumes his mother is responsible. He cleans up the crime scene, putting Marion's corpse and her possessions—including the embezzled money—into the trunk of her car and sinking it in the swamps near the motel. A week later, Marion's sister Lila arrives in Fairvale and confronts Sam about the whereabouts of her sister. Private investigator Milton Arbogast approaches them and confirms that Marion is wanted for stealing the $40,000. He checks the motels, and Norman's evasive and inconsistent answers arouse his suspicions. After hearing that Marion met Norman's mother, he asks to speak with her, but Norman refuses. Arbogast calls Lila and Sam to update them. He goes to the Bates' home in search of Norman's mother; as he reaches the top of the stairs, he is murdered. When Lila and Sam do not hear from Arbogast, Sam visits the motel. He finds only Mrs. Bates, who ignores his knocking. Lila and Sam go to the local sheriff, who informs them that Mrs. Bates killed herself ten years ago, and concludes that Arbogast lied to confuse them and made off with the $40,000. Convinced that some ill has befallen Arbogast, Lila and Sam make their way to the motel. Norman takes his unwilling mother from her room and hides her in the fruit cellar. At the motel, Lila and Sam meet Norman. Sam distracts him by striking up conversation while Lila sneaks up to the house. When Sam tells Norman they have come to question his mother, he knocks Sam out and rushes to the house. Lila hides in the cellar, where she finds Mrs. Bates in a chair. Lila turns her around and discovers she is a mummified corpse. Lila screams as Norman runs into the cellar, holding a knife and wearing his mother's clothes and a wig. Before Norman can attack Lila, Sam, having regained consciousness, subdues him. At the courthouse, a psychiatrist explains that Norman murdered Mrs. Bates and her lover ten years prior out of jealousy. Unable to bear the guilt, he exhumed her corpse and began to treat it as if she were still alive. He recreated his mother in his own mind as an alternate personality, dressing in her clothes and talking to himself in her voice. This ""Mother"" personality is jealous and possessive: whenever Norman feels attracted to a woman, ""Mother"" kills her. As ""Mother"", Norman killed two young girls prior to Marion, as well as Arbogast. The psychiatrist says the ""Mother"" personality has taken permanent hold of Norman's mind. While Norman sits in a holding cell, ""Mother"" protests that the murders were Norman's doing. Marion's car is pulled out of the swamp."
wiki-07547,The Steel Claw,"Capt. John Larsen, a Marine, stationed in the Philippines, loses a hand in an accident and is discharged from the Corps. An American general is held captive by Filipino guerrillas behind Japanese lines and Larsen is later re-enlisted to rescue him. He fastens a steel prosthetic hook, the “steel claw” of the title, and embarks on the mission to rescue the general which leads him and his team, (his pal Santana and a band of guerillas), deep into the Philippines where love and death await them."
wiki-07604,Gypsy,"Determined to make her young, blonde, and beautiful daughter June a vaudeville headliner, willful, resourceful, domineering stage mother Rose Hovick will stop at nothing to achieve her goal. She drags the girl and her shy, awkward, and decidedly less-talented older sister Louise around the country in an effort to get them noticed, and with the assistance of agent Herbie Sommers, she manages to secure them bookings on the prestigious Orpheum Circuit. Years pass, and the girls no longer are young enough to pull off the childlike personae their mother insists they continue to project. June rebels, and elopes with Jerry, one of the dancers who backs the act. Devastated by what she considers an act of betrayal, Rose pours all her energies into making a success of Louise, despite the young woman's obvious lack of singing and dancing skills. Not helping matters is the increasing popularity of sound films, which leads to a decline in the demand for stage entertainment. With bookings scarce, mother and daughter find themselves in Wichita, Kansas, where the owner of a third-rate burlesque house books the act in hopes of keeping the vice squad at bay. When one of the strippers is arrested for shoplifting, Louise unwillingly becomes her replacement. At first, her voice is shaky and her moves tentative at best, but as audiences respond to her she begins to gain confidence in herself. She blossoms as an entertainer billed as Gypsy Rose Lee, and eventually reaches a point where she tires of her mother's constant interference in both her life and wildly successful career. Louise confronts Rose and demands she leave her alone. Finally, aware that she has spent her life enslaved by a desperate need to be noticed, an angry, bitter, and bewildered Rose stumbles onto the empty stage of the deserted theatre and experiences a moment of truth that leads to an emotional breakdown followed by a reconciliation with Louise."
wiki-07899,"Quick, Before It Melts","American magazine reporter Oliver Cannon gets an assignment to a naval expedition far from home by his boss, Harvey Sweigert, who is also the father of Oliver's fiancee, Sharon. He has never broken a big story, so Sweigert wants to see what kind of reporter he really is. First stop is New Zealand, where photographer Pete Santelli, also along on the trip, quickly develops a romantic attraction to a local girl named Diana. And a half-Maori beauty named Tiare catches the interest of Oliver. When the journalists move on to Antarctica, it becomes clear that a friendly Soviet citizen, Mikhail, whom they call Mickey, might be persuaded to defect. Women are invited to join the expedition, including Diana and Tiare, and the latter ends up falling in love with Mickey. Their romance and his defection is news, but a naval admiral tries to prevent Oliver from reporting his scoop to the world. Oliver shows what he's made of, then returns home to marry Sharon."
wiki-07974,The Great Sioux Massacre,"The film begins at Board of Inquiry over the Battle of the Little Big Horn; specifically examining the conduct of Major Marcus Reno. Captain Bill Benton (perhaps inspired by Frederick Benteen) is called to the stand, and rather than merely answer questions from the board states that he will tell his version of the ""true story"" that the audience sees through flashback. Benton relates his first arrival in the Wild West where his detachment is escorting the wife of the local Indian Agent Mr. Turner. The Indians attack the party and abduct Mrs Turner away from Benton's command. Benton's Army Scout ""Dakota"" advises against tracking the Indians until the next day due to their laying false trails that lead into ambushes. Dakota and Benton come across a wounded Indian who Dakota shoots so he will not have to starve on an Indian Reservation. Received by his commanding officer Lt. Col. George Armstrong Custer, Benton is gently told his first encounter with the enemy has been disastrous but Custer confirms that he did the right thing by following Dakota's advice not to pursue the hostile party. Custer invites Benton to a dress dance held at the fort that evening and dismisses the distraught Mr. Turner by telling him that he will visit the hostile Indians who abducted his wife in the morning. Benton's fiancee Caroline Reno is at the fort, but their relationship has grown cold due to Caroline's father Major Reno hating Benton. At the dress ball, where Custer wears a major general's tunic with Colonel's insignia, Major Reno comes in drunk and demands everyone address him as ""Major General Reno"" due to his former rank in the Confederate States of America's army and salute him. Custer replies with good nature, attempting to reconcile the former warriors of the North and South, but Reno is in a bad mood. He physically attacks Benton but only hits the floor, prompting Benton to inform Caroline that her ""family tree has fallen"". The next day Benton join's Custer's patrol who meet Crazy Horse and Sitting Bull to negotiate Mrs. Turner's release. The Indians propose Custer release all his Indian prisoners in exchange for Mrs Turner. Custer decides on a compromise, he will hang the Indian leaders if Mrs Turner is not released. Mrs Turner is released. Custer gains Benton's respect by Custer's disgust at the corrupt Indian agents who he feels have been put in place by a corrupt Federal administration that Custer and his wife Libby will confront in Washington. Before their departure the captive Indians unsuccessfully attempt to escape and are slaughtered. In Washington, D.C., Colonel Custer destroys his military career by formally accusing many Federal politicians with corruption, including Orvil Grant, the brother of the President of the United States Ulysses S. Grant. When the President refuses to meet with Custer, he begins to realize his military career may have come to a premature end. Meanwhile, back in the West the Army's commander General Alfred Howe Terry visits the fort and summons Major Reno and Captain Benton to inform them that Custer is going to be court martialed. Major Reno is deflated when the General offers Captain Benton command of the 7th Cavalry and a promotion to brevet colonel. Captain Benton refuses and considers resigning his commission out of loyalty to his commander. Major Reno's daughter browbeats her father, who says he will not accept command of the regiment, gives his blessing to Caroline and Benton's marriage and gives up his drinking. In Washington Senator James G. Blaine visits the humbled Custer and tempts him with an offer to be the party's candidate for President of the United States. The Senator informs Custer this can be accomplished through obtaining a reputation through his military exploits in a war with the Indians. The Senator assigns a newspaper journalist/minder possibly based on Mark Kellogg to Custer, who is sent back without court martial to his regiment. Benton notices that Custer's empathetic feelings for the Native Americans have vanished and he is pushing his regiment into a war where he can claim glory. Custer motivates his command by personally shooting deserters in the back including his scout Dakota who has turned from Indian baiter to Indian booster. This prompts Benton to strike his commanding officer where he is arrested. He is freed by Indians who know of his attempts to help their people at the aborted escape but when his Indian friends are ambushed by a cavalry patrol Benton attempts to warn Colonel Custer of a mass Indian army made up of a combination of several tribes."
wiki-08224,The Happiest Millionaire,"The story begins in Autumn of 1916, and follows an Irish immigrant named John Lawless (Tommy Steele) as he applies for a butler position with eccentric Philadelphia millionaire Anthony J. Drexel Biddle (Fred MacMurray). Even though the family is a bit strange, Lawless soon learns that he fits right in. Mr. Biddle takes a liking to him immediately. For the rest of the film, Lawless serves as the narrator/commentator. Mr. Biddle busies himself with his Biddle Boxing and Bible School (located in his stable) and with his alligators in the conservatory. He is also anxious to get America into the War in Europe (World War I), despite the government's policy of neutrality. His wife, Cordelia (Greer Garson), stands quietly by, accepting his eccentricities with a sense of pride and class. Their two sons, Tony and Livingston (Paul Petersen and Eddie Hodges, respectively) are headed off to boarding school, never to be seen in the film again. Their daughter, Cordy (Lesley Ann Warren, in her film debut), is a tomboy with a mean right hook who was educated by private tutors and has had limited contact with conventional society. She is frustrated by her apparent inability to attract suitors and wants to see what is beyond the Biddle manor. Mr. Biddle reluctantly lets Cordy go to a boarding school as well (after some prodding from both Cordy and from his Aunt Mary (Gladys Cooper), where her roommate teaches her how to lure men with feminine wiles, known as ""Bye-Yum Pum Pum"". At a social dance hosted by her aunt and uncle, Cordy meets Angier Buchanan Duke (John Davidson, in his film debut) and they fall in love. He tells Cordy that he is fascinated with the new automobile and wants to head to Detroit, Michigan to make his fortune there, instead of taking over his family's tobacco business. That winter, Cordy comes back to her parents' home and tells them that she is engaged. At first, this is a difficult thing for Mr. Biddle to take. He does not want to give up his little girl. But, after meeting Angie and witnessing first-hand his Jiu Jitsu fighting skills, Mr. Biddle takes a liking to him and accepts the engagement. Then Cordy travels with Angie to New York City to meet his mother (Geraldine Page). Soon the Biddles and the Dukes are making arrangements for a very grand wedding. Constant condescending comments from Angie's mother anger Cordy. To make matters worse, their families' elaborate planning for the ""social event of the season"" (it is by now the spring of 1917), makes both Cordy and Angie feel pushed aside. The tension reaches a climax when Cordy learns that Angie has abandoned his plans for Detroit, and is instead taking his place in the family business, following his mother's wishes. Cordy angrily calls the wedding off, thinking of Angie as a mama's boy, and Angie storms out of the house. Both families are instantly in a tremendous state of upheaval. Mr. Biddle sends John Lawless to look after Angie. John finds Angie at the local tavern, contemplating what he will do next. During a rousing song-and-dance sequence, John tries to convince Angie to go back to Cordy. However, Angie is stubborn and thinks of other ways to deal with his problems, among other things saying that he wants to join the Foreign Legion. Angie unwittingly starts a bar fight (with a little help from John) and is hauled off to jail. The next morning, Mr. Biddle comes to bail Angie out. He tells Angie he has to forget about his own dreams and accept his place in the family business. His words have the desired effect, inspiring Angie to defy his mother and elope with Cordy and go to Detroit. Cordy, however, believes her father talked Angie into it, so to prove his sincerity, amid the cheering of the cell mates, Angie throws Cordy over his shoulder and carries her out of the jail house to start their new life together. (The short version of the film ends at this point.) After Mr. and Mrs. Biddle return home a delegation of Marines arrive to inform him he has been made a ""provisional captain"" in the Marine Corps; and is wanted immediately to go to Parris Island to help/continue training the recruits, now that America is finally entering the War. Mr. Biddle accepts with delight, and the hearty congratulations of his suddenly appearing Bible Boxing Class. Behind the final credits a car is seen driving toward a city skyline (apparently Detroit) dominated by factories spewing smoke to blacken the sky over the city."
wiki-08282,2001: A Space Odyssey,"In an African desert millions of years ago, a tribe of hominids is driven away from its water hole by a rival tribe. They awaken to find a featureless black monolith has appeared before them. Seemingly influenced by the monolith, they discover how to use a bone as a weapon and drive their rivals away from the water hole. Millions of years later, a Pan Am spaceplane carries Dr. Heywood Floyd to the huge Space Station 5 orbiting Earth for a layover on his trip to Clavius Base, a United States outpost on the Moon. After Floyd has a videophone call with his daughter, he rebuffs questions from his Soviet scientist friend and her colleague about rumors of a mysterious epidemic at Clavius Base. Floyd heads a meeting of Clavius Base personnel, apologizing for the epidemic cover story but stressing secrecy. His mission is to investigate a recently found artifact buried four million years ago. Floyd and others ride in a Moonbus to the artifact, a monolith identical to the one encountered by the ape-men. Sunlight strikes the monolith and a loud high-pitched radio signal is heard. Eighteen months later, the United States spacecraft Discovery One is bound for Jupiter. On board are mission pilots and scientists Dr. David Bowman and Dr. Frank Poole, along with three other scientists in suspended animation. Most of Discovery's operations are controlled by the ship's computer, HAL 9000, referred to by the crew as ""Hal"". Hal states that he is ""foolproof and incapable of error"". Hal raises concerns about the nature of the mission to Bowman, which the latter ignores. Hal then reports the imminent failure of an antenna control device. The astronauts retrieve it in an extravehicular activity (EVA) pod but find nothing wrong. Hal suggests reinstalling the device and letting it fail so the problem can be found. Mission Control advises the astronauts that results from their twin HAL 9000 indicate that Hal is in error. Hal insists that the problem, like previous issues ascribed to HAL series units, is due to human error. Concerned about Hal's behavior, Bowman and Poole enter an EVA pod to talk without Hal overhearing, and agree to disconnect Hal if he is proven wrong. Hal secretly follows their conversation by lip reading. While Poole is on a space walk outside his EVA pod attempting to replace the unit, Hal takes control of the pod, severs his oxygen hose and sets him adrift. Bowman takes another pod to rescue Poole. Meanwhile, Hal turns off the life support functions of the crewmen in suspended animation. When Bowman returns to the ship with Poole's body, Hal refuses to let him in, stating that the astronauts' plan to deactivate him jeopardizes the mission. Bowman opens the ship's emergency airlock manually, enters the ship, and proceeds to Hal's processor core. Hal tries to reassure Bowman, then pleads with him to stop, and finally expresses fear. As Bowman gradually deactivates the circuits controlling Hal's higher intellectual functions, Hal regresses to his earliest programmed memory, the song ""Daisy Bell"", which he sings for Bowman. When Bowman disconnects Hal, a prerecorded video message from Floyd reveals the existence of the monolith on the moon, its purpose and origin unknown. The object has been inert save for a powerful radio emission aimed at Jupiter. Only Hal had been told of the mission's true objectives. At Jupiter, Bowman leaves Discovery One in an EVA pod to investigate another monolith discovered in orbit around the planet. The pod is pulled into a vortex of colored light, and Bowman races across vast distances of space, viewing bizarre cosmological phenomena and strange landscapes of unusual colors. Bowman finds himself in a bedroom appointed in the neoclassical style. He sees, and then becomes, older versions of himself, first standing in the bedroom, middle-aged and still in his spacesuit, then dressed in leisure attire and eating dinner, and finally as an old man lying in the bed. A monolith appears at the foot of the bed, and as Bowman reaches for it, he is transformed into a fetus enclosed in a transparent orb of light. The new being floats in space beside the Earth, gazing at it."
wiki-08287,The Biggest Bundle of Them All,"An Italian gangster, Cesare Celli, formerly active in Chicago but now retired in his homeland of Italy, is kidnapped by Harry Price and his gang. Much to everyone's disappointment, none of Cesare's friends or associates is willing to pay a ransom to get him back. His professional pride offended by this development, Cesare offers to assist Harry and girlfriend Juliana in pulling off a daring heist that could net them $5 million. Cesare even brings in criminal mastermind Professor Samuels to run the operation. A Boeing B-17 Flying Fortress bomber is hijacked to be used to transport platinum ingots after a train robbery. Harry and the gang overcome many obstacles and the robbery is a great success, at least until the bomber doors open unexpectedly and the loot falls out."
wiki-08460,"Krakatoa, East of Java","In 1883, the volcano on the island of Krakatoa in the Netherlands East Indies begins to erupt, terrorizing the children at a mission school in Palembang on nearby Sumatra. Meanwhile, across the Sunda Strait at her home port of Anjer on the west coast of Java, the steamer Batavia Queen, under the command of Captain Chris Hanson (Maximilian Schell), takes aboard passengers and cargo, including a diving bell and a balloon. Among the passengers coming aboard are Douglas Rigby (John Leyton), the designer, owner, and operator of the diving bell; Giovanni Borghese (Rossano Brazzi) and his son Leoncavallo (Sal Mineo), who own and operate the balloon as ""The Flying Borgheses;"" Harry Connerly (Brian Keith), a diver; Connerly's mistress Charley Adams (Barbara Werle), who is a professional soprano and former saloon hostess; four female Japanese pearl divers led by Toshi (Jacqui Chan); and Laura Travis (Diane Baker), a married woman who had an extramarital affair with Hanson in Batavia. Laura was married to an abusive man with whom she had a son named Peter. Her husband did not want the marriage but also threatened to take Peter away from her if she asked for a divorce. Wanting to be with Hanson, she had asked for a divorce anyway, and her husband had left her, taking both Peter and a fortune in pearls with him aboard the steamer Arianna. The Arianna had sunk off Krakatoa during a storm, and a guilt-ridden Laura, fearing that Peter had died aboard the Arianna and blaming herself for his death, had spent a year in a mental institution before coming aboard the Batavia Queen. Hanson has organized the Batavia Queen's voyage to find the wreck of the Arianna, salvage the pearls, and determine Peter's fate – and to find Peter if he is still alive. Hanson plans to use a variety of techniques to search for the wreck and salvage the pearls, with the Borgheses' balloon conducting an aerial search of shallow waters around Krakatoa, the pearl divers providing a mobile underwater search-and-salvage capability in shallow waters, Rigby in his diving bell searching in deeper water, and Connerly responsible both for recovering the pearls if they are in waters too deep for the pearl divers and for assisting in the heavy work of bringing the Arianna's safe to the surface. Colonial authorities arrive just before the Batavia Queen departs and force Hanson to take 30 convicts and their jailer aboard for transportation to Madura Island, countering his argument that the ship is not equipped to accommodate them and has no room for them by telling him to transport the prisoners in the ship's hold in appalling conditions. Hanson plans to deliver the convicts to Madura after recovering the pearls off Krakatoa. One of the prisoners, Lester Danzig (J. D. Cannon), is an acquaintance of Hanson's, and Hanson allows him to make the voyage on deck instead of in the hold. Aware that Krakatoa has begun to erupt and warned by a colonial official that the island is a ""raging volcano,"" Hanson replies that the volcano had been quiet for the previous 200 years and posed no threat now. During the Batavia Queen's voyage to Krakatoa, her crew and passengers observe strange phenomena: They see seabirds swarming in huge flocks by day, witness a series of fiery explosions erupting from the sea one evening, and hear a high-pitched, ear-splitting hissing and whistling sound like that of escaping steam on another night. During a conversation on deck one night, Danzig discovers that Connerly is using laudanum to kill the pain of a lung disease which he is keeping secret from Hanson because it might interfere with his diving abilities. Danzig informs Connerly of Laura's time in the mental institution, calling into question the veracity of her story about the pearls. The Borgheses, Connerly, Charley, Rigby, and Toshi confront Hanson about Laura's mental state, but Hanson assures them that Laura's story about the Arianna is true. Connerly takes so much laudanum that he hallucinates one night, attacks one of the pearl divers, and assaults several crewmen coming to her aid before they can subdue him. On Hanson's orders, the Batavia Queen's crew suspends Connerly in a slatted box above the main deck so that he will pose no danger to others aboard the ship; Charley tearfully pleads with Hanson for Connerly's release, and Hanson relents and frees him. Meanwhile, Leoncavallo and Toshi take a romantic interest in one another. The Batavia Queen arrives off Krakatoa to find the island shrouded in thick smoke. It clears when she anchors off the island, and the Borgheses ascend in their balloon while Rigby descends in his diving bell. The Borgheses quickly discover the wreck of the Arianna and guide the Batavia Queen and the submerged Rigby to it. Immediately afterwards, the motor driving the propeller that allows them to steer their balloon fails and they careen helplessly over Krakatoa and into its active crater. They jettison the useless engine and propeller into the crater's lava lake to reduce weight and finally are blown clear of the crater by a volcanic explosion which sets their balloon afire. They drift away from the island, leap into the sea, and are rescued, but the fire destroys the balloon. Danzig tells Hanson of Connerly's lung problems, and Hanson decides that he will dive on the Arianna instead of Connerly. While Connerly and Hanson argue over this, Rigby's diving bell becomes snagged on coral. The pearl divers, Hanson, and Connerly all dive into the water to free Rigby, and while they and the Batavia Queen's other passengers and crew are thus occupied, Danzig steals a pistol he finds in the ship's chart room, knocks the jailer unconscious, and frees the prisoners. They take over the ship, throw the unconscious jailer overboard to drown, and imprison the passengers and crew in the hold, where they also place Rigby and the pearl divers when they return to the Batavia Queen. Before returning, and unaware of the turn of events aboard the Batavia Queen, Hanson and Connerly swim to the wreck of the Arianna, find the ship's safe, and attach a cable to it to have it hoisted aboard the Batavia Queen. Upon their return, Danzig has Connerly lowered into the hold but forces Hanson to look on at gunpoint as he opens the Arianna's safe on the Batavia Queen's deck. They find nothing in the safe but a cheap pocket watch. When an explosion on Krakatoa distracts Danzig, Hanson overpowers him, takes the pistol from him, pushes the heavy safe over onto one convict, shoots two others, and uses steam from a hose to force the rest of the prisoners to jump overboard. They swim to nearby Krakatoa, never to be seen again. After Hanson frees the passengers and crew from the hold, Rigby finds another compartment in the safe which contains the Arianna's logbook. Laura and Hanson examine the logbook for clues about Peter's fate. The logbook reveals that the Arianna made a last port call at Palembang before sinking, and a letter tucked into the logbook says that Peter disembarked there to attend the mission school. Hanson decides to steam to Palembang to find Peter. By now, Krakatoa is erupting continually, and the volcano's explosions begin to hurl lava bombs into the surrounding sea. A number of them strike the Batavia Queen as she gets underway for Palembang, starting fires which the crew puts out. As Toshi runs across the deck toward Leoncavallo, one of the lava bombs strikes and kills her. The Batavia Queen arrives off Palembang to find the mission school heavily damaged, burning, and abandoned. Hanson hails a passing junk, and someone aboard the junk tells him that the staff and students of the school all are alive and had fled Palembang that morning aboard another boat, intending to sail to Java. The Batavia Queen soon comes to the assistance of an overcrowded and sinking sampan, which proves to be the school's boat. The Batavia Queen's passengers and crew rescue everyone aboard the sampan, including Peter, who has a joyful reunion with Laura. A chest belonging to Peter comes aboard the Batavia Queen during the rescue; it contains the pearls, and Connerly, Rigby, the Borgheses, and the three surviving pearl divers receive their shares of the fortune. Krakatoa's violent explosions become larger and continuous; Hanson assumes that they will generate a tsunami and begins to prepare the Batavia Queen to ride it out. Although Hanson assures him that a tsunami will destroy nearby Anjer and that he is safer at sea aboard the Batavia Queen if she can get to deep water in time, Connerly disputes the ship's ability to survive and demands that Hanson allow those who wish to go ashore to row to Anjer with him in one of the ship's lifeboats. Giovanni Borghese, Charley, and the three surviving pearl divers all join Connerly in the lifeboat and row to Anjer. Krakatoa disintegrates in one final, cataclysmic explosion, which generates an enormous tsunami. It strikes Anjer shortly after the Batavia Queen's lifeboat arrives there; unable to outrun the wave, Connerly and Charley embrace for the last time before the wave engulfs and kills them. At sea, Hanson, Laura, Peter, Rigby, Leoncavallo Borghese, the refugees from the mission school, and the ship's crew ride out the tsunami successfully aboard the Batavia Queen."
wiki-08624,Zabriskie Point,"In a room at a university campus in 1970, white and black students argue about an impending student strike. Mark (Mark Frechette) leaves the meeting after saying he is ""willing to die, but not of boredom"" for the cause, which draws criticism from the young white radicals. Following a mass arrest at the campus protest, Mark visits a police station hoping to bail his roommate out of jail. He is told to wait but goes to the lock-up area, asks further about bail for his roommate, is rebuffed, calls out to the arrested students and faculty and is arrested. He gives his name as Karl Marx, which a duty officer types as ""Carl Marx"". After he is released from jail, Mark and another friend buy firearms from a Los Angeles gun shop, saying they need them for ""self-defense"" to ""protect our women."" In a downtown Los Angeles office building, successful real estate executive Lee Allen (Rod Taylor) reviews a television commercial for Sunny Dunes, a new resort-like real estate development in the desert. Instead of actors or models, the slickly produced commercial features casually dressed, smiling mannequins. In the next scene Allen talks with his associate (G. D. Spradlin) about the greater Los Angeles area's very rapid growth as the two drive through crowded streets. Mark goes to a bloody campus confrontation between students and police. Some students are tear-gassed and at least one is shot. As Mark reaches for a gun in his boot, a Los Angeles policeman is seen being fatally shot, although it is unclear by whom.[8] Mark flees the campus and rides a city bus to suburban Hawthorne where, after failing to buy a sandwich on credit from a local blue-collar delicatessen, he walks to Hawthorne Municipal Airport, steals a small Cessna 210 aircraft and flies into the desert. Meanwhile, Daria (Daria Halprin), ""a sweet, pot-smoking post-teenybopper of decent inclinations"", is driving across the desert towards Phoenix in a 1950s-era Buick automobile to meet her boss Lee, who may or may not also be her lover.[8] Along the way Daria is searching for a man who works with ""emotionally disturbed"" children from Los Angeles. She finds the young boys near a roadhouse in the Mojave desert but they tease, taunt, and grab at her, boldly asking for ""a piece of ass"", to which she asks in reply, ""Are you sure you'd know what to do with it?"" Daria flees in her car. While filling its radiator with water, she is spied from the air by Mark, who buzzes her car and then flies only 15 feet over her as she lies face down in the sand. He throws a T-shirt out of the window of the aircraft for her to pick up. Daria goes from upset to curious and smiling during this sequence. They later meet at the desert shack of an old man, where Mark asks her for a lift so he can buy gasoline for the aircraft. The two then wander to Zabriskie Point, where they make love and the site's geological formations seem to come alive in a dusty orgy.[Note 2] Later, a California highway patrolman suspiciously questions Daria. Hidden behind a portable toilet meant for tourists, Mark takes aim at the policeman but Daria stands between the two of them to block this, apparently saving the policeman's life before he drives away. Daria asks Mark if he was the one who killed the cop in Los Angeles. He states that he wanted to, but someone else shot the officer first and that he ""never got off a shot"". Returning to the stolen aircraft, they paint it with politically-charged slogans and psychedelic colors. Daria pleads with Mark to travel with her and leave the aircraft but Mark is intent on returning and taking the risks that it involves. He flies back to Los Angeles and lands the plane at the airport in Hawthorne. The police (along with some radio and television reporters) are waiting for him, and patrol cars chase the aircraft down the runway. Instead of stopping, Mark tries to turn the taxiing aircraft around across the grass and is shot to death by one of the policemen. Daria learns about Mark's death on the car radio. She drives to Lee's lavish desert home, ""a desert Berchtesgaden""[8] set high on a rock outcropping near Phoenix, where she sees three affluent women sunning themselves and chatting by the swimming pool. She grieves for Mark by drenching herself in the house's architectural waterfall. Lee is deeply immersed in a business meeting having to do with the complex and financially risky Sunny Dunes development. Taking a break, he spots Daria in the house and happily greets her. She goes downstairs alone and finds the guest room that has been set aside for her but after briefly opening the door, she shuts it again. Seeing a young Native American housekeeper in the hallway, Daria leaves silently. She drives off but stops to get out of the car and look back at the house, her own imagination seeing it repeatedly blown apart in billows of orange flame and household items.[Note 3]"
wiki-08718,Red Sky at Morning,"The film follows Josh Arnold (Thomas), whose family relocates to Corazon Sagrado, New Mexico during World War II. The title of the book/film comes from a line in an ancient mariner's rhyme, ""Red sky at morning, sailor take warning"""
wiki-08727,Skin Game,"Quincy Drew (Garner) and Jason O'Rourke (Gossett) travel from town to town in the south of the United States during the slavery era. Both men first meet when O'Rourke sells Drew a horse- a stolen horse belonging to the local Sheriff. They meet again by chance in jail after pulling various con jobs. (In comic relief they both pull out an Ace of Spades as they play cards.) They develop a con together in which Drew claims to be a down-on-his-luck slave owner who is selling O'Rourke as a slave. Drew gets the bidding rolling, sells O'Rourke, and the two later meet up to split the profit. O'Rourke was born a free man in New Jersey and is very well educated. The twist comes when O'Rourke is sold to a slave trader who is very savvy and intent on taking him down south to make a profit."
wiki-08795,The Godfather,"In 1945, at his daughter Connie's wedding, Vito Corleone hears requests in his role as the Godfather, the Don of a New York crime family. Vito's youngest son, Michael, who was a Marine during World War II, introduces his girlfriend, Kay Adams, to his family at the reception. Johnny Fontane, a famous singer and Vito's godson, seeks Vito's help in securing a movie role; Vito dispatches his consigliere, Tom Hagen, to Los Angeles to persuade the obstinately-opposed studio head Jack Woltz to give Johnny the part. Woltz refuses until he wakes up in bed with the severed head of his prized stallion. Shortly before Christmas, drug baron Virgil ""The Turk"" Sollozzo, backed by the Tattaglia crime family, asks Vito for investment in his narcotics business and protection through his political connections. Wary of involvement in a dangerous new trade that risks alienating political insiders, Vito declines. Suspicious, Vito sends his enforcer, Luca Brasi, to spy on them. However, a Tattaglia button man garrotes Brasi during Brasi's first meeting with Bruno Tattaglia and Sollozzo. Later Sollozzo has Vito gunned down in the street, then kidnaps Hagen. With Corleone first-born Sonny in command, Sollozzo pressures Hagen to persuade Sonny to accept Sollozzo's deal, then releases him. The family receives fish wrapped in Brasi's bullet-proof vest, indicating that Luca ""sleeps with the fishes."" Vito survives, and at the hospital Michael thwarts another attempt on his father; Michael's jaw is broken by NYPD Captain Marc McCluskey, Sollozzo's bodyguard. Sonny retaliates with a hit on Bruno Tattaglia. Michael plots to murder Sollozzo and McCluskey: on the pretext of settling the dispute, Michael agrees to meet them in a Bronx restaurant. There, retrieving a planted handgun, he kills both men. Despite a clampdown by the authorities, the Five Families erupt in open warfare and Vito's sons fear for their safety. Michael takes refuge in Sicily and Fredo is sheltered by Moe Greene in Las Vegas. Sonny attacks his brother-in-law Carlo on the street for abusing his sister and threatens to kill him if it happens again. When it does, Sonny speeds to their home, but is ambushed at a highway toll booth and riddled with submachine gun fire. While in Sicily, Michael meets and marries Apollonia Vitelli, but a car bomb intended for him takes her life. Devastated by Sonny's death, Vito moves to end the feuds. Realizing that the Tattaglias are controlled by the now-dominant Don Emilio Barzini, Vito assures the Five Families that he will withdraw his opposition to their heroin business and forgo avenging his son's murder. His safety guaranteed, Michael returns home to enter the family business and marry Kay, promising her that the business will be legitimate within five years. Kay gives birth to two children by the early 1950s, and with his father at the end of his career and his brother too weak, Michael takes the family reins. He insists Hagen relocate to Las Vegas and relinquish his role to Vito because Tom is not a ""wartime consigliere""; Vito agrees Tom should ""have no part in what will happen"" in the coming battles with rival families. Michael travels to Las Vegas to buy out Greene's stake in the family's casinos. Michael is dismayed to see that Fredo has fallen under Greene's sway. In 1955, Vito suffers a fatal heart attack. At the funeral, Tessio, a Corleone capo, asks Michael to meet with Don Barzini, signalling the betrayal that Vito had forewarned. The meeting is set for the same day as the christening of Connie's baby. While Michael stands at the altar as the child's godfather, Corleone assassins murder the other New York dons and Moe Greene. Tessio is executed for his treachery and Michael extracts Carlo's confession to his complicity in setting up Sonny's murder for Barzini. A Corleone capo, Clemenza, garrotes Carlo with a wire. Connie accuses Michael of the murder, telling Kay that Michael ordered all the killings. Kay is relieved when Michael finally denies it, but, when the capos arrive, they address her husband as Don Corleone, and she watches as they close the door on her."
wiki-08849,The Revengers,"The Civil War is over and Medal of Honor winner John Benedict is a Colorado rancher now, with a wife and four children. His pride and joy, son Morgan, is invited to attend West Point, but prefers to help run his father's ranch. One day while John is away, he sees Comanche Indians riding from the ranch. He returns to find his family killed, with Morgan hanged inside a barn. Vowing vengeance, John ignores a posse organized by Sheriff Whitcomb and forms his own band, freeing six men from a prison. If they help him find Tarp, who apparently led the slaughter of his family, John will do everything in his power to secure their pardons. One of the six, Chamaco, bonds with John, feels like a son to him, but is offended by John's reaction to that. He shoots John in the chest. Elizabeth Reilly nurses John back to health, saying the bullet missed his heart by an inch. The six convicts, including Chamaco, continue to follow John in his quest. The trail leads them to a U.S. Army camp, where the six help fend off an Indian attack. By the time John comes face-to-face with Tarp, his thirst for revenge is gone and he rides home."
wiki-09114,At Long Last Love,"Four socialites unexpectedly clash: heiress Brooke Carter runs into the Italian gambler Johnny Spanish at the race track while playboy Michael O. Pritchard nearly runs into stage star Kitty O'Kelly with his car. Backstage at Kitty's show, it turns out she and Brooke are old friends who attended public school together. The foursome do the town, accompanied by Brooke's companion Elizabeth, who throws herself at Michael's butler and chauffeur Rodney James. The four friends change partners at a party, where Brooke and Michael step outside behind Kitty and Johnny. In an effort to make the others jealous, Kitty, Johnny, Brooke, Michael, Elizabeth and Rodney begin their romance."
wiki-09156,Jaws,"During a beach party at dusk on Amity Island, a young woman, Chrissie Watkins, goes skinny dipping in the ocean. While treading water, she is violently pulled under. The next day, her partial remains are found on shore. The medical examiner's ruling that the death was due to a shark attack leads police chief Martin Brody to close the beaches. Mayor Larry Vaughn overrules him, fearing that the town's summer economy will be ruined. The coroner now concurs with the mayor's theory that Watkins was killed in a boating accident. Brody reluctantly accepts their conclusion until another fatal shark attack occurs shortly thereafter. A bounty is placed on the shark, prompting an amateur shark-hunting frenzy. Local professional shark hunter Quint offers his services for $10,000. Meanwhile, consulting oceanographer Matt Hooper examines Watkins's remains, and confirms her death was caused by a shark—an unusually large one. When local fishermen catch a tiger shark, the mayor proclaims the beaches safe. Hooper disputes that it is the same predator, confirming this after no human remains are found inside it. Hooper and Brody find a half-sunken vessel while searching the night waters in Hooper's boat. Underwater, Hooper retrieves a sizable great white shark's tooth embedded in the submerged hull. He drops it in fright after encountering a partial corpse. Vaughn discounts Brody and Hooper's claims that a huge great white shark is responsible for the deaths, and refuses to close the beaches, allowing only added safety precautions. On the Fourth of July weekend, tourists pack the beaches. Following a juvenile prank, the real shark enters a nearby estuary, killing a boater and causing Brody's oldest son, Michael, to go into shock. Brody then convinces Vaughn to hire Quint. Quint, Brody, and Hooper set out on Quint's boat, the Orca, to hunt the shark. While Brody lays down a chum line, Quint waits for an opportunity to hook the shark. Without warning, it appears behind the boat. Quint, estimating its length at 25 feet (7.6 m), harpoons it with a line attached to a flotation barrel, but the shark pulls the barrel underwater and disappears. At nightfall, the shark returns unexpectedly, ramming the boat's hull, and disabling the power. The men work through the night, repairing the engine. In the morning, Brody attempts to call the Coast Guard, but Quint smashes the radio. After a long chase, Quint harpoons another barrel into the shark. The line is tied to the stern cleats, but the shark drags the boat backward, swamping the deck and flooding the engine compartment, before breaking the cleats off. Quint severs the line to prevent the transom from being pulled out. He heads toward shore to draw the shark into shallower waters, but the overtaxed engine fails. With the Orca slowly sinking, the trio attempt a riskier approach. Hooper puts on scuba gear and enters the water in a shark-proof cage, intending to lethally inject the shark with strychnine, using a hypodermic spear. The shark demolishes the cage before Hooper can inject it, but he manages to escape to the seabed. The shark then attacks the boat directly and devours Quint. Trapped on the sinking vessel, Brody stuffs a pressurized scuba tank into the shark's mouth, and, climbing the mast, shoots the tank with a rifle. The resulting explosion obliterates the shark. Hooper surfaces, and he and Brody paddle to Amity Island clinging to boat wreckage."
wiki-09194,Royal Flash,"The film begins with Flashman making a patriotic speech to the boys of Rugby School framed by a giant Union Flag, in a scene which appears to be a parody of the opening sequence in the 1970 film Patton. There is a brief flashback to the events of the original Flashman, with the head of the Rugby School (Michael Hordern) recounting Flashman's exploits in Afghanistan. The film then follows the plot of the book, which itself largely derives from The Prisoner of Zenda. Flashman is forced by Otto von Bismarck to impersonate a Danish prince, who is about to marry a German princess (Britt Ekland). Bismarck exacts this retribution partly in revenge for his humiliation at the hands of Flashman in London; Flashman stole Bismarck's mistress Lola Montez, then manoeuvred him into boxing against a professional boxer, John Gully (played by Henry Cooper), at a house party. Bismarck does not wish the Princess to marry a Dane, since this may tilt the balance on the Schleswig-Holstein Question and interfere with his plans for a united Germany.[2]"
wiki-09200,The Sunshine Boys,"Al Lewis (George Burns) and Willy Clark (Walter Matthau) are two elderly comedians who were once a popular vaudeville comedy act known as ""Lewis and Clark"" and also called the Sunshine Boys. After 43 years together, they parted ways 11 years ago on unfriendly terms and have not spoken to each other since then. The break-up was due, in part, to Al's intent to retire and Willy's desire to continue performing. Willy's nephew, Ben (Richard Benjamin), a talent agent, tries finding work for Willy, which proves difficult due to Willy's age and blustery temperament. When one of the major networks decides to air a program on the history of comedy and wants the Sunshine Boys to reunite for the show, Ben tries securing the duo's cooperation one last time. Ben tries managing the individual quirks of two old men in their twilight years, including omitting the abuse and insults each used in discussing the other with him, and diplomatically portraying each as anxious to do the ""Doctor Sketch"" for an ABC special to give the appearance of harmony. An attempt to rehearse the Doctor Sketch at Willy's apartment starts with the two grudgingly getting re-acquainted, but goes only as far as Al entering the doctor's (Willy's) office, before Willy decides to change the scripted long-established ""Come in"" to ""Enter!"" This results in a loud shouting argument and Al's stormy departure. Ben has to patch up and salvage the situation, despite the objections of Al's daughter to her father being bothered any more about the special and manages to get them in the studio. In the dressing room, they do not speak to each other as persons, just like they did in the last year they did their sketches. There is unpleasantness when Willy carelessly dumps makeup jars on Al, followed by Willy's usual trouble with doors, in the dressing room. After Phyllis Diller finishes her scene and Steve Allen speaks his introduction, the Doctor Sketch starts. It flows smoothly until Willy starts shouting about Al's spitting on him and poking him in the chest. Despite Ben and the staff trying to restore order, Willy finally storms off the set, shouting accusations and abuse, and Al also leaves (finding it impossible to work with the man). In the stairwell, Willy's ongoing temper tantrum results in him being felled by a serious heart attack. Willy recovers, first in the hospital and then at home with a private nurse, with whom he argues. Ben visits and tells him that he has to retire now. He has in mind an actor's retirement home. Al is also going to move into the same retirement home, as his daughter is going to have a baby, and she will need his room. The two meet again at Willy's apartment, in attempts to finally establish a friendship."
wiki-09236,Embryo,"Dr. Paul Holliston (Rock Hudson) is a geneticist who has been living alone in his rambling clinic, which he operates out of his home, after losing his wife in a car crash. This leads to his feeling constant pangs of guilt from his sister-in-law Martha Douglas (Diane Ladd), who has become his assistant. One night, Holliston runs over a pregnant Doberman Pinscher. The dog is fatally injured, but Holliston manages to save one of her unborn puppies by gestating it in an artificial uterus. Because the device still requires nutrients to be supplied by the mother, he must drastically shorten the gestation period: to this end, he uses an experimental growth hormone made from human placental lactogen, which speeds up the embryo's growth. The dog grows to adult size in a few days, and Holliston passes it off as the mother to disguise his secret experiments. Thanks to the serum, it learns incredibly fast and soon becomes a well-trained dog. However, Holliston fails to notice that the animal's aggression is increasing commensurately: while he is out on an errand, it kills an annoying small dog and conceals the carcass. Eager to use his discovery for the good of mankind, Holliston applies the same technique to an unborn human extracted from a suicide victim. However, the subject's cells age uncontrollably, so Holliston uses the drug methotrexate to counter the effect. It works, and the embryo grows into a 24-year-old woman he names Victoria (Barbara Carrera). Holliston educates Victoria, and she soon gathers photographic encyclopedic knowledge of science, literature and culture. He begins introducing her to his friends and coworkers as a University of Colorado graduate, and she wows them with a riveting game of chess against chess champion Riley (Roddy McDowall), infuriating him when she deliberately lets him win the final move at Holliston's subtle urging. Holliston completes Victoria's education by engaging in sex with her at her encouragement. Soon afterwards, Victoria discovers the rapid aging of her cells has resumed and becomes addicted to the methotrexate to stave off her deterioration. Thanks to a chance meeting with the manager of Teletex International computer systems at a party, Victoria is able to access the most advanced computer system in the state which informs her that she can counter the aging with pituitary gland extract from a 5 to 6 month old human fetus. In addition, Martha has grown jealous of Victoria's success, and finds out the University of Colorado has never heard of her. Before she leaves for Minneapolis, Victoria poisons her with methotrexate in order to keep her origin secret. Shortly after Martha's departure, Holliston is informed of her fatal heart attack. Holliston leaves to meet with Martha's coroner. Meanwhile, Victoria destroys all of Holliston's research records and tapes concerning his experiments. Victoria murders a prostitute to get her unborn child. However, the records indicated the child was already dead in the womb and unviable for her needs. When the autopsy reveals that Martha's death may have been a homicide, Holliston hurries home and alerts his son Gordon to meet him there to go after Victoria. He finds Victoria, now middle-aged, having surgically removed his daughter-in-law Helen's baby. When he attempts to capture her she stabs and kills Gordon, sending the gestating tank containing the baby crashing to the floor. Now determined to kill Victoria, Holliston gets in a car chase after her. When a now-elderly Victoria crashes her car, Holliston pulls her out to finish her off, but paramedics intervene and discover the geriatric victim is in labor. As she is being carried away, she reveals that she is pregnant with his baby, causing Holliston to cry out for her death in despair. As the scene fades to black, the cry of a newborn child is heard."
wiki-09414,Ruby,"In 1935, a lowlife mobster, Nicky Rocco, is betrayed and executed in the swampy backwoods as his pregnant gun-moll, Ruby Claire watches. He swears vengeance with his dying breath, and then she suddenly goes into labour. Sixteen years later in 1951, Ruby is now running a drive-in theatre in the backwoods near her home and employs some ex-mobsters. Her 16-year-old daughter, Leslie Claire, is mute and has been since birth. Soon strange and bizarre accidents claim the lives of Ruby's employees, then Leslie begins to show strange behaviour, and then begins to speak... in her dead father's voice. Nicky Rocco possesses his daughter's body and terrorizes Ruby with levitations, telekinesis, maniacal laughing and bizarre sexual aggression."
wiki-09559,Alien,"The commercial space tug Nostromo is on a return trip to Earth with a seven-member crew in stasis: Captain Dallas (Tom Skerritt), Executive Officer Kane (John Hurt), Warrant Officer Ripley (Sigourney Weaver), Navigator Lambert (Veronica Cartwright), Science Officer Ash (Ian Holm) and two Engineers, Parker (Yaphet Kotto) and Brett (Harry Dean Stanton). Detecting a transmission from the nearby planetoid LV-426, the ship's computer, Mother, awakens the crew. Company policy requires crews to investigate such transmissions, so they land on the planetoid, sustaining damage from its atmosphere and rocky landscape. Parker and Brett repair the ship while Dallas, Kane and Lambert head out to investigate. They discover the signal comes from a derelict alien spacecraft and head inside it, losing communication with Ash. Inside, they find the remains of a large alien creature. Ripley deciphers part of the transmission, determining it's not a distress signal, but a warning of some kind. In the spacecraft, Kane discovers a chamber containing hundreds of large egg-like objects. When he touches one, it opens and a creature springs out and attaches to his face through the facemask of his spacesuit. Dallas and Lambert carry the unconscious Kane back to the Nostromo. As acting senior officer, Ripley refuses to let them aboard, citing quarantine regulations, but Ash ignores Ripley and lets them in. The crew unsuccessfully attempt to remove the creature from Kane's face, discovering that its blood is an extremely corrosive acid. It later detaches on its own and is found dead. The ship is partly repaired, and the crew lifts off. Kane awakens with some memory loss but otherwise unharmed. During a final crew meal before returning to stasis, he chokes and convulses in pain, then dies as a small alien creature bursts from his chest and escapes into the ship. The crew attempts to locate it with a tracking device and capture or kill it with nets, electric prods and flamethrowers. Brett follows the crew's cat, Jones, into an engine room and the now fully-grown alien (Bolaji Badejo) attacks him and disappears with his body into an air shaft. After heated discussion, the crew decide the creature must be in the air ducts. Dallas enters the ducts, intending to force the alien into the airlock, but it ambushes him. Lambert implores the others to abandon ship and escape in its small shuttle. Now in command, Ripley explains that the shuttle will not support four people and pushes to continue with Dallas' plan of flushing out the alien. Now with access to Mother, Ripley discovers that Ash has been secretly ordered to return the alien to the company, with the crew deemed expendable. Ripley confronts Ash and he tries to choke her to death. Parker intervenes and clubs Ash, knocking off his head and revealing him to be an android. Parker reanimates Ash's head and they learn he was assigned to the Nostromo to ensure the creature was returned for analysis at any expense, including the crew's lives. Ash taunts them about their chances against the ""perfect organism"". Ripley disconnects Ash and Parker burns his smashed remains with a flamethrower. Ripley, Lambert, and Parker agree to self-destruct the Nostromo and escape in the shuttle. Parker and Lambert are killed by the alien while gathering life-support supplies. Ripley initiates the self-destruct sequence and heads with the cat to the shuttle to find the alien in her path. She retreats and attempts unsuccessfully to abort the self-destruct. She returns to the shuttle, where the alien is gone, and she narrowly escapes in the shuttle as the Nostromo explodes. As she prepares for stasis, Ripley finds the alien has stowed-away aboard the shuttle. She puts on a spacesuit and opens the shuttle's airlock. The explosive decompression forces the alien into the airlock doorway. She shoots it with a grappling hook to propel it into space, but the gun catches as the airlock closes, tethering the alien to the shuttle. It attempts to crawl into one of the engines but Ripley fires them to blast the alien into space. After recording the voyage final log entry, she places herself and the cat into stasis for the trip home to Earth."
wiki-10070,The Day After,"The story follows several citizens—and people they encounter—in and around Kansas City, Missouri and the college town of Lawrence, Kansas, 40 miles (64 km) to its west. The film's narrative is structured as a before-during-after scenario of a nuclear attack: the first segment introduces the various characters and their stories; the second shows the nuclear disaster itself; and the third details the effects of the fallout on the characters. During the first segment, as the characters are introduced, the chronology of events leading up to the war is depicted entirely via television and radio news broadcasts as well as communications among US military personnel and hearsay, enhanced by characters' reactions and analysis of the events. The Soviet Union is shown to have commenced a military buildup in East Germany (which the Soviets insist are Warsaw Pact exercises) with the goal of intimidating the United States, the United Kingdom, and France into withdrawing from West Berlin. When the United States does not back down, Soviet armored divisions are sent to the border between East and West Germany. During the late hours of Friday, September 15, news broadcasts report a ""widespread rebellion among several divisions of the East German Army."" As a result, the Soviets blockade West Berlin. Tensions mount, and the United States issues an ultimatum that the Soviets stand down from the blockade by 6:00 a.m. the next day, and noncompliance will be interpreted as an act of war. The Soviets refuse, and the President of the United States orders all U.S. military forces around the world on DEFCON 2 alert. On Saturday, September 16, NATO forces in West Germany invade East Germany through the Helmstedt checkpoint to free Berlin. The Soviets hold the Marienborn corridor and inflict heavy casualties on NATO troops. Two Soviet MiG-25s cross into West German airspace and bomb a NATO munitions storage facility, also striking a school and a hospital. A subsequent radio broadcast states that Moscow is being evacuated. At this point, major U.S. cities begin mass evacuations as well. There soon follow unconfirmed reports that nuclear weapons were used in Wiesbaden and Frankfurt. Meanwhile, in the Persian Gulf, naval warfare erupts, as radio reports tell of ship sinkings on both sides. Eventually, the Soviet Army reaches the Rhine. Seeking to prevent Soviet forces from invading France and causing the rest of Western Europe to fall, NATO halts the Soviet advance by airbursting three low-yield tactical nuclear weapons over advancing Soviet troops. Soviet forces counter by launching a nuclear strike on NATO headquarters in Brussels. In response, the United States Strategic Air Command begins scrambling B-52 bombers. The Soviet Air Force then destroys a BMEWS station at RAF Fylingdales, England and another at Beale Air Force Base in California. Meanwhile, on board the EC-135 Looking Glass aircraft, the order comes in from the President for a full nuclear strike against the Soviet Union. Almost simultaneously, an Air Force officer receives a report that a massive Soviet nuclear assault against the United States has been launched, further updated with a report that over 300 Soviet intercontinental ballistic missiles (ICBMs) are inbound. It is deliberately unclear in the film whether the Soviet Union or the United States launches the main nuclear attack first. The first salvo of the Soviet nuclear attack on the central United States (as shown from the point of view of the residents of Central Kansas and western Missouri) occurs at 3:38 p.m. Central Daylight Time, when a large-yield nuclear weapon air bursts at high altitude over Kansas City, Missouri. This generates an electromagnetic pulse (EMP) that shuts down the electric power grid to nearby Whiteman AFB's operable Minuteman II missile silos and of the surrounding areas. Thirty seconds later, incoming Soviet ICBMs begin to hit military and population targets. Higginsville, Kansas City, Sedalia, Missouri, and all the way south to El Dorado Springs, Missouri are blanketed with ground burst nuclear weapons. While the story provides no specifics, it strongly suggests that America's cities, military, and industrial bases are heavily damaged or destroyed. The aftermath depicts the central and northwestern United States as a blackened wasteland of burned-out cities filled with burn, blast, and radiation victims. Eventually, the U.S. President delivers a radio address in which he declares there is now a ceasefire between the United States and the Soviet Union (which, although not shown, has suffered the same devastating effects) and states there has not been any surrender by the United States. Dr. Russell Oakes lives in the upper-class Brookside neighborhood with his wife and works in a hospital in downtown Kansas City. He is scheduled to teach a hematology class at the University of Kansas (KU) hospital in nearby Lawrence, Kansas, and is en route when he hears an alarming Emergency Broadcast System alert on his car radio. The sine waves attention signal vibrates and then a female announces an advisory message. He exits the crowded freeway and attempts to contact his wife but gives up due to the long line at a phone booth. Oakes attempts to return to his home via the K-10 freeway and is the only eastbound motorist. The nuclear attack begins, and Kansas City is gripped with panic as air raid sirens wail. Oakes' car is permanently disabled by the EMP from the first high altitude detonation, as are all motor vehicles and electricity. Oakes is about 30 miles (48 km) away from downtown when the missiles hit. His family, many colleagues, and almost all of Kansas City's population are killed. He walks 10 miles (16 km) to Lawrence, which has been severely damaged from the blasts, and, at the university hospital, treats the wounded with Dr. Sam Hachiya and Nurse Nancy Bauer. Also at the university, science Professor Joe Huxley and students use a Geiger counter to monitor the level of nuclear fallout outside. They build a makeshift radio to maintain contact with Dr. Oakes at the hospital as well as to locate any other broadcasting survivors beyond their area. Airman Billy McCoy is stationed at a Minuteman missile silo near Whiteman Air Force Base, 70 miles (110 km) east-southeast of Kansas City, and is called to duty during the DEFCON 1 alert. His crew are among the first to witness the initial missile launches, indicating full-scale nuclear war. After it becomes clear that a Soviet counterstrike is imminent, the airmen panic. Several stubbornly insist that they should stay at their post and take shelter in the silo, while others, including McCoy, point out that it is futile because the silo will not withstand a direct hit. McCoy tells them they have done their jobs and speeds away in an Air Force truck to retrieve his wife and child in Sedalia (20 miles (32 km) east of Whiteman AFB), but the truck is permanently disabled by an EMP from an airburst detonation. McCoy abandons the truck and takes shelter inside an overturned semi truck trailer, barely escaping the oncoming nuclear blast. After the attack, McCoy walks towards a town and finds an abandoned store, where he takes candy bars and other provisions, while gunfire is heard in the distance. While standing in line for a drink of water from a well pump, McCoy befriends a man who is mute and shares his provisions. McCoy asks another man along the road about Sedalia, and the man indicates that Sedalia and Windsor no longer exist. As McCoy and his companion both begin to suffer the effects of radiation sickness, they leave a refugee camp and head to the hospital at Lawrence, where McCoy ultimately succumbs to the radiation sickness. Farmer Jim Dahlberg and his family live in rural Harrisonville, Missouri, very close to a field of missile silos about 37 miles (60 km) south-southeast of Kansas City. While the family is preparing for the wedding of their elder daughter, Denise, to KU senior Bruce Gallatin, Jim prepares for the impending attack by converting their basement into a makeshift fallout shelter. As the missiles are launched, he forcefully carries his wife Eve, who refuses to accept the reality of the escalating crisis and continues making wedding preparations, downstairs into the basement. While running to the shelter, the Dahlbergs' son, Danny, inadvertently looks behind him just as a missile detonates in the distance and is instantly blinded and carried back to the shelter by Dahlberg. KU student Stephen Klein, while hitchhiking home to Joplin, Missouri, stumbles upon the farm and persuades the Dahlbergs to take him in. After several days in the basement, Denise, distraught over the situation and the unknown whereabouts of Bruce, who, unbeknownst to her, was killed in the attack, escapes from the basement and runs about the field that is cluttered with dead animals. She sees a clear blue sky and thinks the worst is over. However, the field is actually covered in radioactive fallout. Klein goes after her, attempting to warn her about the effects of the invisible nuclear radiation that is going through her cells like X-rays, but Denise, ignoring this warning, tries to run from him. Eventually, Klein is able to chase Denise back to safety in the basement, but not before Denise runs to the stairs to find her wedding dress. During a makeshift church service, while the minister tries to express how lucky they are to have survived, Denise begins to bleed externally from her groin due to radiation sickness from her run through the field. Klein takes Danny and Denise to Lawrence for treatment. Dr. Hachiya attempts to treat Danny, and Klein also develops radiation sickness. Dahlberg, upon returning from an emergency farmers' meeting, confronts a group of silent survivors squatting on his farm and attempts to persuade them to move somewhere else, only to be shot and killed mid-sentence by one of the silent survivors. Ultimately, the situation at the hospital becomes grim. Dr. Oakes collapses from exhaustion and, upon awakening several days later, learns that Nurse Bauer has died from meningitis. Oakes, suffering from terminal radiation sickness, decides to return to Kansas City to see his home for the last time, while Dr. Hachiya stays behind. Oakes hitches a ride on an Army National Guard truck, where he witnesses US military personnel blindfolding and executing looters. After somehow managing to locate where his home was, he finds the charred remains of his wife's wristwatch and a family huddled in the ruins. Oakes angrily orders them to leave his home. The family silently offers Oakes food, causing him to collapse in despair, as a member of the family comforts him. As the scene fades to black, Professor Huxley calls into his makeshift radio: ""Hello? Is anybody there? Anybody at all?"" There is no response."
wiki-10199,Crimes of Passion,"Bobby Grady (John Laughlin) is an ordinary middle-class electronics store owner who occasionally moonlights doing surveillance work. He attends a group therapy session because his wife, Amy (Annie Potts), has lost interest in sex and he fears their marriage is in trouble. Grady is soon approached by the owner of a fashion design house to spy on an employee, Joanna Crane (Kathleen Turner), who is suspected of selling clothing patterns to his competitors. Grady discovers the accusations are unfounded, but also finds out that Joanna is moonlighting as a prostitute using the name China Blue, and shedding her business attire for provocative clothing and a platinum wig. Grady keeps quiet about Joanna's double life. After having an erotic encounter with her in her China Blue persona, Grady begins seeing her on a regular basis, first professionally, then romantically. However, their involvement is complicated by his guilt and her intimacy issues — not to mention her clientele of regular patrons and their bizarre sexual fetishes. Among them is the ""Reverend"" Peter Shayne (Anthony Perkins), who alternately spends his time delivering soapbox sermons on the street, visiting peep shows while sniffing amyl nitrite, and patronizing prostitutes. Shayne has been seeing China Blue as a customer and declares a misguided need to ""save"" her. (When he says, ""Save your soul, whore!"", she replies, ""Save your money, shithead."") Underscoring Shayne's contradictory nature is the cache of sex toys he carries in a small doctor's bag with his Bible. Grady admits he may leave his wife and children, but Joanna feels put-upon and depressed. She seeks solace in turning tricks because the encounters are not fraught with emotional entanglements. She dominates a young policeman in an S&M session, penetrating him with his nightstick, and endures a botched three-way in a limousine. A session with a dying man whose wife wants China Blue to give him sexual gratification one last time inspires Joanna to reveal her real first name, suggesting for the first time that she is the proverbial ""hooker with a heart of gold."" Shayne grows increasingly psychotic: he carries a sharpened metallic vibrator he nicknames ""Superman"" and starts stalking Joanna. He moves into a seedy motel next door to her nighttime place of business and watches her activities through a peephole. He also sets up a shrine with candles and numerous photos of her. Sensing that he is mentally unhinged, Joanna no longer wishes to see him, but Shayne follows her home to her actual apartment. Once there, he begs her to kill him. Grady comes there to tell Joanna that he has left home. He hears shouting from her apartment, breaks down her door and finds someone he assumes is Joanna, cowering in terror, not realizing it is actually Shayne in her China Blue disguise. Joanna, now wearing Shayne's clothing, leaps from the shadows and stabs Shayne with the ""Superman"" vibrator before he can attack Grady with a large pair of scissors. Shayne dies, convinced that his sacrifice has ""saved"" them both. The film ends with Grady addressing his group therapist about his new relationship with a woman named Joanna."
wiki-10242,Moscow on the Hudson,"Vladimir Ivanoff, a saxophonist with the Moscow circus, lives in a crowded apartment with his extended family. He stands in lines for hours to buy toilet paper and shoes. When Boris, the apparatchik assigned to the circus, criticizes Vladimir for being late to rehearsal and suggests Vladimir may miss the approaching trip to New York, Vladimir gives Boris a pair of shoes from the queue that made Vladimir late. While Ivanoff is riding in his friend Anatoly's Lada, Anatoly stops to buy fuel for his car from a mobile black market gasoline dealer. While the friends wait for the gasoline seller to fill Anatoly's jerrycans, the two practice their English. The circus troupe is sent to perform in New York City. Anatoly, who has talked of little else but defecting, can't bring himself to go through with it; and Vladimir, who had opposed the scheme as reckless and foolhardy, suddenly decides to do it. He runs from his Soviet controllers and hides behind a perfume counter at Bloomingdale's under the skirt of the clerk, Lucia Lombardo. When local police and the FBI arrive, Vladimir stands up to his controllers and defects with news cameras rolling. Vladimir is left with nothing but the clothes on his back, the money in his pocket, and a pair of blue jeans he had planned to buy for his girlfriend in Moscow. Lionel Witherspoon, an African American security guard who protected Vladimir from his Russian handlers during the defection, takes him home to Harlem to live with Lionel's mother, unemployed father, sister, and grandfather—a living arrangement noticeably similar to Vladimir's family back in Moscow. With the help of sympathetic immigration attorney Orlando Ramirez, a Cuban emigrant, Vladimir soon adapts to life in the United States. Vladimir attempts to find work despite speaking little English and fearing the threat of his former KGB handlers. He initially works as a busboy, McDonald's cashier, sidewalk merchant, and limousine driver. Although these jobs enable Vladimir to eventually move into his own apartment, he begins to doubt he will ever play saxophone professionally again. Vladimir starts a relationship with Lucia. At a party celebrating Lucia's becoming an American citizen, Vladimir proposes to her; but she refuses and breaks up with him. Lionel decides to return to Alabama to be close to his minor son. However, more bad news comes in a letter from Vladimir's family that his grandfather has died. Grieving, Vladimir goes to a Russian nightclub to ease his mind. When he returns home late to his apartment building drunk, he is mugged by two African American youths. He reports the incident to the police with his attorney Orlando present; and the two go to a diner where Vladimir rants about his misfortunes. During a confrontation with a burly man who reveals himself also as a Russian defector, Vladimir comes to appreciate his good fortune of living in the United States. Soon after, Lucia reunites with Vladimir telling him that she is not ready for marriage but would love to live with an immigrant. Lionel moves back from Alabama and takes over Vladimir's job driving a limousine. Vladimir encounters his former KGB handler, who is now a street vendor selling hotdogs. He admitted he had to flee the USSR himself due to his failure to prevent Vladimir's defection, but has also come to appreciate New York City. Vladimir soon gets a job in a nightclub, where he once again plays saxophone."
wiki-10244,The Muppets Take Manhattan,"Kermit the Frog, Miss Piggy, Fozzie Bear, and the rest of the Muppets have graduated from Danhurst College by entertaining their fellow graduates with their theatrical production of Manhattan Melodies. Upon the suggestion of taking the show to Broadway, the Muppets proceed with the idea, certain they will become stars instantly. Arriving in Manhattan, the group meet producer Martin Price (Dabney Coleman) but the police arrive and reveal he is a wanted con artist named Murray Plotsky. Plotsky is arrested, leaving the Muppets' hopes dashed. They try other theatrical producers to no avail, leading to their morale and finances taking a nosedive. Thinking they are becoming a burden to Kermit when he snaps at them, the rest of the Muppets agree to go their separate ways for new occupations, though Miss Piggy secretly remains in Manhattan to keep an eye on Kermit. Though disappointed by the development, Kermit vows to make the show a hit and enlists the assistance of diner owner Pete (Louis Zorich), his daughter Jenny (Juliana Donald) who is an aspiring fashion designer, and the diner's staff of rats led by Rizzo. Attempting to promote the show, Kermit first poses as an eccentric producer bragging about the musical's quality but the producer he meets (John Landis) discards the script after Kermit makes his exit. Kermit then poses as a famous playwright, having the rats insert a caricature picture at Sardi's restaurant by replacing Liza Minnelli's picture with it. When Liza Minnelli comes in and notices it missing, she asks Vincent Sardi Jr. if she did something wrong to get it removed. When the rats are exposed, Vincent Sardi Jr. discover Liza's picture near Kermit. This causes Kermit and the rats to get thrown out of the restaurant. While in Central Park, Jenny comforts Kermit about his losses, while an envious Miss Piggy observes. When a thief steals her purse, Miss Piggy borrows a pair of rollerskates and furiously gives chase until she captures him, but reunites with Kermit in the process and they make up. Piggy takes a job at Pete's diner while Kermit receives several letters from his friends who have taken up numerous jobs around the United States. He then receives a letter from producer Bernard Crawford (Art Carney) who is interested in the musical. However, the letter was actually written by his son, Ronnie Crawford (Lonny Price), who is struggling to prove himself as a producer and admits ""Manhattan Melodies"" is good. Bernard himself is hesitant but agrees to fund the show. A thrilled Kermit heads back to the diner but is so happy that he walks into oncoming traffic and is immobilized when he gets struck by a passing motorcar. The rest of the Muppets are summoned back to New York, only to discover that Kermit has disappeared. At the hospital, Kermit's doctor discovers that he has lost memory of his life. He makes his way to Madison Avenue, where he finds a trio of frogs, Bill, Gill, and Jill, who work in advertising, and offer him a job when he comes up with a slogan and thinks of himself as ""Phil"". The rest of the Muppets search for Kermit where one attempt involved Gonzo trying to persuade Mayor Edward I. Koch to assist. Bill, Gill, Jill, and Kermit end up visiting Pete's diner where Kermit's friends recognize him when he plays the show's opening number with spoons. At the Biltmore Theatre on opening night, the Muppets try to help Kermit remember, but it only works when Miss Piggy sends him flying upside-down onto a chair with a vicious karate chop for insulting their past romance. Kermit regains his memories and, realizing the show needs more Muppets, requests the Madison Avenue frogs, the dogs, the bears, the chickens, and others to become supernumeracies. The show is a success, culminating in what is intended to be a staged wedding between Kermit and Miss Piggy's characters, only for a real minister to appear (instead of Gonzo as Kermit planned). With all of the Muppets, the characters from Sesame Street, and Uncle Traveling Matt from Fraggle Rock present, Kermit and Miss Piggy get married as the film ends."
wiki-10298,The Terminator,"In 1984 Los Angeles, a cyborg assassin known as a Terminator arrives from 2029 and steals guns and clothes. Shortly afterward, Kyle Reese, a human soldier from 2029, arrives. He steals clothes and evades the police. The Terminator begins systematically killing women named Sarah Connor, whose addresses he finds in the telephone directory. He tracks the last Sarah Connor to a nightclub, but Kyle rescues her. The pair steal a car and escape with the Terminator pursuing them in a police car. As they hide in a parking lot, Kyle explains to Sarah that an artificial intelligence defense network, known as Skynet, will become self-aware in the near future and initiate a nuclear holocaust. Sarah's future son John will rally the survivors and lead a resistance movement against Skynet and its army of machines. With the Resistance on the verge of victory, Skynet sent a Terminator back in time to kill Sarah before John is born, to prevent the formation of the Resistance. The Terminator is an efficient killing machine with a powerful metal endoskeleton and an external layer of living tissue that makes it appear human. Kyle and Sarah are apprehended by police after another encounter with the Terminator. Criminal psychologist Dr. Silberman concludes that Kyle is paranoid and delusional. The Terminator repairs his body and attacks the police station, killing many police officers in his attempt to locate Sarah. Kyle and Sarah escape, steal another car and take refuge in a motel, where they assemble pipe bombs and plan their next move. Kyle admits that he has been in love with Sarah since John gave him a photograph of her, and they have sex. The Terminator kills Sarah's mother and impersonates her when Sarah, unaware of the Terminator's ability to mimic victims, attempts to contact her via telephone. When they realize he has reacquired them, they escape in a pickup truck while he chases them on a motorcycle. In the ensuing chase, Kyle is wounded by gunfire while throwing pipe bombs at the Terminator. Enraged‚ Sarah knocks the Terminator off his motorcycle but loses control of the truck, which flips over. The Terminator hijacks a tank truck and attempts to run down Sarah, but Kyle slides a pipe bomb onto the tanker, causing an explosion that burns the flesh from the Terminator's endoskeleton. It pursues them to a factory, where Kyle activates machinery to confuse the Terminator. He jams his final pipe bomb into the Terminator's abdomen, blowing the Terminator apart, injuring Sarah, and killing himself. The Terminator's still functional torso reactivates and grabs Sarah. She breaks free and lures it into a hydraulic press, crushing it. Months later, a pregnant Sarah is traveling through Mexico, recording audio tapes to pass on to her unborn son, John. She debates whether to tell him that Kyle is his father. At a gas station, a boy takes a Polaroid photograph of her which she purchases—the same photograph that John will eventually give to Kyle."
wiki-10322,Back to the Future,"In 1985 Hill Valley, California, teenager Marty McFly and his girlfriend, Jennifer Parker, are chastised by the school principal for lateness. Marty auditions for the Battle of the Bands, but is rejected for being too loud. At home, Marty's father George is bullied by his supervisor, Biff Tannen, while his mother Lorraine is an overweight, depressed alcoholic. Lorraine recalls how she met George when her father hit him with his car. Marty is invited by his friend, eccentric inventor Dr. Emmett Brown, to meet him in a parking lot in the early hours. Doc unveils a time machine built from a modified DeLorean and powered by plutonium stolen from terrorists. Preparing to demonstrate the time machine, Doc sets the date to November 5, 1955: the day he invented time travel. The terrorists arrive and shoot Doc. Marty escapes in the DeLorean, but inadvertently activates the time machine. Marty finds himself in 1955 without enough plutonium to return. He encounters the teenaged George, who is bullied by his classmate Biff. After Marty saves George from an oncoming car, he is knocked unconscious and awakens to find himself tended to by Lorraine, who is infatuated with him. Marty tracks down Doc's younger self for help. With no plutonium, Doc explains that the only power source capable of generating the necessary 1.21 gigawatts of electricity for the time machine is a bolt of lightning. Marty shows Doc a flyer from the future that recounts a lightning strike at the town's courthouse due the coming Saturday night. Doc instructs Marty to not leave his house or interact with anyone, as he could inadvertently alter the future; because of this, Doc refuses to heed warnings from Marty about his death in 1985. Marty realizes that he has prevented his parents from meeting and Doc warns him that Marty will be erased from existence if he does not find a way to introduce George to Lorraine. Doc formulates a plan to harness the power of the lightning, while Marty sets about introducing his parents. After Lorraine asks Marty to the school dance, Marty concocts a plan: he will feign inappropriate advances on Lorraine, allowing George to ""rescue"" her. The plan goes awry when a drunken Biff attempts to force himself on Lorraine. George, enraged, knocks out Biff, and Lorraine follows him to the dance floor, where they kiss while Marty performs with the band. As the storm arrives, Marty returns to the clock tower and the lightning strikes, sending Marty back to 1985. Doc has survived the shooting, as he had listened to Marty's warnings and worn a bullet-proof vest. Doc takes Marty home and departs to the future. Marty awakens the next morning to find that George is a successful author, Lorraine is fit and happy, and Biff is now an obsequious auto valet. As Marty reunites with Jennifer, the DeLorean appears with Doc, insisting they accompany him to 2015 to resolve a problem with their future children. The trio board the DeLorean and warp to the future."
wiki-10374,Head Office,"Jack Issel (Judge Reinhold) is a natural-born slacker who has just graduated from business school and joined I.N.C., a large American corporation based in Chicago. On his trip up the corporate ladder, he sees the dirty underside of the corporate world and how it corrupts people. His two mentors, the stuffy and buttoned up chief financial officer Scott Dantley (Michael O'Donoghue) and the chief operating officer Bob Nixon (Ron Frazier), in fact, show him first-hand how to cheat and blackmail one's way to the top. Jack is further aided by his personnel officer Max Landsberger (Richard Masur) who tells Jack that money and power come before people in the corporate world. Jack's supervisor and the public relations vice president, Jane Caldwell (Jane Seymour), also tells Jack exactly the same thing as Jack learns that Jane is a shady vixen who's hell-bent on sleeping her way to the top by seducing every man she meets to get ahead in what she sees as a man's world. Unsure of his abilities, and often incompetent, Jack can't figure out why he keeps getting promoted. Could it have something to do with his father (George Coe) being an influential (but corrupt) Senator? Among the numerous subplots, Jack meets and falls in love with a young woman named Rachel (Lori-Nan Engler), who turns out to be the radical, left-wing daughter of the ruthless chairman of the board and CEO, Pete Helmes (Eddie Albert), who is revealed to be promoting Jack so he can gain Jack's father, Senator Issel's support to close down a textile plant in a small upstate town called Allenville, and move it into the Latin American country of San Marcos for company self-interest. Jack spends the rest of the movie trying to stop I.N.C. from closing down the plant, and trying to win Rachel's heart to prove that he can be a good businessman. This film has a surprisingly strong supporting cast in the many interrelated and unrelated subplots who include such established stars as Danny DeVito, an inside trader named Frank Stedman, and Rick Moranis, a screaming burnout executive named Howard Gross, who have roles in the first 20 minutes of the movie that are little more than cameos. Other subplots include an executive named Mike Hoover (Wallace Shawn), another burnout who learns he is dying from an unknown terminal illness and everyone, including his coke-sniffing best friend Al Kennedy (Bruce Wagner), is trying to maneuver into his job as head of the Latin American division. John Hudson (Merritt Butrick) is also a recent recruit at I.N.C. and one of Jack Issel's classmates who resorts to trickery to get ahead in the business. Midway through the movie, most of the subplots end without a resolution and the rest of the movie focuses entirely on the Jack-Rachel situation. Within a week of his employment, the further promoted Jack, with Max in tow, travel upstate to the town of Allenville to give a press conference on the closing of the textile plant where Rachel has organized a huge protest of thousands of workers and townspeople protesting the closing of the plant. The mob of townspeople attack and destroy Jack and Max's limousine, much to the chagrin of the company limo driver Sal (Don Novello). At the same time, to impress Rachel, rather than tell a fabricated public relations story about the closing of the plant, Jack tells the truth to the reporters about I.N.C. reasons which are entirely of self-interest, while both the enraged Helmes and Jack's father watch the event on their TV sets. This does win over Rachel's affections and that night, she and Jack spend the night together. The following morning, while Helmes decides to fire Jack, he sees that Jack's actions have drawn nationwide media attention whom hail Jack Issel as an honest businessman. Helmes changes his mind about firing Jack and invites him to his house that weekend where Jack runs into Rachel again and finally learns that she is Helmes' daughter. Helmes tries to win over Jack's loyalty to I.N.C. by inviting him to a dinner reception at the council offices of a fictitious Latin American country of San Marcos where a dinner reception is taking place where Jack is expected to give a $2 million bribe to a political rival of the San Marcos dictator General Sanchez as another I.N.C. ploy to win the support of the dictatorship government for further business proposes. At the reception, Jack sneaks Rachel into the building where they finally learn the truth about Helmes plans for Jack, as well as his plans for I.N.C.'s business with the country of San Marcos. Stealing the suitcase with the $2 million cash-bribe money, Jack and Rachel flee from the building security forces in a climatic chase and escape from the building and expose I.N.C.'s plans to the press. As a result, the textile plant in Allenville is saved, Pete Helmes is forced to resign from I.N.C. in disgrace, and Jack and Rachel both inherit the majority of I.N.C. stockholder shares. The final scene has Jack, now the new chairman of the board at I.N.C., traveling in Pete Helmes helicopter, to the offices with Sal as his pilot."
wiki-10395,Lifeforce,"The crew of the space shuttle Churchill finds a 150-mile-long spaceship hidden in the coma of Halley's Comet. Inside, the crew discovers hundreds of dead bat-like creatures and three naked humanoid bodies (two male and one female) in suspended animation within glass containers. The crew recovers the three aliens and begins the return trip to Earth. However, during the return journey, mission control loses contact with Churchill and a rescue mission is launched to investigate. The rescuers discover that Churchill has been severely damaged by fire, yet the three containers bearing the aliens remain intact. The aliens are taken to the European Space Research Centre in London. Prior to an autopsy, the female alien awakens and drains the life force out of a guard. She then escapes the facility and proceeds to drain other humans of their life force, revealing an ability to shape-shift. Meanwhile, in Texas, an escape pod from Churchill is found, with Col. Tom Carlsen inside. Carlsen is flown to London, where he describes the course of events, culminating in the draining of the crew's life force. Carlsen explains that he set fire to the shuttle with the intention of saving Earth from the same fate and escaped in the pod. However, when he is hypnotised, it becomes clear that Carlsen possesses a psychic link to the female alien. Carlsen and SAS Col Colin Caine trace the alien to a psychiatric hospital in Yorkshire. There, the two believe they have managed to trap the alien within the heavily sedated body of the hospital's manager, Dr Armstrong. Carlsen and Caine later learn that they were deceived, as the aliens had wanted to draw them out of London. As Carlsen and Caine are transporting Dr Armstrong back to London, the female alien escapes from her sedated host and disappears. In London, a plague has overtaken the city and martial law has been declared. The two male vampires, previously thought destroyed, have escaped from confinement by shape-shifting into the soldiers guarding them; the pair then transform most of London's population into zombies. After their life force has been drained by the male vampires, the victims seek out other humans to absorb their life force, perpetuating the cycle. The absorbed life forces are channeled by the male vampires to the female vampire, who transmits the accumulated energy to their spaceship in orbit. Dr Fallada impales one of the male vampires with an ancient device of ""leaded iron"". Carlsen admits to Caine that, while on Churchill, he felt compelled to open the female vampire's container and to share his life force with her. She is later found inside St. Paul's Cathedral, lying upon the altar, transferring the energy to her spaceship. She reveals, much to Carlsen's shock, that they are a part of each other due to the sharing of their life forces, thus their psychic bond. Caine follows Carlsen into the cathedral and is intercepted by the second male vampire, whom he kills. Carlsen impales himself and the female alien simultaneously. The female is only wounded and returns to her ship with Carlsen in tow, releasing a burst of energy that blows open the dome of St. Paul's. The two ascend the column of energy to the spaceship, which then returns to the comet."
wiki-10422,Police Academy 2: Their First Assignment,"After a random attack the night before by a local gang known as ""The Scullions"" and their infantile leader Zed McGlunk (Bobcat Goldthwait), Chief Henry Hurst (George R. Robertson) arrives at the 16th precinct and notifies its captain, Pete Lassard (Howard Hesseman) that the precinct is the worst in the city. Lassard protests saying that his officers are outmanned and old, and can't get the job done any longer. Nevertheless, Hurst gives Lassard 30 days to turn the precinct around or he is out. Before Hurst leaves, Lieutenant Mauser (Art Metrano) schemes his way into getting a promotion to Captain should Lassard fail. Capt. Lassard then calls his brother Eric (George Gaynes) who is in charge of the Police Academy and asks him for six new recruits. Mauser is seen talking with his dim-witted partner, Sgt. Proctor (Lance Kinsey), as he attempts to take control of the precinct. Commandant Lassard's top graduates Carey Mahoney (Steve Guttenberg), Larvell Jones (Michael Winslow), Eugene Tackleberry (David Graf), Moses Hightower (Bubba Smith), Laverne Hooks (Marion Ramsey), and Douglas Fackler (Bruce Mahler) arrive from the police academy and join the 16th precinct with some of them assigned to a veteran officer partner. Fackler is assigned with Dooley (Ed Herlihy), Mahoney to Vinnie Schtulman (Peter van Norden), and Tackleberry to Sgt. Kathleen Kirkland (Colleen Camp). Tackleberry later confides to Mahoney that he may have fallen in love with Kirkland. Mauser attempts numerous times to sabotage the new recruits while personally targeting Mahoney. During a patrol, Mahoney and Schtulman spot a robbery at a merchant's place, but the robbers escape in the confusion caused in part by responding officers. Mauser is ready to suspend them, but Mahoney makes a passionate plea that convinces Lassard to give them another chance. While all this is going on, Zed and his gang go ""shopping"" in a supermarket, causing havoc and chaos. Mauser gives Mahoney a new assignment: patrolling a tunnel which results in him and his partner being covered with soot. He gets revenge on Mauser by switching his shampoo with Tackleberry's epoxy resin solution from a helmet repair kit, which glues Mauser's hands to his hair. He ends up embarrassing himself in front of the station and has to wear a wig through the remainder of the film. Capt. Lassard spots some of Zed's men and tries to deal with them, but is over-powered and spray-painted. This humiliating act emboldens Lassard to allow the precinct to use ""whatever means possible"" to help contain the gang. Progress is made and most of the gang is captured in an incident at The Blue Oyster Bar, but Mauser informs the captain that he had most of the charges dropped due to excessive force and procedure violations. Mahoney sees that Mauser did this on purpose, so as revenge he informs the nurse in charge of a body cavity search ordered earlier to perform the procedure on Mauser. Later, Tackleberry goes on a date with Kirkland, where they stay out late dancing. They profess their love for each other and they make love (after removing their numerous concealed weapons first before). Captain Lassard goes to see his brother Eric at a Japanese steakhouse and Eric comes up with an idea to hold a fair. On the night of the fair though, Zed's men trash the place. Lassard is out of a job the next day, while Mauser is promoted to captain. His first act is to remove Mahoney and Schtulman, who is quick to object to Mahoney's dismissal. Mahoney, Schtulman, and Lassard get together in a last-ditch attempt to stop the gang. They send in Mahoney undercover to infiltrate the gang. Lassard and Schtulman wire him, using duct tape and a radio microphone. Under the guise of ""Jughead,"" formerly of the gang ""The Archies"", he is able to infiltrate the gang and find out both their hiding spot and the name of their leader. However, his cover is blown after the microphone cuts into a radio ad, which leads to Captain Lassard calling every man to the location. The officers arrive, but are stopped by Mauser. Mauser attempts to conduct a raid, but Fackler accidentally bumps him in an air duct and pushes him inside, which leads to Mauser being captured by Zed and his gang. The officers stage their own raid and manage to overpower and arrest the gang. Zed attempts to escape with Mahoney, but Lassard blocks his escape and prepares to shoot Zed. However, Mahoney punches Zed down a flight of stairs, where Hooks arrests him. It's then revealed that Lassard's gun wasn't loaded, as he ""hasn't carried live ammo since '73"". Lassard is later reinstated as captain, as are Mahoney and Schtulman on the force, while Mauser demoted back to lieutenant for nearly blowing Lassard's raid. The film ends with the officers (including the re-instated Lassard) attending Tackleberry and Kirkland's wedding. They drive off the police academy lot in the monster truck Bigfoot."
wiki-10520,Eye of the Tiger,"After serving time in prison, Buck Matthews (Gary Busey), a Vietnam veteran, returns to his hometown to start his life over with his wife Christie (Denise Galik) and their five-year-old daughter Jennifer (Judith Barsi). However, he learns that the small town where he grew up is overrun by a large motorcycle gang which rides through the town in large numbers, harassing various citizens. On his first night back to his old job at a construction yard, Buck hears a woman screaming in the distance. He follows the screams to discover a large group of bikers attacking and attempting to rape a local nurse. Buck manages to chase the gang off using his truck, saving the nurse. The leader of the biker gang, Blade (William Smith), takes Buck's actions personally and begins to terrorize Buck and his family. The gang attacks the Matthews' home, beating Buck and killing his wife. This leaves Jennifer, his young daughter, in shock as she witnessed the entire event. The local sheriff (Seymour Cassel) refuses to help Buck, leaving Buck with no other option but to take justice into his own hands. Buck then calls in a favor from Jamie (Jorge Gil), a friend from prison. Jamie is a Miami-based Colombian drug kingpin whom Buck saved during a prison riot and who was also paroled with Buck in the opening scene. Buck receives a high tech truck, equipped with machine guns and mortars. Buck's friend, J.B. Deveraux (Yaphet Kotto), a local deputy who is also a Vietnam veteran, provides Buck with a history of the motorcycle gang. The sheriff is shown to be colluding with the motorcycle gang as Blade and his men give the sheriff bribes of cash to ignore their activities. Buck and J.B. begin to retaliate against the bikers through various means. Buck uses a wire to string out onto a road to decapitate at least two of the bikers. He lures another small group to their deaths by exploding his old truck when they attack it. He shoots other gang members whom they are seen committing crimes in and around the town. Eventually the bikers kidnap Buck's daughter Jennifer from the hospital, forcing Buck to go to their camp in the desert outside of town. With the help of J.B., flying a bomb-dropping crop duster airplane, Buck, successfully defeats the gang and rescues his daughter. The Sheriff tries to have Buck arrested, however the deputies later on had enough of his corruption and refuse to take orders from him. In an explosive climax, Buck has the local sheriff killed (it seems the sheriff framed Buck for a murder committed years earlier) by offering him as a target for the gang, and then has a one-on-one fistfight with Blade, which ends with the death of the villain when he accidentally ingests cocaine the gang is manufacturing. With their leader dead, the surviving motorcycle gang members ride away."
wiki-10541,Heartburn,"Manhattan food writer Rachel Samstat and Washington, D.C. political columnist Mark Forman meet at a mutual friend's wedding. Both have been married before and Mark has a reputation for being a serial womanizer. After a whirlwind courtship, the two marry, despite Rachel's reservations. They purchase a dilapidated Georgetown townhouse and Rachel struggles to adapt to being a wife in Washington's political high society. The ongoing renovations of their house create some stress in Mark and Rachel's marriage, but they are brought closer together when Rachel discovers she is pregnant. Rachel experiences a difficult labor in which the baby's life is briefly threatened, but she gives birth to a healthy baby girl named Annie. Soon after, Rachel discovers evidence of Mark's extramarital affair with socialite Thelma Rice during her pregnancy with her second child. She leaves him and takes their daughter to New York, where she moves in with her father and gets her job back as a food writer. Although she insists that she has left him for good, Rachel is dismayed when he fails to call her after several days. She inadvertently leads a burglar to a group therapy session she is attending in her therapist's apartment; he robs the group and takes Rachel's wedding ring. Just after, Mark arrives and asks her to come back, insisting he will never see Thelma again. Rachel gives birth to their second child, but struggles to fully forgive Mark. She spreads a nasty rumor about Thelma having Chlamydia but is caught out by Mark. The New York police return Rachel's wedding ring after they catch the burglar. When she takes it to the jeweler's to get the stone tightened, she discovers that Mark has bought a very expensive necklace, which coincides with Thelma's birthday. Realizing that he has returned to the affair, Rachel sells her wedding ring and leaves with both her children for New York, this time for good."
wiki-10644,Allan Quatermain and the Lost City of Gold,"After surviving their expedition to King Solomon's Mines, Allan Quatermain and Jesse have settled down in colonial Africa. They are engaged to be married and Jesse plans that they will travel to America for the wedding. But Allan is restless. A man chased by two strange masked men emerges from the jungle, and is recognised as one of Quatermain's friends. He is delirious and is cared for by Jesse and Allan, but at night, his pursuers return and kill him. Before he dies, he tells Allan that his brother, supposedly lost, is alive, and that they have found the legendary 'Lost City of Gold'. Quatermain immediately starts preparing for an expedition to find his lost brother. Jesse is furious and stalks off, but then realises how important this is to Allan. Allan and Jesse are assisted by Umslopogaas, a fearless warrior and old friend of Allan's, to put together an expedition. Swarma, a spiritual guru, and five Askari warriors, accompany them. The group crosses the Sahara desert; two Askari are lost when Swarma trips a trap that opens a pit under the road to the city. Another member of the party is lost when savage Esbowe warriors attack the group. Many spears get thrown at Quatermain and his friends, but Umslopogaas deflects most of them by with his giant axe. Quatermain and his friends indeed discover the city. The inhabitants, both black and white, are friendly, and Allan meets his brother Robeson, seemingly in good health and at peace in the society. The city boasts two queens—the noble and beloved, Nyleptha and her power-hungry sister, Sorais. But the real leader is the evil High Priest, Agon, feared by all. Allan raises the population against Agon and Sorais, who musters an army to recover the city by force. Allan realizes that they can make all the weapons they need out of gold, which is mined by the population. The final battle ends when, atop the temple, during a lightning storm, Allan uses Umslopogaas' axe to channel the lightning and melt the gold (into liquid form) causing it to flow off the side of the structure and pour over the attacking horde, turning Agon and his army into gold statues."
wiki-10716,G.I. Joe: The Movie,"While Cobra Commander and Serpentor blame each other's leadership of Cobra as the root cause of the organization's failures, Pythona, a woman from the secret civilization of Cobra-La, infiltrates the Terror Drome. While there, she reveals to Serpentor that Cobra-La was responsible for planting the idea in Doctor Mindbender's mind to create Serpentor. At her urging, Serpentor plans to capture G.I. Joe's latest weapon—the Broadcast Energy Transmitter (B.E.T.). Cobra assaults the Joes as they test the B.E.T. in the Himalayas. The Joes use the B.E.T. to activate their automated weapons systems. Serpentor is captured and Cobra Commander orders a retreat. Cobra Commander leads his troops into Cobra-La. As the Joes celebrate their victory, a new group of rookie Joes are brought onto the team, including the unlucky kunoichi Jinx, military police officer Law and his dog Order, former basketball player Big Lob, EOD specialist Tunnel Rat, covert operative Chuckles, and Duke's reckless half-brother, the green beret Lt. Falcon. In Cobra-La, the Joe forces are ambushed and detained within the Lovecraftian living environment. The Cobra soldiers are met by the civilization's ruler, Golobulus, who has Pythona and his other henchman, Nemesis Enforcer, arrest Cobra Commander. While there, Cobra learns about their history: 40,000 years ago, Cobra-La was an ancient civilization that ruled Earth. However, the Ice Age, the evolution of humans and their development of scientific technology resulted in Cobra-La's survivors being forced into caverns within the Himalayas. Cobra-La rebuilt their society in secret as centuries passed. Golobulus vowed to destroy humanity so that his people could re-claim the earth. He eventually discovered a nobleman who was working on biological weapons. The nobleman later became Cobra Commander, charged with conquering the world for Cobra-La. However, Cobra Commander's repeated failures caused Golobulus to use a Psychic Motivator on Mindbender to create Serpentor. Meanwhile, Falcon takes his girlfriend to G. I. Joe headquarters. His girlfriend is really Zarana in disguise, and her visit was a ruse to infiltrate Serpentor's holding cell. For abandoning his training, Duke puts Falcon on guard duty until he says otherwise. After Falcon abandons his post to flirt with Jinx, the Dreadnoks and the Nemesis Enforcer free Serpentor, injuring Alpine, Bazooka, and Gung-Ho in the process. General Hawk is furious with Falcon for abandoning his post and confines him to his quarters until court-martial. In Cobra-La, Cobra Commander is tried for his repeated failures, and Golobulus reveals his plans to launch spore pods, filled with mutative spores into space and use the B.E.T. to hatch them. The spores will cause mankind to devolve into mindless beasts, allowing Cobra-La to reclaim the earth. Golobulus punishes Cobra Commander by exposing him to the spores, which transforms Cobra Commander into a snake. He flees and makes his way to the Joes' camp with Roadblock. Convinced by Duke to spare Falcon a harsh punishment, General Hawk reassigns Falcon to the ""Slaughter House"" where he is to be retrained by Sgt. Slaughter and his ""Renegades"" consisting of ex-Viper Mercer, former football player Red Dog, and former acrobat Taurus. On a weaponless recon mission in the Terror Drome, the five learn of Cobra's plans and that the Baroness has discovered the location of the B.E.T. As Falcon and the others destroy the Terror Drome, Cobra launches an assault on the Joes. The Joes launch a counterattack on Cobra, but the B.E.T. is stolen. Serpentor attempts to kill Falcon with one of his snake spears, but Duke jumps in front of Falcon at the last minute. The spear hits Duke, knocking him into a coma. Falcon, the Renegades and the new recruits head to the Himalayas to stop Cobra-La. The other Joes are led to Cobra-La's lair by Cobra Commander. The new recruits prove themselves valuable soldiers as the Joes rescue their captured teammates. Falcon, Jinx and Sgt. Slaughter confront Golobulus, Pythona, and Serpentor. The ensuing fight culminates in Jinx and Slaughter sending Pythona and the Nemesis Enforcer falling to their apparent demise. Finally, Falcon sends Serpentor out of Cobra-La and reconfigures the B.E.T. to incinerate the spore pods in space. The B.E.T. overloads, destroying Cobra-La as Golobulus escapes. Immediately following the battle, the strike team receives news that Duke has come out of his coma and is recovering."
wiki-10765,Masters of the Universe,"On the planet Eternia, at the center of the Universe, Skeletor's army seizes Castle Grayskull, scatters the remaining Eternian defenders, and captures the Sorceress of Grayskull, planning to add her power to his own by the next moonrise. Skeletor's archenemy, the warrior He-Man, veteran soldier Man-At-Arms, and his daughter Teela rescue Gwildor from Skeletor's forces. Gwildor, a Thenorian locksmith, reveals that Skeletor has acquired his invention: a ""Cosmic Key"" that can open a portal to anywhere by utilizing sound keys. The device was stolen by Skeletor's second-in-command, Evil-Lyn, allowing Skeletor to breach Castle Grayskull. With Gwildor's remaining prototype of the Key in hand, He-Man and his friends travel to the Castle. They attempt to free the Sorceress but are overwhelmed by Skeletor's army and forced to flee through Gwildor's hastily opened portal, transporting them to Earth. The Key is misplaced on their arrival and discovered by two New Jersey teenagers, orphaned high school girl Julie Winston and her boyfriend Kevin Corrigan. The pair attempt to figure out what the Key is and accidentally send a signal that allows Evil-Lyn to track the Key and send her henchmen – Saurod, Blade, Beast Man and Karg – to recover it. Kevin, an aspiring musician, mistakes the Key for a synthesizer and takes it to a music store run by his friend Charlie. Karg's team arrives and chases Julie until He-Man comes across her and rescues her. Karg's team returns to Grayskull where, incensed by their failure, Skeletor kills Saurod and sends the others back to Earth, with a larger force under Evil-Lyn's command. Unable to find Julie, Kevin is taken to Julie's house by Lubic, a detective investigating the disturbance created by Karg's team. Suspecting the Key is stolen, Lubic confiscates it from Kevin and leaves. Immediately afterward, Evil-Lyn captures and interrogates Kevin for the Key's location with a mind control collar, before pursuing Lubic. Julie and the Eternians release Kevin from the collar before they go after Lubic and the Key. They manage to get hold of them in Charlie's store, but Skeletor's forces catch up with them, and a pitched battle ensues. Evil-Lyn recovers the key and summons Skeletor to Earth. Skeletor's forces capture the Eternians, and Julie is mortally wounded by Skeletor's lightning blast, which simultaneously erases the memory storage of Gwildor's Key. He-Man surrenders to save his comrades and is returned to Eternia as Skeletor's slave. Skeletor demands that He-Man kneel before him for all of Eternia to witness, before he is killed. He-Man refuses and is lashed by Blade's laser whip in an attempt to make him submit. He-Man is still standing when the moon rises, and Skeletor absorbs the powers of the universe. Declaring himself the Master of the Universe, Skeletor asserts his victory and continues to torture He-Man with energy blasts. Back on Earth, Gwildor repairs the Cosmic Key, and Kevin recreates the tones necessary to create a gateway to Eternia. The group, including Lubic who attempts to arrest them, are transported to Castle Grayskull, where they begin battling Skeletor's forces. Resenting that Skeletor absorbed the power of the Universe without sharing it with her, Evil-Lyn deserts him along with the other henchmen. Skeletor accidentally frees He-Man, who reclaims the Sword of Grayskull, and they battle until He-Man shatters Skeletor's staff, removing his new powers and restoring him to his normal state. He-Man offers mercy, but Skeletor draws a concealed sword and attempts to kill He-Man; He-Man knocks Skeletor into a towering pit below. The freed Sorceress heals Julie, and a portal is opened to send the Earthlings home. Hailed as a hero for his bravery, Lubic decides to remain on Eternia. Julie awakens on the morning of her parents' deaths by plane crash. She prevents them from taking the ill-fated flight by taking their keys, and runs outside to find Kevin. Kevin confirms that their experiences were real, producing a souvenir from Eternia: a small blue sphere containing a scene of He-Man in front of Castle Grayskull with his sword raised above his head. In a post-credits scene, Skeletor's head emerges from the water at the bottom of the pit, saying ""I'll be back!""."
wiki-10847,Suspect,"Around Christmas, a United States Supreme Court Justice commits suicide, for which no explanation or context is given. We only see the Justice making a tape recording and then shooting himself. Shortly after the suicide, the body of Elizabeth Quinn, a file clerk at the Justice Department, is found floating in the Potomac River, and Carl Wayne Anderson (Liam Neeson), a homeless, deaf-mute Vietnam veteran, is arrested for the crime, based almost entirely on the fact that he was seen sleeping in Quinn's car the night of her murder. Kathleen Riley (Cher) is the beleaguered D.C. public defender assigned to represent Anderson. The car was abandoned in a desolate K Street parking lot. Anderson, it is eventually revealed, found the car unlocked and was just looking for a warm place to sleep since it was the dead of winter. But since he was homeless, had no alibi, and was also found in possession of Quinn's wallet, he was arrested for her murder. Riley finds it difficult to communicate with Anderson, a deaf-mute. Over time, she begins to penetrate his hard exterior and he tries to cooperate with her efforts to mount a defense for him. An agribusiness lobbyist who normally works on Capitol Hill, Eddie Sanger (Dennis Quaid), is approved as a member of the jury by Riley despite his attempt to be excused. Sanger begins investigating the details of the murder himself, eventually teaming up with Riley beyond the observation of the trial's suspicious judge. Sanger also keeps busy in his work as a lobbyist on Capitol Hill, including his efforts to win passage of a bill by seducing a Congresswoman. As the investigation by Riley, with unethical assistance from Sanger, intensifies, they begin focusing on Deputy Attorney General Paul Gray (Philip Bosco). Figuring that a key found on the victim's body has something to do with the Justice Department (where Quinn worked), Riley and Sanger break into the file department at the Justice Department late one night and try to find what the key unlocks. They find a file cabinet, which contained trial transcripts from federal cases from 1968 that Quinn was in the process of transcribing. The trial is conducted by stern judge Matthew Helms (John Mahoney). Helms is rumored to be the President's nominee for a seat on the prestigious United States Court of Appeals for the District of Columbia. Judge Helms begins to suspect that Riley may be collaborating with Sanger, which would be a disbarrable offense of jury tampering, although he does not have concrete proof. In a law library, Riley and Sanger narrowly avoid being caught by Judge Helms, who sequesters the jury to avoid any possible further contact between Riley and the juror. Riley and Sanger suspect that Elizabeth Quinn stumbled onto something and look for any case that might have an impropriety. Fixing a case requires participation from both the prosecutor and the trial judge. Riley and Sanger think they will find evidence that Gray was the prosecutor on a rigged 1968 case, which would be his motive to murder Quinn if she approached Gray about what she found. Riley goes back to Quinn's car (still impounded where it was found in a government parking lot) and finds an audiotape that the police did not uncover in their half-hearted investigation. The tape is the one made by the Supreme Court Justice who committed suicide. In it, he confesses to conspiring to fix a case in 1968 (with a politically influential defendant) in return for an appointment from the United States District Court to the United States Court of Appeals for the District of Columbia Circuit. Riley assumes the prosecutor on that case was Gray and goes back to the courthouse to retrieve the case book that will confirm this. She is pursued and attacked by a disguised, unidentified person. With the help of Sanger (who managed to get away from being sequestered by creating a diversion with a fire alarm), Riley is able to slice the right wrist of her assailant, who then flees. Gray shows up in the courtroom, to the surprise of Judge Helms. Riley wants the judge to take the stand. An irate Helms says that Riley cannot make him testify. Riley reveals that it was Helms, not Gray, who was the prosecutor in the fixed case of 1968. In exchange for fixing the case, Helms was nominated to the District Court. Seventeen years later, Quinn inadvertently discovered the case fixing. At the same time, Helms learned he was a likely nominee for the Court of Appeals. Quinn approached the Supreme Court Justice, who responded by committing suicide. When she approached Judge Helms, however, he murdered her. As the judge angrily bangs his gavel during Riley's accusation, his right wrist begins to bleed from where Riley slashed him the night before, confirming his identity as the killer. Riley ends up reinvigorated in her job and in a relationship with Sanger."
wiki-10879,The Accidental Tourist,"Macon Leary (William Hurt) is a Baltimore writer of travel guides for reluctant business travelers, which detail how best to avoid unpleasantness and difficulty. His marriage to his wife Sarah (Kathleen Turner) is disintegrating in the aftermath of the murder of their twelve-year-old son, Ethan. Sarah eventually leaves Macon, moving out of their house and into an apartment. After he falls down the basement stairs and breaks his leg, Macon returns to his childhood home to stay with his eccentric siblings. Macon is pursued by Muriel Pritchett (Geena Davis), an animal hospital employee and dog trainer with a sickly son. Macon eventually hires Muriel to put his dog through much-needed obedience training. Although Muriel at first seems brash and unsophisticated, Macon eventually finds himself opening up to her and trusting her, and he moves into her apartment. When Sarah's apartment lease is up, she moves back into their old home and suggests to Macon that they start over. Macon leaves Muriel, and he and Sarah set up house once more. When Macon visits Paris for research, Muriel surprises him by showing up on the same flight and stays in the same Paris hotel, recommended by Macon in one of his travel guides. She suggests that they enjoy themselves as if they are vacationing together. Macon insists he is there strictly for business, and he keeps Muriel at arm's length. After Macon is bedridden in his room by a back problem, Sarah comes to Paris to care for him and to make day-trips to help complete his travel research. Macon's back is still in pain the day before his return flight to Baltimore. Sarah proposes they reschedule the flight and make the trip a second honeymoon to which Macon agrees. However, Sarah continues to question Macon about his relationship with and attraction to Muriel, angering Macon. The next morning, Macon dresses while Sarah still sleeps, then wakes her to tell her that he is going back to Muriel. On the way to the airport, Macon spots Muriel hailing a taxi and tells the driver to stop. Thinking the driver stopped for her, Muriel bends to gather her luggage and catches sight of Macon in the taxi. She smiles, and Macon returns the smile."
wiki-10957,Fresh Horses,"Cincinnati college senior Matt Larkin seems to have a picture perfect life: he is well-liked at his college, from which he is soon to graduate, has a fiancée, friends, parties and good times. But when Matt meets Jewel, his carefully constructed house of cards falls apart and changes him forever. Matt’s content with his very proper fiancée and his safe life, so when his best friend Tipton relates a story of a night spent in a rough country house filled with seedy characters, beer, music and women, Matt initially scoffs at the idea of visiting. However, as he ponders his imminent marriage, he decides to check it out–no harm done, just a little fun before life gets serious. The two drive out to the house, expecting a wild party. Instead, they find only the aftermath of the previous night—cigarette butts and bottles strewn everywhere, a solitary biker playing pool, and a woman’s muffled giggle coming from upstairs. Disappointed, Matt goes to fetch a beer for Tipton and in doing so, in the kitchen, meets Jewel. Jewel is all mystery and trailer park at the same time. She’s a poor Kentucky girl, obviously grown up uneducated, yet Matt is instantly drawn to her. He returns to seek her out and the attraction they share is obvious. Despite their social differences, Matt is completely infatuated. His life soon does a 180. He breaks off his engagement, sneaks out at night and stops seeing his friends. However Matt is yet to figure out who exactly Jewel is and discover the secrets she is hiding (including an abusive husband and stepfather, the shady people that hang around the house, as well as the fact she is underage). As a result, the two worlds collide and it seems they are doomed by circumstance. After Matt has a run in with Jewel’s spouse, the ultra-seedy Green, Matt and Jewel break up. Jewel separates from Green, eventually meeting someone new at college."
wiki-11278,"See No Evil, Hear No Evil","A blind man named Wallace ""Wally"" Karew (Richard Pryor) and a deaf man named David ""Dave"" Lyons (Gene Wilder) meet when Wally applies for a job in Dave's New York City concession shop. After a brief period of confusion and antagonism, Wally and Dave become close friends. Dave reads lips and guides Wally when they travel, and Wally tells Dave about invisible sounds and what people say behind his back. At a local bar, Wally defeats an aggressive bully in a fistfight with assistance from Dave, who uses clock-face directions to tell Wally where his opponent is. Dave hires Wally. One morning, as Wally waits outside for the day's newspapers, a man walks into Dave's shop. When the man is approached by a beautiful woman named Eve (Joan Severance), he quickly removes a gold coin from a suitcase and places it in a box of coins sitting on the counter. The woman takes the suitcase and shoots the man in the stomach as Dave - whose back is turned - reads the information on a box of antacid pills. Dave neither sees nor hears the shooting, but he notices Eve's legs as she leaves the shop. Wally, who heard the gunshot, walks into the shop and trips over the man's dead body. Dave then rushes to help Wally and picks up the gun, which Eve left at the scene. When the police arrive, they find Dave and Wally standing over the body with Dave holding the gun. Before they are arrested, Dave tells Wally to collect the coins from the box. At the police station, Dave and Wally are interrogated by Captain Braddock (Alan North), a detective who immediately takes a dislike to them and makes them his prime suspects due to their relative uselessness as witnesses. When Eve and her accomplice Kirgo (Kevin Spacey) - hoping to recover the coin - arrive to bail them out by posing as attorneys, Wally recognizes Eve's perfume and Dave recognizes her legs, but Braddock ignores them when they insist that she is the killer. Wishing to avoid Eve and Kirgo when they are released, Dave and Wally escape from the police station, but the criminals soon find them. Eve takes the coin from Wally's pocket and telephones her boss Mr. Sutherland (Anthony Zerbe) for instructions, allowing Dave to learn the criminals' plans by reading her lips. When Kirgo tries to kill Dave and Wally, they use the fistfighting method they learned in the bar to knock him unconscious. They then steal an unattended police car, and drive away with Eve, Kirgo and Braddock chasing them. Working together to guide the patrol car, Dave and Wally evade both the police and the criminals, but they accidentally launch the car onto a waterborne garbage barge. After hiding the police car, the two men walk to a motel and telephone Wally's sister Adele (Kirsten Childs) for help. The police follow Adele and search her motel room, but she, Wally, and Dave avoid detection, and they drive away after the police have left. Having incorrectly read Eve's lips, Dave believes they need to find a woman named ""Grace George"", but Adele realizes that Eve must have been referring to a resort called ""Great Gorge"". At the resort, before Wally impersonates a visiting professor while Dave steals the coin from Eve. Meanwhile, Adele distracts Kirgo by crashing her car into his. However, Kirgo and Eve kidnap Adele and take her to Sutherland's estate. After a tragic mishap with the car, Dave and Wally put their rescue plan into action, with the result that Adele escapes but the two men are captured. In his study, Sutherland – who is also blind – reveals that the coin is a room-temperature superconductor, which is extremely valuable. Kirgo and Sutherland are killed during an argument over sharing the profits from the coin's theft, after which Dave and Wally escape the study and have a violent altercation with Eve and her helicopter pilot. When the police arrive, the remaining criminals are arrested, and Wally and Dave are released having been cleared of the charges. Shortly thereafter, the two men go to a local park and reprise a scene from the beginning of the film by dumping ice-cream cones on each other's head, enjoying each other's company."
wiki-11776,Christopher Columbus: The Discovery,"The titular Genoese navigator overcomes intrigue in the court of King Ferdinand and Queen Isabella of Spain and gains financing for his expedition to the West Indies, which eventually leads to the discovery of the Americas."
wiki-12098,Undercover Blues,"Turner and Quaid play Jane and Jefferson Blue, a wise-cracking couple of spies for an unnamed U.S. covert organization on maternity leave in New Orleans with their baby daughter whom they dote on, though they are unable to agree on whether her name should be Louise Jane or Jane Louise. With the baby's arrival, they have decided to move on to ""Chapter Two"" of their marriage, retiring from field assignment in an attempt to give their daughter a normal life. However, events continually conspire to draw them back into their old lives, including fruitless attacks by a frustrated mugger (played by Stanley Tucci) while being called back into service to combat a psychotic Czech arms dealer (played by Fiona Shaw)."
wiki-12252,Mixed Nuts,"The plot begins on Christmas Eve, with ex-con Felix running from his angry, pregnant wife, Gracie, as she chases him down the road. He accidentally runs into and damages a Christmas tree carried by two rollerbladers. When an argument breaks out among them, a stranger, Philip, unsuccessfully attempts to calm them down. They soon disperse. Philip, head of the suicide-prevention hotline ""Lifesavers"", receives an eviction notice from his landlord, Stanley, after being unable to pay the organization's rent for several months. In addition to him, the hotline is staffed by the selfish, neurotic, and rather fearful office manager, Mrs. Blanche Munchnik and the overly emotional and empathetic supervisor Catherine O Saughnessy. Philip, who does not inform his coworkers of the eviction, attempts to convince his girlfriend, Susan, who is a loan officer in a local bank, to grant him a small loan. She refuses the loan before telling him that she has been secretly dating a psychiatrist for four months and is breaking up with him. Despite Catherine's expectation that ""you'd expect everyone to be thinking of jumping out of windows or slitting their wrists on Christmas Eve"", the staff has received few calls. There is one phone call from a woman who is frightened by a notorious Los Angeles serial killer dubbed ""the Seaside Strangler,"" and another from Chris, a transgender woman, who convinces Philip to disclose Lifesavers' office address. Meanwhile, an elevator malfunction leaves Mrs. Munchnik trapped on her way to Christmas Eve dinner. Philip eventually manages to pull her to the top of the elevator when Gracie arrives and attempts to operate it. They are terrified that they will be crushed by the ceiling of the elevator shaft, but eventually they all manage to return to the office. Felix arrives, begging Gracie to listen to him, and she throws a fruitcake at him, causing a large cut on his forehead. Philip and Catherine take him to a veterinarian to be treated for his head wound. While the doctor is distracted, he steals and quickly overdoses on dog tranquilizers and is taken to a hospital. Meanwhile, at the office, the doorbell rings. Gracie quickly throws the door open, accidentally striking Mrs. Munchnik and revealing Chris in the doorway. Gracie leaves Chris to care for the unconscious Mrs. Munchnik. When Philip returns, Chris is sitting on the sofa and convinces him to dance with her. When Mrs. Munchnik revives, she witnesses the dancing and threatens to sue Philip for withholding information of the eviction and for ""inappropriate office behavior"" before leaving. Felix arrives at the office brandishing a gun, having escaped from the hospital. Chris gets shot in the foot after attempting to disarm him. Gracie takes the gun and shoots wildly around the office to empty it of ammunition. Two shots go through the front door, killing Stanley, who was standing behind it with a bag of his possessions. The sight of the dead Stanley puts Catherine in shock. Philip prepares a bath to calm her down, realizes that he is strongly attracted to her, and they have sex. Meanwhile, Chris takes a mutual romantic interest in Louie Capshaw - an eccentric resident in the building, who sings impromptu songs on his prized ukelele. Gracie and Felix disguise Stanley's body as a Christmas tree, and the decision is made to take it and the bag to the boardwalk and leave it there. As they all carry Stanley's body down the street, they encounter the now-vengeful rollerbladers, who barrel through them. Felix tosses the tree and it crashes to the ground, revealing Stanley's body. When the police arrive, Philip falsely confesses to the killing, but Gracie pulls out the gun as proof of her guilt. Felix grabs it and runs to the roof of a nearby building, where he threatens to commit suicide. Philip soon convinces him to climb down, to much applause. Catherine hands Stanley's bag to the detectives, who search it. They find fishing line and kelp, the weapons of choice for the Seaside Strangler. Stanley was the Seaside Strangler all along. For killing the criminal, Gracie receives the reward of $250,000. She offers to pay for Lifesavers' moving expenses, then promptly goes into labor. She gives birth in the first few hours of Christmas Day in a scene that resembles the nativity. Philip then asks Catherine to marry him."
wiki-12522,Operation Dumbo Drop,"During the Vietnam War in 1968, Captain Sam Cahill (Danny Glover) has been working hard to create good relations between the United States and Montagnard Vietnamese in the village of Dak Nhe. The U.S. Army is looking to monitor enemy operations on a clandestine weapons supply route which passes near the village. Cahill is coming close to his discharge, and explains to his successor Captain T.C. Doyle (Ray Liotta) the delicate nature of Vietnamese customs as well as the counter intelligence involving covert enemy activity. In a lapse of judgment with surrounding village children, a child steals a Nestlé Crunch bar from Doyle's backpack; the wrapper, when found, lets the NVA know of the local villagers' cooperation with the Americans. As punishment, Brigadier Nguyen (Hoang Ly) of the NVA, orders his subordinate, Captain Quang (Vo Trung Anh), to kill the villagers' elephant right before a spiritual festival. To aid the villagers, Cahill promises to replace the slain elephant before their upcoming ceremony while Doyle (whom the villagers blame for the elephant's death) reluctantly agrees to help. At camp, Major Pederson (Marshall Bell), assigns Cahill and Doyle, with Doyle in command, to secure and deliver a new elephant to the villagers, as well as two soldiers, Specialist 4 Harvey Ashford (Doug E. Doug) and Specialist 5 Lawrence Farley (Corin Nemec). Cahill blackmails Chief Warrant Officer 3 Davis Poole (Denis Leary) into helping as well. They purchase an elephant known as Bo Tat from a local Vietnamese trader (James Hong). They also agree to take along Bo Tat's handler, Linh (Dinh Thien Le), who has experience with verbal commands in guiding the elephant. Along the way, NVA soldiers attempt to stop them. Following a failed air transport, the soldiers use a combination of methods to reach Pleiku Air Base before the final stage of their journey to Dak Nhe. At Pleiku Air Base, Major Pederson notifies the captains that the mission has been cancelled. The enemy supply route has changed direction, and they no longer need the support of the local village. Against regulations, they commandeer a cargo aircraft. The aircraft comes under enemy fire, forcing them and Bo Tat to parachute out early. They land unharmed in and around the village, except for Ashford, who gets stuck in a tree and becomes separated from the rest. NVA forces suddenly appear, threatening to take the remaining soldiers hostage and kill the elephant. Ashford, however, is able to free himself and create a diversion long enough to distract and incapacitate the NVA troops. They complete their mission and, to the delight of the U.S. Army, capture high-ranking enemy officers in the process."
wiki-12542,Restoration,"A young doctor, Robert Merivel, enters the service of King Charles II of England after having saved the King's favorite spaniel. Merivel finds himself enjoying a life of debauched pleasure and popularity at court, until the King informs him that he has arranged for Merivel to wed Celia, the King's favorite mistress. The purpose of the arranged marriage is to fool another of the King's mistresses. Merivel is given an estate named Bidnold in Suffolk, and Celia is installed in a house in Kew where the king can visit her secretly. Merivel lives a life of debauchery there, but also finds pleasure in restoring the house to its former beauty with the support of Will Gates, the man who runs the estate. However, things become complicated when Merivel breaks the King's cardinal rule by falling in love with Celia. Elias Finn, a painter commissioned by the King to paint a portrait of Celia, tricks Merivel into revealing his romantic feelings for Celia, who does not return Merivel's affections. After finding out about Merivel's romantic feelings toward Celia, the King banishes him from court back to his life as a physician. Merivel rejoins his old friend, John Pearce, who has opened a Quaker sanitarium. There, Merivel meets Katherine, a troubled young woman whose husband walked out on her after their daughter drowned in the river. Merivel and Katherine become lovers. Pearce falls fatally ill with consumption, and while Merivel is tending to his dying friend, they discover that Katherine is pregnant with Merivel's child. After the death of Pearce, Merivel and Katherine leave. The pair returns to London just as the Great Plague has hit. Katherine gives birth to a daughter, Margaret, via Caesarean section, but dies in the process as there is no way to ward off infection once the body has been cut open. In her dying moments, Merivel promises Katherine that he will care for Margaret, and that he loves Katherine. As the plague continues to kill the people of London, Merivel feels compelled to do what he can as a physician. He leaves Margaret with a wet nurse who promises to care for her in his absence, and goes out into the city, separating the sick from the well, who have all been quarantined together, and does what he can to ease the suffering of the dying. When someone asks for Merivel's name, he says he is John Pearce, as a tribute to his friend. Under this misnomer and in disguise, Merivel is once again summoned to the palace. The King fears that Celia has contracted the plague. Merivel soon assures him that she does not have the plague, but rather has a treatable fever and is with child. With this, Merivel realizes the life he has now is more rewarding and fulfilling than the life and loves at the court he left behind. Suddenly, the court is notified that the city is ablaze, and Merivel races back to the city to retrieve his infant daughter from the flames. He is unable to find her, and falling through burning wood, Merivel lands in a small row boat, unconscious, and is floated by the river current away from the city. When he awakens, he is being cared for by Will Gates back at Bidnold. As Merivel recovers from his fall, he cannot recover from his failure to protect his young daughter from harm, when suddenly the King arrives at the house with his entourage. He informs Merivel that he has discovered the doctor's true identity, and that he was impressed with the man Merivel had become. With that, the King steps aside to reveal a nurse holding Margaret safely in her arms. For his courage and good work done in treating the victims of the plague, the King once again gives Bidnold to Merivel, stating that this time it will never be taken away. The film ends with Merivel returning to London, to set up a new hospital with help from the King."
wiki-12555,Skin,"Billy, a young skinhead, joins in a brutal racist attack on a black wedding party in Brixton, London, but then finds himself drawn to Marcia, a black woman whose flat is visible from his window. He visits Marcia and the couple have sex. From this point, the power dynamic between the two begins to reverse: in separate scenes, she slaps his face repeatedly as he is tied to the bed, feeds him dog food, and scrubs off his tattoos with bleach (significantly, this includes a tattoo of the Union Flag). Finally, Marcia carves her name on his back. Despite his pleas, she rejects him, finding solace with Kath, her flatmate, while Billy unsuccessfully takes a drug overdose and is saved by Neville."
wiki-12579,Toy Story,"In a world where toys are living things who pretend to be lifeless when humans are present, a group of toys, owned by six-year-old Andy Davis, are caught off-guard when Andy's birthday party is moved up a week, as Andy, his mother, and infant sister Molly, are preparing to move the following week. The toys' leader and Andy's favorite toy, a pull-string cowboy doll named Sheriff Woody, organizes the other toys, including Bo Peep the shepherdess, Mr. Potato Head, Rex the Dinosaur, Hamm the Piggy Bank, and Slinky Dog, into a scouting mission. Green army men, led by Sarge, spy on the party, and report the results to the others via baby monitors. The toys are relieved when the party appears to end with none of them having been replaced, but then Andy receives a surprise gift – an electronic toy space ranger action figure named Buzz Lightyear, who thinks he is an actual space ranger. Buzz impresses the other toys with his various features, and Andy begins to favor him, making Woody feel left out. As Andy prepares for a family outing at Pizza Planet, his mother allows him to bring one toy. Fearing Andy will choose Buzz, Woody attempts to trap Buzz behind a desk, but ends up accidentally knocking him out a window, and the other toys rebel against Woody by accusing him of knocking Buzz out of jealousy. Before they can exact revenge, Andy takes Woody instead and leaves for Pizza Planet. When the family stops for gas, Woody finds that Buzz has hitched a ride on the car as well, and fight, only to find the family has left without them. They manage to make their way to the restaurant by stowing away on a pizza delivery truck, where Buzz, still thinking he is a real space ranger, despite Woody's attempts to convince him otherwise, gets them stuck in a crane game, where they are salvaged by Andy's mischievous neighbor, Sid Phillips. Woody attempts to escape from Sid's house, but Buzz, finally realizing he is a toy after watching a Buzz Lightyear TV ad, sinks into despondency. Sid plans to launch Buzz on a firework rocket, but his plans are delayed by a thunderstorm. Woody tells Buzz about the joy he can bring to Andy as a toy, restoring his confidence. The next day, Woody and Sid's mutant toy creations rescue Buzz just as Sid is about to launch the rocket and scare Sid into no longer abusing toys by coming to life in front of him, and he runs into his house screaming in horror. Woody and Buzz then leave Sid's house just as Andy and his family drive away toward their new home. The duo tries to make it to the moving truck, but Sid's dog, Scud, sees them, and gives chase. Buzz gets left behind while saving Woody from Scud, and Woody tries rescuing him with Andy's RC car, but the other toys, thinking Woody eliminated RC as well, attack and toss him off the truck. Having evaded Scud, Buzz and RC retrieve Woody, and continue after the truck. Upon seeing Woody and Buzz together on RC, the other toys realize their mistake, and try to help them get back aboard, but RC's batteries become depleted, stranding them. Woody ignites the rocket on Buzz's back and manages to throw RC into the truck before they soar into the air. Buzz opens his wings to free himself from the rocket before it explodes, gliding with Woody to land safely into a box in the car, right next to Andy. On Christmas Day, at their new house, Woody and Buzz stage another reconnaissance mission to prepare for the new toy arrivals. As Woody jokingly asks what might be worse than Buzz, they discover Andy's new gift is a puppy, and the two share a worried smile."
wiki-12634,Brassed Off,"Gloria Mullins has been sent to her home town of Grimley to determine the profitability of the pit for the management of British Coal. She also plays the flugelhorn, and is allowed to play with the local brass band after playing Concierto de Aranjuez with them. The band is made up of miners from whom she must conceal her purpose. She renews a childhood romance with Andy Barrow, which soon leads to complications. Andy is bitter about the programme of pit closures and determined to fight on, but he is also realistic about the circumstances and predicts a 4-to-1 majority for closure and redundancy. When Andy realises that Gloria is working for management, he accuses her of naïvety for thinking that the Coal Board is considering whether the pit has any viable future and argues that the decision to close Grimley would have been taken years ago. It is later revealed during a confrontation between Gloria and the management of the colliery that the decision to close the colliery had been made two years previously, and that this was to have gone ahead regardless of the findings of her report; the report was simply a public relations exercise to placate the miners and members of the public sympathetic to their plight. The passionate band conductor, Danny Ormondroyd, finds he is fighting a losing battle to keep the rest of the band members committed. His son Phil is badly in debt and becomes a clown for children's parties, but fails to prevent his wife and children walking out on him. In debt, Phil votes for the redundancy money, which he becomes ashamed of. As Danny collapses in the street and is hospitalised, Phil suffers a mental breakdown while entertaining a group of children as part of a harvest festival in a church. He refers to himself as ""Coco the scab""—a name that he had been called by a debt collector who he had asked to wait until the redundancy money had come through. Eventually he attempts suicide by trying to hang himself, but is taken to the hospital. Phil reveals to Danny that in light of the colliery's closure, the band has decided not to continue playing. When Jim realises that Gloria is working for management, he is unimpressed with Andy's relationship with her. In a pub conversation, the other miners are not particularly concerned and feel that Jim is being too harsh on Andy. When Andy says that he should be old enough to make his own decisions, Jim responds with, ""Old enough to be a scab then?"" This attracts the whole pub's attention, as it signals a serious argument. Jim then withdraws the insult and says that Andy is just ""stupid"". Later on in the film, Jim asks Gloria to leave the band and mocks her attempts to fund the band's trip to the National Finals. With the intention that it will be their last performance, the band, in full uniform, and wearing their miners' helmets and lamps, plays ""Danny Boy"" late at night outside the hospital. Andy, having lost his tenor horn in a bet, whistles along with his hands in his pockets. After they finish, they all switch off their lamps. Whilst the band is playing in the National Semi-Finals, the outcome of the ballot is announced as 4-to-1 in favour of redundancy, as Andy had predicted. (It is later implied that, of the five miners who make up the main characters, four of them had voted for redundancy and only Andy had voted for the review procedure.) After Gloria sets up a bank account to fund travel to the National Finals, the band is brought back together to compete. Andy wins his tenor horn back in a game of pool, and having forgiven Gloria, after she gives them the money she was paid to compile the report (saying she does not want it because it's ""dirty money""), the band travels to the final at the Royal Albert Hall in London (Birmingham Town Hall was used to film these scenes),[5] where they are amused by the inability of the woman on the dressing room's PA system to pronounce 'colliery'. Before departing, Phil leaves a note for Danny saying that they are going to the finals. Danny arrives just in time to see the band win the competition with a stirring rendition of the William Tell Overture, during which Phil notices his wife and children are in the audience. Danny refuses to accept the trophy stating that it is only human beings that matter and not music or the trophy and that ""this bloody government has systematically destroyed an entire industry. Our industry. And not just our industry—our communities, our homes, our lives. All in the name of 'progress'. And for a few lousy bob."" However, following this gesture, another band member takes the trophy anyway. The band celebrates their victory as Andy and Gloria kiss on the upper deck of an open-topped bus travelling through London, while the rest of the band play Land of Hope and Glory conducted by Danny."
wiki-12680,Eraser,"John Kruger -a top U.S. Marshal for the Witness Security Protection Program (WITSEC)- specializes in ""erasing"" high-profile witnesses: faking their deaths to protect them from anyone that might silence them. After erasing mob witness Johnny Casteleone, Kruger is given a new assignment by his boss, Chief Arthur Beller, to protect Lee Cullen, a senior executive at Cyrez Corporation, a defense contractor. Lee warned the FBI that top-level Cyrez executives covered up the creation of a top secret electromagnetic pulse rifle and plan to sell the weapon on the black market. In an FBI sting operation, Lee accesses the Cyrez mainframe and downloads data on the EM rifle onto two discs: one for the FBI and one for her own protection. Vice President William Donohue, her boss, detects Lee’s intrusion and orders her into his office. After finding Lee's hidden camera and threatening her with a pistol, Donohue commits suicide in front of her. Lee delivers the disc to the FBI but, disillusioned by their broken promise to guarantee her safety, refuses Kruger's protection offer. The FBI's disc is replaced with a fake by a mole working for Undersecretary of Defense Daniel Harper, the conspiracy's mastermind. That night, Lee's house is attacked by a mercenary team sent by Cyrez' corrupt CEO, Morehart. Kruger rescues Lee and hides her in New York City, keeping her location secret even from WITSEC. Kruger learns from his mentor, Marshal Robert DeGuerin, that several witnesses have been murdered because a mole in WITSEC is leaking information and they must relocate their witnesses. Along with newcomer Deputy Monroe, they raid a remote cabin and kill mercenaries holding DeGuerin's witness hostage, but DeGuerin discreetly kills her when the mercenary leader reveals DeGuerin as the mole. Flying back to DC, Kruger, now suspicious of DeGuerin, warns Lee to relocate. DeGuerin drugs Kruger long enough to trace the warning call to NYC and kill Monroe using Kruger’s gun, framing him as the mole. DeGuerin explains he is the go-between for the black market buyer, and Kruger escapes from the plane to rescue Lee from DeGuerin's mercenaries; DeGuerin has Kruger and Lee branded as fugitives. They enlist Casteleone's help and penetrate the Cyrez building. Using a mainframe backdoor in Donohue's terminal, they decrypt Lee's second disc. It reveals that the shipment of EM rifles is at the Baltimore docks and will be delivered to Russian Mafia boss Sergei Ivanovich Petrofsky, who plans to sell the weapons overseas to terrorists. A Cyrez operative pinpoints their whereabouts and remotely destroys the disc; DeGuerin kidnaps Lee and takes her to the docks as the shipment is being loaded onto Petrofsky's Russian freighter. Casteleone contacts his mobster cousin Tony Two-Toes and his two associates to help Kruger raid the docks. They kill Petrovsky, his henchmen, and DeGuerin's mercenaries. In a struggle atop a shipping container, DeGuerin holds Lee hostage, but Kruger frees her and destroys the lock on the container crane, dropping DeGuerin and the container to the ground and exposing the presence of the EM rifles. Kruger rescues the critically wounded DeGuerin, leaving him to be detained by Beller and the authorities and proving his and Lee's innocence. Weeks later, Kruger brings Lee to a hearing for DeGuerin, Harper, and Morehart, who are indicted for treason. With little confidence that her testimony could secure their convictions, Kruger and Lee publicly fake their deaths in a car explosion. In the back of a limo, DeGuerin congratulates Harper on their deaths and says that they should go back into black-market business as soon as possible, but looks astonished when Harper says that he assumed DeGuerin had killed them. The men are confused, then shocked as their limo stops on a train track and the driver, actually Casteleone, locks the doors and exits the vehicle. Kruger calls DeGuerin and tells him ""You've just been erased"" as they see a train heading right for them. They can’t escape before the train slams into the limo, killing all three. Kruger waves goodbye to Casteleone and walks over to Lee in a waiting car, telling her ""they caught a train."""
wiki-13114,Romy and Michele's High School Reunion,"Romy White and Michele Weinberger are two friends living together in a beachfront apartment in Los Angeles, California. Romy works as a cashier in the service department of a Jaguar dealership; Michele is unemployed. They are both single and unambitious and enjoy the LA lifestyle. Romy encounters former high school classmate, Heather Mooney, who informs Romy about their upcoming 10-year high school reunion back in Tucson, Arizona. At first excited at the prospect of attending, Romy then has the realization that they will not be able to make a good impression at the reunion. Desperate to impress their former classmates, Romy and Michele make last-ditch attempts to improve themselves to avoid the bullying they endured, mostly at the hands of the ""A-Group"", led by cheerleader Christie Masters. In a series of flashbacks from 1987, Romy and Michele's suffering is revealed; Christie attached magnets to Michele's back brace and once took a bite out of the burger Romy was eating. Christie humiliated them once again at the prom, telling Romy that her handsome jock boyfriend, Billy Christensen, was in love with Romy and has now broken up with Christie to be with her. Christie tells Romy to wait for a dance with Billy. Christie and Billy then ride away together, unbeknownst to Romy, who patiently waits all night long at the dance for Billy. In tears, Romy then dances with Michele in a depressed state. Failing in their attempts to get jobs and boyfriends, Romy and Michele decide to simply pretend they have been much more successful by showing up in an expensive car and business suits. Romy obtains a nice car from the Jaguar dealership, and Michele makes their outfits. On the way to the reunion after making the realization they had not thought of what kind of business women they were, they decide to claim that they invented Post-it notes, reasoning that their true origins are obscure. Romy wants to state it was her idea to invent Post-Its and Michele's main contribution was deciding they should be yellow, which Michele takes as an insult to her intelligence. This leads to a further argument about who's the cuter of the two. The argument results in their decision to go their separate ways once they reach their destination. When they arrive, Michele hears Romy saying that she invented Post-its all by herself. Michele convinces the A-Group girls that she invented a special kind of glue, explaining the glue's complicated formula in great detail. Sandy Frink, the nerd who had a crush on Michele in high school, turns out to be incredibly wealthy and gorgeous and hits on Michele, while Billy and Romy reunite and hit it off. Both Romy and Michele win awards as the most successful members of their graduating class. Though still refusing to speak with each other, they look back at each other with longing. Seventy years later, an elderly Michele learns that Romy is on her deathbed, so she calls her to make amends. However, they rehash the same argument. Romy dies, flipping her the bird, and they never get a chance to resolve their issues. Michele wakes up alone in the car in the present day, disturbed by the previous dream sequence. At the reunion, Romy has begun to spread her story. Heather Mooney disrupts their lie by revealing the real name of the person who did in fact invent Post-It notes (something Heather learned in business school). The A-Group girls begin a vicious verbal attack on Romy. Michele ineptly defends her. Christie further humiliates the two in front of everyone by revealing Romy's lie; Romy runs out, with Michele chasing after her. Michele then tells Romy that she genuinely thought that their lives were wonderful just the way they were, before Romy said that they were not good enough. Michele also says that they should not care what everyone else thinks. They change into fun, stylish outfits they've designed, and return to the reunion, determined to have some fun at any cost. They confront Christie about her bullying. Romy says she no longer cares about Christie because Christie is just ""a bad person with an ugly heart"". Christie makes fun of their clothes; former classmate Lisa Luder, an ex-member of the A-Group who has since become a fashion editor for Vogue, sees things differently, and announces that the outfits are actually very well made and overall ""not bad"". Christie begins to attack Lisa, but Lisa coolly dismisses her in front of the crowd that has gathered to watch. The other A-Group girls defect and Christie is left by herself, while everyone else makes their way over to congratulate Romy and Michele. Heather apologizes to Romy and Michele and tells them that the two of them had actually made her unhappy in high school, for she had been in love with Sandy. Romy and Michele then make her feel better by saying that she too had the luxury of making someone miserable, referencing former classmate and reunion committee head Toby Walters, to whom Heather was always cruel in high school. Sandy Frink then arrives via helicopter, and turns out to be a billionaire who made his fortune from inventing a special shoe rubber. He goes over to talk to Romy and Michele. Michele tells Sandy that he must be the most successful person in their class; Sandy responds that despite all the wealth and success he has, the one thing he doesn't have is her, and asks her to dance with him. Michele agrees, so long as Romy can dance with them too. After an interpretive dance to Cyndi Lauper's ""Time After Time"" that receives huge applause, Sandy escorts them to his helicopter. Heather walks out, not interested in the new Sandy. While smoking, she encounters a mysterious classmate dressed as a cowboy. Heather remembers that in high school, he would often offer her a light by silently flicking lit cigarette butts at her. This time, Heather demands that he talk to her. The cowboy lights her cigarette with a lighter and apologizes for his previous behavior, stating that he had suffered from a speech impediment in high school. Romy and Michele leave with Sandy. On their way out, they encounter Billy Christensen, who is now Christie's husband; he is now an alcoholic, with a dead end job, overweight, living a miserable life with Christie, and unsure if he's the father of her latest pregnancy. When he propositions Romy, she tells him to go up to his hotel room, get undressed, and wait for her. He excitedly shuffles off; Romy laughs, having finally settled the score with Billy. They board the helicopter and see Heather down below amongst some bushes, making out with the cowboy. Six months later, back in Los Angeles, Romy and Michele use money loaned to them by Sandy to open their own fashion boutique. Heather has stayed in touch and has become friends with the girls, shopping in their store (and finally getting an outfit that's not all black)."
wiki-13118,The Saint,"At the Saint Ignatius Orphanage, a rebellious boy named John Rossi refers to himself as ""Simon Templar"" and leads a group of fellow orphans as they attempt to run away to escape their harsh treatment. Just as Simon is caught by the head priest, he witnesses the tragic death of a girl he had taken a liking to when she accidentally falls from a balcony. As an adult, Simon (Val Kilmer)—now a professional thief dubbed ""The Saint"" for using the names of Catholic saints as aliases—steals a valuable microchip belonging to a Russian oil company. Simon stages the burglary during a political rally held for the company's owner, Ivan Tretiak (Rade Šerbedžija). Tretiak is a former Communist party boss and a billionaire oil and gas oligarch who is rallying support against the Russian President. Simon is caught in the act by Tretiak's son Ilya (Valery Nikolaev) but escapes with the microchip. After learning of the heist, Tretiak contacts Simon and hires him to steal a revolutionary cold fusion formula discovered by American electrochemist Emma Russell (Elisabeth Shue). He wishes to acquire Emma's formula—which creates clean, inexpensive energy—so he can monopolize the energy market during a severe oil shortage in Russia. Using the alias ""Thomas More"", Simon poses as a South African traveller and steals the formula after having a one night stand with Emma. Tretiak learns Emma's formula is incomplete and orders his henchmen, led by Ilya, to kill Simon and kidnap Emma in order to obtain the remaining information. Heartbroken, Emma reports the theft to Inspector Teal (Alun Armstrong) and Inspector Rabineau (Charlotte Cornwell) of Scotland Yard, who inform her Simon is a wanted international thief. Emma tracks down Simon to a hotel in Moscow and confronts him about the theft and his betrayal. The Russian police, loyal to Tretiak, arrest Simon and Emma. However, they manage to escape from the police van as they are being brought to Tretiak's mansion. As they flee through the suburbs, Simon and Emma are helped by a prostitute and her family who shelter them in a hidden room in their home. Later, they meet ""Frankie"" (Irina Apeksimova), a fence who sells them the directions through an underground sewer system that lead to the American embassy. Simon and Emma exit the sewer tunnel only to find Ilya and his men waiting for them among a gathering of protestors outside the embassy's front gates. Emma safely makes it to the embassy for political asylum, while Simon allows himself to be caught by Ilya as a distraction. He escapes after rigging a car bomb that severely burns Ilya. Simon plants a listening device in Tretiak's office and learns he plans to stage a coup d'état by selling the cold fusion formula to Russian President Karpov to frame him for wasting billions on useless technology. Tretiak then plans to use the political fallout to install himself as President. Emma finishes the equations to complete the formula, and Simon delivers the information to Tretiak's physicist, Dr. Lev Botkin (Henry Goodman), who builds an apparatus which proves the formula works. Simon infiltrates the President's Kremlin residence and informs him of Tretiak's conspiracy just before Tretiak loyalists detain him. In front of a massive gathering in Red Square, Tretiak makes public accusations against President Karpov, but when the cold fusion reactor is successfully initiated, Tretiak is exposed as a fraud and arrested. He is also revealed to have caused the heating oil shortage in Moscow by illegally stockpiling vast amounts of heating oil underneath his mansion. Sometime later, at a news conference at the University of Oxford, Emma presents her cold fusion formula to the world. Simon attends the conference in disguise and once again avoids being captured by Inspectors Teal and Rabineau when they spot him in the crowd. As he drives away, he listens to a news radio broadcast (voiced by Roger Moore) reporting that $3 billion was recently donated to the Red Cross, Salvation Army and the United Nations Children's Fund. It is implied that Simon, who had access to Tretiak's accounts, donated the money anonymously. Furthermore, a non-profit foundation led by Dr. Botkin is being established to develop the cold fusion technology."
wiki-13266,I Got the Hook Up,"Working out of their van, Black (Master P) and Blue (Johnson) deal in TV sets and boomboxes, but then a driver mistakenly drops off a cell phone shipment. Business is on the upswing, but then the local crime boss, Roscoe, and his enforcer, T-Lay (Tom Lister Jr.), have a deal go sour and blame Black and Blue. Lorraine's boss Dalton and the FBI are also closing in. Master P announced in 2017 via Instagram he's looking for locations to film a sequel to the movie."
wiki-13471,Ghost Dog: The Way of the Samurai,"Ghost Dog sees himself as a retainer of Louie, a local mobster, who saved Ghost Dog's life years earlier. While living as a hitman for the American Mafia, he adheres to the code of the samurai, and interprets and applies the wisdom of the Hagakure. Louie tells Ghost Dog to kill a gangster, Handsome Frank, who is sleeping with the daughter of local mafia boss Vargo. Ghost Dog arrives and kills the gangster, before seeing that the girl is also in the room; he leaves her alive. To avoid being implicated in the murder of a made man, Vargo and his associate Sonny Valerio decide to get rid of Ghost Dog. Louie knows practically nothing about Ghost Dog, the hitman communicates only by homing pigeon. The mobsters start by tracing all the pigeon coops in town. They find Ghost Dog's cabin atop a building and kill his pigeons. Ghost Dog realizes he must kill the mafia or they will kill him and his master. During the day, Ghost Dog frequently visits the park to see his best friend, an ice cream man named Raymond. Ghost Dog does not understand French and Raymond does not understand English but the two seem to understand each other. Ghost Dog also makes friends with a little girl named Pearline, to whom he lends the book Rashomon. Eventually, Ghost Dog attacks Vargo's mansion and kills almost everyone he encounters single-handed, sparing only Louie and Vargo's daughter. At night, Ghost Dog kills Sonny Valerio in his house. Ghost Dog expects that Louie will attack him (as he feels that Louie must avenge the murder of his boss Vargo). He goes to the park and gives Raymond all his money, helping him to stay in the country. Pearline appears and gives back Rashōmon to Ghost Dog, saying that she liked it. Ghost Dog gives Pearline his copy of Hagakure and encourages her to read it. Though Louie feels some loyalty to Ghost Dog, he finally confronts him at Raymond's ice cream stand with Raymond and Pearline watching. Ghost Dog is unwilling to attack his master and allows Louie to kill him. His last act is to give Louie the copy of Rashōmon and encourage him to read it. Pearline takes Ghost Dog's gun and shoots at Louie but the gun is empty. Ghost Dog dies peacefully with Raymond and Pearline at his side. Later, Pearline reads the Hagakure."
wiki-13509,The Matrix,"A woman is cornered by police in an abandoned hotel; after overpowering them with superhuman abilities, a group of sinister superhuman grey green-suited Agents leads the police in a rooftop pursuit. She answers a ringing public telephone and vanishes. Computer programmer Thomas Anderson, living a double life as the hacker ""Neo"", feels something is wrong with the world and is puzzled by repeated online encounters with the cryptic phrase ""the Matrix"". The woman, Trinity, contacts him, saying that a man named Morpheus can explain its meaning; however, the Agents, led by Agent Smith, apprehend Neo and attempt to threaten him into helping them capture the ""terrorist"" Morpheus. Undeterred, Neo meets Morpheus, who offers him a choice between a red pill that will show him the truth about the Matrix, and a blue pill that will return him to his former life. After swallowing the red pill, his reality disintegrates and Neo awakens, naked, weak and hairless, in a liquid-filled pod, one of countless others connected by cables to an elaborate electrical system. He is rescued and brought aboard Morpheus' hovercraft, the Nebuchadnezzar. As Neo recuperates, Morpheus explains the truth: in the 21st century, intelligent machines waged war against their human creators. When humans blocked the machines' access to solar energy, the machines retaliated by harvesting the humans' bioelectric power. The Matrix is a shared simulation of the world, in which the minds of the harvested humans are trapped and pacified. All free humans live in Zion, the last refuge in the real world. Morpheus and his crew are a group of rebels who hack into the Matrix to ""unplug"" enslaved humans and recruit them; their understanding of the simulated reality enables them to bend its physical laws, granting them superhuman abilities. Morpheus warns Neo that death within the Matrix also kills the physical body, and that the Agents are powerful sentient programs that eliminate threats to the system. Neo's prowess during virtual combat training lends credence to Morpheus' belief that Neo is ""the One"", an especially powerful human prophesied to free humans and end the war. The group enters the Matrix to visit the Oracle, a prophet who predicted the emergence of the One. She implies that Neo is not the One and warns Neo that he will have to choose between Morpheus' life and his own. Before they can leave the Matrix, the group is ambushed by Agents and tactical police alerted by Cypher, a crew member who betrayed Morpheus to Smith in exchange for a comfortable life back in the Matrix. Morpheus allows himself to be captured so Neo and the rest of the crew can escape. Cypher exits the Matrix and murders several crew members as they lie defenseless in the real world. As he prepares to disconnect Neo and Trinity, Tank, a crewman whom he had left for dead, kills him. In the Matrix, the Agents interrogate Morpheus to learn his access codes to the mainframe computer in Zion. Tank proposes killing Morpheus to prevent this, but Neo, believing that he is not the One, resolves to return to the Matrix to rescue Morpheus; Trinity insists she accompany him. While rescuing Morpheus, Neo gains confidence in his abilities, performing feats comparable to the Agents'. Morpheus and Trinity exit the Matrix, but Smith ambushes and kills Neo before he can leave. In the real world, machines called Sentinels attack the Nebuchadnezzar. Trinity whispers to Neo that he can't be dead because she loves him and the Oracle told her that she would fall in love with the One. She kisses Neo and he revives with the power to perceive and control the Matrix. He effortlessly defeats Smith and leaves the Matrix just as the ship's electromagnetic pulse weapon disables the attacking Sentinels. Later, Neo makes a telephone call inside the Matrix, promising the machines that he will show their prisoners ""a world where anything is possible"". He hangs up and flies into the sky."
wiki-13818,Cats & Dogs,"Mrs. Carolyn Brody (Elizabeth Perkins) and her son Scotty (Alexander Pollock) return home, and the family's Bloodhound Buddy starts chasing a cat, a chase which ends with Buddy's capture by other cats in an ambush. This is witnessed by an Anatolian Shepherd dog named Butch (voiced by Alec Baldwin) who reports Buddy's capture to his superiors. The head dog then orders the best canine agents to complete the mission by preventing all (cats) from achieving their favorite goal: to make all humans allergic to dogs. Meanwhile, at a farm, a handful of Beagle puppies make fun of a younger puppy (voiced by Tobey Maguire), who wants to be free. The younger puppy tries an escape, but he fails. A group of young black Doberman puppies, all of them trained dog agents, led by a large Doberman Pinscher appear, round up the Beagle puppies and force them into hiding underground. Mrs. Brody comes into the puppy pen and she selects the younger puppy who was forgotten by the Dobermans. She decides to adopt him and takes him home, naming him Lou after Scotty sarcastically suggests the name ""Loser"". Lou goes near an explosive trap set by the cats but Butch comes out and detonates it harmlessly. Butch then shows Lou the network that dog agents use, then takes him to meet some more agents: Peek (voiced by Joe Pantoliano) is a Chinese Crested Dog who works in an underground tube and has surveillance and communications equipment and Sam (voiced by Michael Clarke Duncan) who is an Old English Sheepdog. Having mistaken Lou for a trained dog agent, Butch raises his concerns to his superiors, but is told that there is no time to send a replacement. Lou is then briefed on the origins of the war between cats and dogs, which apparently dates all the way back to Ancient Egypt. Butch also mentions that Buddy managed to escape from the cats and retired from the spy business, living life in a condominium. Meanwhile, Mr. Tinkles (voiced by Sean Hayes), a white Persian cat, plans to conquer the world by making all humans allergic to dogs with Professor Charles Brody's (Jeff Goldblum) research on a cure for dog allergies. He is briefly interrupted by Sophie the Maid (Miriam Margolyes) who needs to dress him upon seeing the comatose Mr. Mason (Myron Natwick). Tinkles then tells his sidekick Calico (voiced by Jon Lovitz), an Exotic Shorthair, to send in the ninja cats (voiced by Danny Mann and Billy West) he hired to steal the research. He sends in the Devon Rex ninjas but Lou manages to prevent the theft. Lou then meets a former agent and Butch's ex-sweetheart and girlfriend named Ivy (voiced by Susan Sarandon), a Saluki who belly scratches him. Disappointed that the ninja cats failed him, Mr. Tinkles then orders Calico to send a Russian Blue mercenary, whose name is Diemitir Kennelkoff, (voiced by Glenn Ficarra) to steal the research. Kennelkoff frames Lou for defecating in the house with a ball containing fake dog feces, causing Lou to be confined outside, then places a bomb on the lab door. Butch and Lou manage to get into the house through the window, but Peek and Sam are trapped outside after Lou knocks the window prop away. Kennelkoff fires a series of boomerangs around the Brodys' house causing serious damage and which break several vases and knock a lamp over; the boomerangs also cause the curtain pole to break. Lou then distracts the Russian while Butch tries to disable the bomb, but Kennelkoff turns his attention on Butch and tries to kill him. Butch gets caught in a telephone wire, then Mrs Brody comes home looking for her cell phone and surprisingly does not notice her wrecked living room. Although he suspects that dogs can see in black and white, Butch manages to escape and disables the bomb, but Kennelkoff holds out a remote that will detonate the bomb and laughs until the lab door opens and hits him. Kennelkoff is then captured and interrogated. The agent tells the gang that they pumped a few things out of Kennelkoff's stomach, including a note written by Mr. Tinkles. After an incident involving Lou playing with Scotty, Professor Brody's machine finally gets the positive combinations for the formula. As Mr. Tinkles and Calico overhear the call between Professor Brody and a doctor, they decide to spring a trap for Dr. Brody and his family. First, Mr. Tinkles makes his sinister and talking side known to Sophie, causing her to faint, then he and his cats take Mr Mason's comatose body to Mason's Christmas tree flocking plant, where Tinkles passes his voice off as Mr Mason to send the employees home and commandeer the factory for the next plot. The cats send soccer tickets to an exhibition game between Uruguay and Chad to the Brody family, obviously a ruse. The cats make a fake entry and when the Brody family pulls up, the cats throw a gas bomb into their car, which goes off in a tremendous explosion and leaves the family unconscious. While trying to decipher Mr. Tinkles's location, the dogs are obviously unaware that the Brodys have been led into a trap and are kidnapped by the said cat. After receiving a video from the cat demanding Mr. Brody's research as a ransom, the dogs from around the world assemble at a meeting (like the United Nations General Assembly) run by the Mastiff (voiced by Charlton Heston). When the dogs are unable to give up the formula after the meeting of the world's dogs, Lou angrily confronts Butch for not helping him. Butch then explains that when his owner went to college, he left him with his grandmother and storms off, cutting off all of Lou's communications with Peek and the others, so Lou would not seek help to save his family. Lou gives in and brings Mr. Tinkles the research, and is betrayed. Butch manages to find the depressed Lou and, along with Ivy, the two stage an ambush of Mr. Tinkles's factory where the latter plans to use mice to spread the now mass-produced allergy to dogs. While Butch, Ivy, Peek and Sam fight Tinkles's cat forces, Lou frees the Brodys and Calico (who was betrayed by Tinkles), revealing he can speak in the process. Lou defeats Tinkles and rescues Butch, but the claw of the excavator hits his head and a flocking tank, causing an explosion that destroys the factory. Butch manages to save Lou and he tells him he was right about everything, but the puppy is unresponsive and seems to be dead. After a few hurtful moments of sadness and sorrow, Lou suddenly awakens, and all rejoice. Lou decides to be a normal canine and not a secret agent yet, but one day he will be when he is a full-grown beagle. Meanwhile, Mr. Tinkles is sent to live with Sophie and her three sisters, who dress him in hilariously ridiculous girly outfits as punishment."
wiki-13892,The Last Castle,"Lieutenant General Eugene Irwin (Robert Redford) is brought to a maximum security military prison to begin a ten-year sentence for his decision (in violation of a presidential order) to send U.S. troops on a mission in Burundi, resulting in the deaths of eight soldiers. Colonel Winter (James Gandolfini), the prison's commandant, is a great admirer of the general but is offended by a comment he overhears: Irwin criticizes Winter's much-prized military artifacts collection, calling it something no actual battlefield veteran would ever have. Winter, who has never seen combat, resents the remark. He then takes exception to what he perceives as Irwin's attempt to change the attitudes of the prisoners, his admiration for Irwin fading fast. On one occasion, Irwin is punished harshly after stopping a guard from clubbing a prisoner, Corporal Ramon Aguilar (Clifton Collins, Jr.), who had made the mistake of saluting Irwin in the prison yard. Continuing to observe acts of cruelty, Irwin attempts to unify the prisoners by building a ""castle wall"" of stone and mortar at the facility, which in many ways resembles a medieval castle. Envying the respect Irwin is clearly receiving, Winter orders his guards to destroy the wall. Aguilar, directly involved in its construction, takes a stand before the bulldozer. Winter orders sadistic sharpshooter Cpl. Zamorro (David Alford) with a coded hand gesture to fire a normally non-lethal rubber bullet directly at Aguilar's head, killing him. After the wall is destroyed, Irwin and the inmates pay final respects to Aguilar in formation. Winter later tries to make amends with Irwin, who calls him a disgrace to the uniform and demands his resignation. The prisoners begin to behave like soldiers around Irwin, using code words and gestures, infuriating the commandant. Winter reaches out to an anti-social prisoner named Yates (Mark Ruffalo), a former officer and Apache helicopter pilot convicted of running a drug-smuggling ring. Yates is bribed to inform about Irwin's plans in exchange for a reduced sentence. He lets the commandant know that Irwin intends to take over the prison, then raise the flag upside down, a signal of distress. Irwin organizes a plot to throw the prison into chaos. His intent is to show a friend, Brigadier General Wheeler (Delroy Lindo), the commandant's superior officer, that the commandant is unfit and should be removed from command under the Uniform Code of Military Justice. During a visit, Winter receives a letter threatening the kidnapping of General Wheeler by the prisoners. After ordering his men into action, Winter discovers that the scheme was a just a bluff. Irwin uses the event to gain intelligence on how the prison guards would react during an actual uprising. Yates discreetly steals a U.S. flag from the warden's office during one of his visits and reveals he is on Irwin's side; Winter orders all the prisoners to be outside in the yard in an attempt to prevent their plot, but this was part of their plan as well, and the riot commences. Using improvised weapons, the prisoners capture an armored vehicle and the prison helicopter, which Yates uses to kill Zamorro. The prisoners place a call to Wheeler's headquarters and inform him of the riot. Winter has little time to regain control before Wheeler will arrive to see the prison under siege, so orders the use of live ammunition against the prisoners. Winter knows from Yates that Irwin's ultimate goal is to raise the American flag upside down, a classic signal of distress. Irwin's men create havoc but ultimately are confronted by overwhelming numbers of guards, armed with live ammunition. The colonel orders that men to lay down, but they refuse. He order them again, telling them that the sharpshooters that are now in place above them will fire if they do not obey. Just before he gives the order, Irwin orders his fellow prisoners to lay down. The colonel then tells Irwin to give him back his flag, to which Irwin replies, ""It's not your flag."" Irwin then turns and begins walking toward the flagpole in order to raise the flag. The colonel, increasingly unsettled, tells Irwin, ""You will not raise that flag upside down."" But Irwin continues to walk, while the colonel continues to order him not to raise the flag upside down. Seeing that he is having no effect on Irwin, the colonel orders the shooters to fire on Irwin. But they do not. He orders them again and again, trying to stop Irwin from raising the flag upside down. But after Winter's men, including Captain Peretz, disobey his orders and refuse to kill Irwin, Winter fatally shoots Irwin in the back as he lifts the flag. As his life ebbs away, Irwin continues to raise the flag. Peretz places the Colonel under arrest for the shooting of Irwin. The prisoners, now standing again, begin to salute the flag. To his astonishment, Winter now sees that Irwin has actually raised the flag in the correct manner, which means that the colonel had shot Irwin for no good reason. The flag flies above the prison's walls as General Wheeler arrives. Colonel Winter is led away in handcuffs. The inmates build a new wall as memorial to their fallen comrades. Aguilar and Irwin's names are among those carved onto the castle's wall."
wiki-13915,Novocaine,"Generally, the film is a dark and quirky ""tragicomedy"". The ""everyman"" protagonist, Dr. Frank Sangster (Steve Martin), is a dentist with a fairly pleasant but rather innocuous, ordinary and uneventful life. But all of this gets derailed, and Frank's life descends into an increasingly complex mess, from the minute a beautiful and seductive new patient named Susan Ivey (Helena Bonham Carter) comes to him, seeking a root canal and a little pain relief... On Susan's initial office visit, Frank schedules her for a root canal the very next day, and offers her some Ibuprofen to address her pain in the meanwhile. Claiming that she is allergic to the offered medication, Susan requests a prescription for the addictive pain-killer Demerol. Frank provides the prescription, but only for five tablets. However, Susan changes the dosage from five tablets to fifty when she collects the medication from her pharmacist. Susan arrives for her appointment twelve hours late, having mistaken the time. She seduces Frank, talking him into getting drunk and having sex with her. During the night, Susan steals all of Frank's narcotics. The next day, there is a DEA (Drug Enforcement Administration) agent at Frank's office demanding to see the dentist's narcotics supply, because an 18-year-old has driven a car off a cliff under the influence of cocaine hydrochloride from a bottle registered to the dentist. Knowing that Susan has stolen his entire drug supply, Frank puts the agent off, saying he dispensed it all to patients. The agent leaves with the promise that if Frank fails to produce the empty containers in two days, the DEA will place him under arrest. That night Frank goes to Susan's hotel room to demand the empty containers, threatening that he'll call the police if she doesn't provide them. Once again, she overrides his initial intentions and seduces him - with the result that they have sex and he spends the night with her. The next day at his office, Frank is confronted by Susan's brother, Duane Ivey (Scott Caan) having a violent scene, saying: ""Stay the hell away from my sister"" and ""I don't appreciate your threats"". Duane ends the conversation with, ""I don't ever want to see you again, because if I do, goddamn it, I'm gonna hurt you."" That night, Frank returns to Susan's hotel room and, assuming that Susan is the form he sees the bed, starts talking to her. The person under the blanket turns out to be not Susan but brother Duane, who leaps up and attacks Frank, attempting to strangle him. Frank takes scissors from a nearby desk and stabs Duane in the hand, impaling him and embedding the scissors. Frank flees, stopping off at a bar to calm down. On arriving at home, just minutes ahead of his girlfriend Jean (Laura Dern), he finds Duane dead on the floor. Police arrive on the scene to question Frank. Comically adding to Frank's distress and anxiety is actor Lance Phelps (Kevin Bacon), a hack actor doing research for a role, and permitted by the police to question Frank at aggressive levels that cause Frank heightened discomfort. After the police arrive and depart, Frank tells Jean about the whole ordeal. A while later, Frank is arrested for the murder of Duane Ivey based on finding Frank's teeth marks on the body - that someone else put there after killing Duane. After Frank breaks free, all of Chicago is on the look out for him. He goes to his office in the night, only to find his brother Harlan lying dead. At this point, it is revealed that Frank's girlfriend Jean is behind all of the killing. She killed Duane with a shotgun and created dentures of Frank's teeth using his dental equipment and bit Duane's corpse with them. She was also in cahoots with Harlan, with whom she was having an affair. Unfortunately for Harlan, her plan was to eventually kill him as well with the shotgun to tie up all loose ends and make it appear that Frank killed him after Duane. Realizing he'll never be free without starting over, Frank pulls out all of his dead brother's teeth, as well as all of his own. Frank uses his dental skills to place his own teeth into his dead brother's skull, and then sets fire to the dental office with Harlan's corpse, replete with replaced teeth, left inside. Frank and Susan, now lovers, escape to France, where they live happily ever after in a little cottage on the countryside. Meanwhile, Jean's attempts to frame Frank fall apart. Unbeknownst to her, Harlan was playing with a medical video camera while he was shot and the recovered footage shows Jean firing the shotgun at the camera holder but fails to show it was Harlan who was shot. Therefore, the police wrongly assume that Jean shot Frank and arrest her."
wiki-13969,Tomcats,"A group of guys have made a deal to each invest in a fund, which would be paid to the last remaining bachelor of the group. Michael Delaney, a cartoonist, attempts to get the other remaining bachelor, Kyle Brenner, married to a statuesque policewoman who Kyle said was the one that got away, so Michael can claim the fund to pay off a gambling debt. Unfortunately, the policewoman Kyle is trying to marry is the woman Michael has fallen in love with, Officer Natalie Parker. Michael then gets himself into all sorts of misadventures, from getting captured by a young woman and her grandmother with a bizarre BDSM fetish (the young woman seems like a quiet librarian at first glance) to trying to retrieve Kyle's surgically removed testicle, all the while attempting to pay off his gambling debt to the honked-off mobster menacing through selling his possessions, relieving himself of his ""Tomcat"" status, overcoming his fear of commitment, and finding true love."
wiki-14023,Chicago,"In 1924, Roxie Hart sees star Velma Kelly perform (""Overture/All That Jazz"") at a Chicago theater. Wanting stardom for herself, she begins an affair with Fred Casely, who claims to know the manager. After the show, Velma is arrested for killing her husband Charlie and sister Veronica, who were in bed together. A month later, Casely admits to Roxie that he has no showbiz connections and just wanted her body. Enraged, she shoots him dead. She convinces her husband, Amos, to take the blame, telling him she killed a burglar in self-defense. As Amos confesses to the detective, Roxie fantasizes that she is singing a song devoted to her husband (""Funny Honey""). However, when the detective brings up evidence that Roxie and Casely were having an affair, Amos recants; Roxie furiously admits what really happened and is arrested. Ambitious District Attorney Harrison announces he will seek the death penalty. At Cook County Jail, Roxie is sent to Murderess' Row, under the care of the corrupt Matron ""Mama"" Morton (""When You're Good to Mama""). Roxie meets her idol Velma, but her friendship is rudely rebuffed. She learns the backstories of the other women there, including Velma Kelly (""Cell Block Tango""). On Morton's advice, Roxie engages Velma's lawyer, the brilliant Billy Flynn (""All I Care About""). Flynn and Roxie manipulate the press, reinventing Roxie's identity as an originally virtuous woman turned bad by the fast life of the city; she claims she had the affair with Casely because Amos was always working, but repented and dumped him for Amos, and Casely jealously attacked her (""We Both Reached for the Gun""). The press believe the story; praised by the public as a tragic heroine, Roxie becomes an overnight sensation (""Roxie""). Velma, unhappy at losing the public's attention, tries to convince Roxie to join her act, replacing the sister that she murdered (""I Can't Do It Alone""), but Roxie, now the more popular of the two rivals, snubs her just as Velma originally did. Meanwhile, Kitty Baxter, a wealthy heiress, is arrested for murdering her husband and his two lovers, and the press and Flynn pay more attention to her. To Velma's surprise, Roxie quickly steals back the fame by claiming to be pregnant. Amos is ignored by the press (""Mister Cellophane""), and Flynn, to create more sympathy for Roxie, convinces him that the child is Casely's, and that he should divorce Roxie in the middle of her predicament. Roxie over-confidently fires Flynn, believing she can now win on her own. However, when Katalin Helinszki, a Hungarian woman from Murderess' Row, becomes the first woman in Cook County history to be executed by hanging, Roxie realizes the gravity of the situation and rehires Flynn. Roxie's trial begins, and Billy turns it into a media spectacle (""Razzle Dazzle"") with the help of the sensationalist newspaper reporters and radio personality Mary Sunshine. Billy discredits witnesses, manipulates evidence, and even stages a public reconciliation between Amos and Roxie when she says the child is his. The trial seems to be going Roxie's way until Velma appears with Roxie's diary: she reads incriminating entries in exchange for amnesty in her own case. Billy discredits the diary, implying that Harrison was the one who planted the evidence (""A Tap Dance""). Roxie is acquitted, but her fame is eclipsed moments later when another woman, who had also shot her own husband, shoots her lawyer just outside the courthouse. Flynn tells her to accept it, and admits that he tampered with her diary himself, in order to incriminate the district attorney and also free two clients at once. Amos remains loyal and excited to be a father, but Roxie cruelly rejects him, revealing that she is not pregnant, and he finally leaves her. Roxie does become a vaudeville performer, but is very unsuccessful (""Nowadays""). Velma is just as unsuccessful, and again approaches Roxie to suggest performing together: a double act consisting of two murderers. Roxie initially refuses, but later accepts when Velma points out that they can perform together despite their resentment for each other. The two stage a spectacular performance that earns them the love of the audience and the press (""Nowadays / Hot Honey Rag""). The film concludes with Roxie and Velma receiving a standing ovation from an enthusiastic audience, and proclaiming that, ""We couldn't have done it without you""."
wiki-14058,Ghost Ship,"In May 1962, aboard the Italian ocean liner SS Antonia Graza, dozens of wealthy passengers dance to the song ""Senza Fine"" sung by Francesca, an Italian lounge singer. A young girl, Katie Harwood, sits alone until the ship's captain offers to dance with her on the exterior dance floor. Elsewhere, a hand presses a lever that unravels a thin wire cord from a spool. The spool snaps and the wire whips across the dance floor, bisecting the dancers. Forty years later, at a bar, a boat salvage crew — Captain Sean Murphy, Maureen Epps, Greer, Dodge, Munder, and Santos — celebrate their recent success. Jack Ferriman, a Canadian weather service pilot, approaches them and says he spotted a vessel adrift in the Bering Sea. Because the ship is in international waters, it can be claimed by whoever brings it to port. The crew sets out on the Arctic Warrior, an ocean salvage tugboat. The ship is the Antonia Graza, which was believed to be lost at sea. As they prepare to tow it, they discover it contains a large quantity of gold. After a series of supernatural events, the group decides to abandon the salvage effort but take the gold, but an invisible force sabotages the Arctic Warrior. The tugboat explodes as its engine is restarted, killing Santos. Left with no other option, the group begins repairing the Antonia Graza. Greer encounters Francesca, who seduces him into betraying the fiancée he has ashore, then leads him off a precipice to his death. Captain Murphy enters the captain's cabin and finds his ghost. The captain explains that they recovered the gold from a sinking cruise ship, the Lorelei, along with a sole survivor. Murphy is shown a picture of the survivor, whom he recognizes. He rushes to tell the others, but begins hallucinating and sees everyone as the ghost of the burned Santos, who provokes him into a murderous rage. The others think Murphy has gone mad and lock him in the drained fish tank, where Epps later finds him drowned. Epps meets Katie's ghost, who reveals what happened on the Graza. The sole survivor of the Lorelei convinced the Graza's crew to murder the passengers for the gold. Once the passengers were killed, the crew turned on one another; soon, only a single officer was left, but he was later killed by Francesca. Another man, the mastermind behind the massacre, then killed Francesca by mystical means and branded her palm with a hook-shaped symbol using only his hands. The man is revealed as Jack Ferriman, who is actually a demonic spirit. Epps deduces that Ferriman lured the salvage team to the Graza to repair it, and decides to sink it to thwart his plan. While Munder is crushed under the ship's gears while scuba diving in a flooded area, Epps tells Dodge to keep Jack on the ship's bridge while she secretly sets explosives. When Ferriman realizes that Dodge is on to his secret, he walks towards Dodge while insulting him for not being man enough to act upon his feelings for Epps. Dodge threatens to shoot Ferriman, who simply smiles and says that murderers go to hell. Dodge shoots and Ferriman is seemingly killed. Epps is below decks setting explosives when she is confronted by Dodge. He tells her he has killed Ferriman and that they can salvage the gold to start a life together, but Epps is made suspicious by this unexpected romantic proposal and Dodge's apparent knowledge of the deaths of the rest of the crew despite not being told of them. Realizing that his ruse has failed, ""Dodge"" morphs into Jack Ferriman, who has killed the real Dodge. Ferriman describes himself as a salvager of souls, a job he earned by a lifetime of sin. He plans to use the Antonia Graza and the gold as a trap to continue collecting souls. Only the souls of sinners can be readily controlled, through the mark he brands them with, and as long as the Graza is kept afloat the soul of everyone who has died aboard the ship will be dragged down when Ferriman has filled his quota and returns to hell, something which will please the ""management"". He offers to spare Epps's life in exchange for her not interfering but she detonates the explosives. Ferriman is blown to pieces in the explosion and Katie helps Epps escape the sinking ship. Katie wordlessly bids farewell to Epps before she and the other unmarked souls trapped on the ship ascend to heaven. Drifting on the open sea, Epps is found by a cruise ship and returned to land. As she is loaded into an ambulance, she sees the battered crates of gold being loaded onto the cruise ship by crewmen overseen by Ferriman, who glares at her and carries on; she screams as the ambulance doors close."
wiki-14097,Minority Report,"In April 2054, Washington, DC's PreCrime police stops murderers before they act, reducing the murder rate to zero. Murders are predicted using three mutated humans, called ""Precogs"", who ""previsualize"" crimes by receiving visions of the future. Would-be murderers are imprisoned in their own happy virtual reality. The Federal government is on the verge of adopting the controversial program. Since the disappearance of his son Sean, PreCrime Captain John Anderton has both separated from his wife Lara and become a drug addict. While United States Department of Justice agent Danny Witwer is auditing the program, the Precogs generate a new prediction, implying Anderton will murder a man named Leo Crow in 36 hours. Anderton does not know Crow, but flees the area as Witwer begins a manhunt. Anderton seeks the advice of Dr. Iris Hineman, the creator of PreCrime technology. She reveals that sometimes, one of the Precogs, usually Agatha, has a different vision than the other two, a ""minority report"" of a possible alternate future; this has been kept a secret as it would damage the system's credibility. Anderton resolves to recover the minority report to prove his innocence. Anderton goes to a black market doctor for a risky eye transplant so as to avoid the citywide optical recognition system. He returns to PreCrime and kidnaps Agatha, shutting down the system, as the Precogs operate as a group mind. Anderton takes Agatha to a hacker to extract the minority report of Leo Crow, but none exists; instead, Agatha shows him an image of the murder of Ann Lively, a woman who was drowned by a hooded figure in 2049. Anderton and Agatha go to Crow's hotel room as the 36-hour time nears, finding numerous photos of children, including Sean's. Crow arrives and Anderton prepares to kill him, accusing him of being a serial child killer. Agatha talks Anderton out of shooting Crow by telling him that he has the ability to choose his future now that he is aware of it. Crow however begs to be killed, having been hired to plant the photos and be killed in exchange for his family's financial well being. Crow grabs Anderton's gun and pushes the trigger, killing himself. Anderton and Agatha flee to Lara's house outside the city for refuge. There they learn Lively was Agatha's drug-addicted mother who sold her to PreCrime. Lively had sobered up and attempted to reclaim Agatha, but was murdered. Anderton realizes he is being targeted for knowing about Lively's existence and her connection to Agatha. Witwer, studying Crow's death, suspects Anderton is being framed. He examines the footage of Lively's murder and finds there were two attempts on her life, the first having been stopped by PreCrime but the second, occurring minutes later, having succeeded. Witwer reports this to the director and founder of PreCrime, Lamar Burgess, but Burgess responds by killing Witwer using Anderton's gun. With the Precogs still offline, the murder is not detected. Lara calls Burgess to reveal that Anderton is with her, and Anderton is captured, accused of both murders, and fitted with the brain device that puts him permanently into a dreamlike sleep. As his body is deposited into the prison, the warden tells him, ""that all your dreams come true”. Agatha is reconnected to the PreCrime system. While attempting to comfort Lara, Burgess accidentally reveals himself as Lively's murderer. Lara frees Anderton from stasis, and Anderton exposes Burgess at a PreCrime celebratory banquet by playing the full video of Agatha's vision of Burgess killing Lively. A new report is generated at PreCrime: Burgess will kill Anderton. Burgess corners Anderton, and explains that as he could not afford to let Lively take Agatha back without impacting PreCrime, he arranged to kill Lively following an actual attempt on her life, so that the murder would appear as an echo to the technician within PreCrime and be ignored. Anderton points out Burgess's dilemma: If Burgess kills Anderton, he will be imprisoned for life, but PreCrime will be validated; if he spares Anderton, PreCrime will be discredited and shut down. Anderton reveals the ultimate flaw of the system: once people are aware of their future, they are able to change it. Burgess shoots himself. After Burgess's death, the PreCrime system is shut down. All the prisoners are unconditionally pardoned and released, although they are kept under occasional surveillance. Anderton and Lara are soon to have a new child together. The Precogs are sent to an undisclosed location to live their lives in peace."
wiki-14129,Ripley's Game,"Tom Ripley is involved in an art forgery scheme in Berlin, in partnership with a thuggish British gangster named Reeves. After a violent argument results in Ripley killing one of his ""customers"", he gives the money to Reeves but keeps the artwork for himself, curtly informing Reeves that their partnership is over. Three years later, Ripley is living in a lush villa in Veneto with his wife Luisa, a beautiful harpsichordist. Invited by a neighbour to a party, Ripley overhears the host, Jonathan Trevanny, insulting his taste and making a guarded reference to his questionable past. Ripley briefly confronts him, then sullenly leaves the party. Reeves resurfaces, much to Ripley's annoyance, asking him to eliminate a rival mobster. Remembering the slight, Ripley recommends that an amateur be hired to do it – Trevanny, a law-abiding art framer who is dying of leukemia. Reeves offers a bewildered Trevanny the job. Knowing that he doesn't have long to live and that the money could be left to his wife and son upon his death, Trevanny reluctantly agrees to perform the hit, which he assumes will be a one-time-only assignment. However, Reeves blackmails Trevanny into taking on another assassination, this time a much more complicated one on a train. A panicking Trevanny freezes up on the train, but Ripley appears unexpectedly and intervenes in the nick of time. After the two of them dispatch the target and his two bodyguards in the train's toilet, Trevanny forms an uneasy friendship with Ripley and returns home. He then vainly attempts to persuade his wife Sarah that he won his money from playing roulette after his hospital visit in Berlin. The mobsters' associates come to Italy seeking revenge, killing Reeves at his favourite restaurant and leaving his body in the boot of their car. They storm Ripley's villa but are snared in Ripley's traps. Ripley cleverly terminates each of them, with Trevanny's increasingly eager assistance. Trevanny returns home to find two more assassins holding Sarah captive. At the same time, Ripley spots the killers' silver BMW outside in the bushes and doubles back to Trevanny's in time to save his wife. However, Trevanny sacrifices himself to save Ripley being shot by a wounded assassin. Genuinely puzzled by Trevanny's selflessness, Ripley tries to give Sarah her husband's share of the blood money, but she only spits in his face in reply. That night, Ripley attends Luisa's concert as if nothing has happened, but smiles briefly at the memory of Trevanny's sacrifice."
wiki-14199,Amandla!: A Revolution in Four-Part Harmony,"In the film, South African musicians, playwrights, poets and activists recall the struggle against apartheid from the 1940s to the 1990s that stripped black citizens of South Africa of basic human rights, and the important role that music played in that struggle. The documentary uses a mixture of interviews, musical performances and historical film footage. Among the South Africans who take part are Miriam Makeba, Abdullah Ibrahim, Hugh Masekela, Vusi Mahlasela and others.[1] The freedom songs heard in the film have an important historical context. Particularly in the United States, freedom songs have referred to protest songs of the abolitionist, civil rights, and labor movements. Yet, in South Africa, the songs take on a different meaning, referring to a unique collection of songs tied to the struggle for racial equality during the 20th century. Stylistically, freedom songs originated in choir as a unifying and prevalent genre that combined southern African signing traditions with Christian hymns. Most of the songs have simple melodies and are sung a cappella. More importantly, they are composed and sung in groups, and often reflect changing political circumstances and attitudes.[2]"
wiki-14358,Shattered Glass,"Stephen Glass is a reporter at The New Republic, where he has made a name for himself for writing colorful stories. His editor, Michael Kelly, is revered by the magazine's young staff. When David Keene (at the time Chairman of the American Conservative Union) questions Glass's description of minibars and the drunken antics of Young Republicans at a convention, Kelly backs his reporter when Glass admits to one mistake but says the rest is true. Kelly is fired after he stands up to his boss Marty Peretz on an unrelated personnel issue, and fellow writer Charles ""Chuck"" Lane is promoted to replace him. The magazine publishes an entertaining story by Glass titled ""Hack Heaven"" about a teenage hacker named Ian Restil who was given a lucrative job at software company Jukt Micronics after hacking into its computer system. After the article is published, Adam Penenberg, a reporter at Forbes Digital Tool, begins researching the story in order to discover how Glass scooped everyone else. Penenberg is unable to uncover any corroborating evidence for Glass's story. Questioned by the Forbes reporter, Lane becomes suspicious when Glass cannot provide sources for his article and when the few pieces of concrete evidence are discovered to be an amateurish website representing Jukt Micronics and a Palo Alto phone number where every call goes directly to voicemail. Penenberg and his colleague, Andy Fox, can find no proof Jukt or an Ian Restil even exist. Lane drives Glass to a hotel where the hacker convention supposedly took place. Despite frantic attempts at spin from Glass, Lane discovers that the hotel's convention room was not open the day the convention supposedly took place and that the restaurant where they supposedly ate dinner closes in the early afternoon. Glass finally admits to Lane that he wasn't actually at the hacker convention, but relied on sources for information. Lane is outraged, but proceeds cautiously while seeking the truth. He suspends Glass, earning him the enmity of staff reporters, who all are fond of Glass. Caitlin Avey, a writer at the magazine, is so angered by Lane's actions that she considers quitting. When a colleague calls Lane to express concern for Glass's state of mind, he also reveals that Glass has a brother in Palo Alto. Lane realizes the brother must have posed as the president of Jukt Micronics on the day he returned Lane's phone call. Glass pleads for another chance, but Lane orders him out of the office and takes his security access card. Searching through back issues of The New Republic, Lane realizes that much of Glass's previous work was falsified. When an emotional Glass returns, Lane fires him. Caitlin accuses Lane of wanting to get rid of everyone who was loyal to Michael Kelly, but he challenges her to act like the good reporter she is. He reminds her that half of the falsified stories were published on Kelly's watch and that the entire staff will have to apologize to their readers for allowing Glass to continue to hand in fictitious stories. The following day, a receptionist wryly remarks to Lane that all this trouble could have been averted if the stories required photographs. Lane discovers the staff has written an apology to their readers. They spontaneously applaud their editor, signifying their unity. At a meeting with Glass and a lawyer, Glass tacitly admits that 27 of the 41 articles he wrote for The New Republic were fabricated in whole or in part. An epilogue reveals that Glass decided to complete law school, and wrote a novel called The Fabulist about a reporter who fabricates his stories."
wiki-14419,Breakin' All the Rules,"Quincy Watson (Jamie Foxx) is unceremoniously dumped by his fiancée Helen during their engagement party. Devastated, he attempts to express his feelings to her with a heartfelt letter. His boss Phillip has also given him the job of researching how to diplomatically lay off people at their company. As Quincy writes, the letter becomes a ""how to"" book on the correct way to end a relationship. He has a book published and becomes a best-selling author on the subject. Not wanting his male friends to suffer the same fate, he gives them advice on dumping their mates including Phillip, who is trying to break up with his gold-digger girlfriend Rita (Jennifer Esposito). After his cousin Evan (Morris Chestnut) reads Quincy's book he starts to question his relationship with his girlfriend Nicky (Gabrielle Union). After breaking up with her Evan goes to his cousin Quincy and asks him to talk to her,hopefully convincing her that Evan's a good guy.Since Quincy has never met her,he doesn't know what she looks like so Evan tells him that she has long black hair. (As it turns out,that day, Nicky had cut her hair to a short length she described as being like Halle Berry). Quincy and Nicky end up sitting next to each other at the bar where Nicky was supposed to meet Evan. Quincy tells her that he's looking for his cousin's ex-girlfriend Nicky who has long black hair. Knowing that Quincy is Evan's cousin, Nicky lies and tells Quincy her name is Mary. During the time Quincy and Nicky are at the bar, Rita finds out that Philip is planning to break up with her. She goes to Quincy's house but when she gets there Evan lies and says that he's Quincy. The two begin an affair. Later, Evan goes to Nicky's house to break up with her,only to find that she was going to do the same, and has been seeing another man. Changing his mind, Evan goes to Quincy's job and tells him that he thinks he's in love with Nicky, and that she's been seeing another man. During that conversation, Quincy realizes that 'Mary' is actually Nicky. At the party for Quincy's hot seller book, Helen is just back from Paris and has decided she wants to get back with Quincy. Evan had planned on proposing to Nicky at the party but finds out that Quincy is dating his ex-girlfriend. He becomes upset with him and leaves the party to look for Nicky. The next day, Evan talks to Quincy and tells him he's getting married to Rita. Phillip had a heart attack, and at the hospital, Rita finds out that Evan lied to her. Instead of getting mad, she says she fell in love with him. Quincy breaks up with Helen and goes to look for Nicky. When he goes to her door, her neighbor tells him that she's leaving for Portland by train. He goes to look for her. As the train is speeding away he confesses his love for her and they both ride the train to Portland."
wiki-14464,The Girl Next Door,"Ambitious high school senior Matthew Kidman (Emile Hirsch) has been accepted to Georgetown University, but cannot afford the tuition. He has raised $25,000 in order to bring a brilliant Cambodian student, Samnang, to study in the United States, but finds little else truly memorable about his high school experience. His life suddenly changes when Danielle (Elisha Cuthbert) moves in next door. Matthew witnesses her undressing from his bedroom window, until she sees him and storms over, knocking on the door and introducing herself to his parents. They suggest to Matthew that he show Danielle around town. While driving around, Danielle stops the car and forces Matthew to get out and strip for her. The two get to know each other through weird adventures, which includes Matthew finding himself in his principal's pool. He and Danielle sneak away and pick up his friends before going to a party. When a few of Matthew's athlete classmates attempt to get him away from Danielle and kick him out of the party, he finds the courage to walk right up and kiss her. Matthew's world is suddenly rocked the next day when his friend Eli informs him that Danielle is an adult film actress. On Eli's advice, Matthew takes Danielle to a sleazy motel. Danielle, insulted, realizes that he has discovered her past and abruptly ends the relationship. Matthew later attempts to apologize and reconcile, but Danielle believes that she will never be able to escape her past and decides to return to the adult industry. Matthew tracks Danielle down at an adult film convention in Las Vegas where Kelly (Timothy Olyphant), a porn producer and Danielle's ex, menacingly warns Matthew not to interfere with his business. Matthew ignores him, convincing Danielle to leave the adult industry and begin their relationship anew. Next morning, Kelly furiously abducts Matthew from school and assaults him, saying that Danielle's failure to film has cost him $30,000. Kelly offers to let Matthew erase his debt by stealing an award statuette from porn mogul Hugo Posh (James Remar), but once Matthew has entered the house Kelly calls in a burglary report and leaves the premises. Matthew narrowly avoids the police and rushes to a scholarship award dinner. High on ecstasy that Kelly gave him as aspirin, he gives a deeply sentimental speech but loses out on the scholarship. Kelly exacts further revenge by stealing all the money Matthew raised for Samnang. Matthew fears that he will be implicated in the crime and expelled from school. He turns to Danielle for help in recouping his losses. Danielle calls in two friends from her porn star days, and they agree to make a video for Hugo Posh on prom night using Matthew's classmates as actors. After the successful shoot, Danielle and Matthew have sex in their limousine. Despite Danielle's past, it is the first time she has truly made love. The next morning Eli calls Matthew, panicked because the prom night tape has been stolen, jeopardizing their hopes of financial recovery. Matthew enters his home to find Kelly (and the stolen tape) in his home, along with his parents and Principal Salinger. Kelly, in private, tells Matthew that unless he is given half of all profits, he will play the tape immediately for Matthew's family. Matthew dares him to show the tape, asserting that he no longer cares about his ""now-ruined future,"" and Kelly obliges. Surprising everyone, Matthew and his friends have made a progressive, comprehensive sex ed tape rather than a porn film. With no more cards left to play, Kelly admits defeat as well as a grudging respect for Matthew. Hugo Posh and Matthew make millions from the video. Hugo Posh pays for Samnang to come to the USA, while Matthew has enough money to attend Georgetown and take Danielle to DC with him. Matthew's story ends with him getting the girl of his dreams and a chance at the future he has always wanted."
wiki-14483,Johnson Family Vacation,"Nate Johnson and his family have been invited to their big family reunion in Missouri. He sees it as an opportunity to reconnect with his estranged wife and growing children, as well as a chance to show up his wealthier know-it-all brother, Mack. Nate and his wife are separated since Nate couldn't support her career as a CPA since she is going back to school. Nate takes delivery on an expensive new SUV, persuades his recently separated wife Dorothy to tag along, and packs up his three kids — nubile teenager Nikki, under-age wannabe rapper D.J., and precocious five-year-old Destiny — for what he imagines will be a leisurely drive from Los Angeles to Missouri. Between his wary wife, arguing kids, angry police officers, a bizarre hitchhiker, bad diner food, and a run-in with a cement mixer, the journey proves more difficult than Nate anticipated."
wiki-14523,The Perfect Score,"The film revolves around everyman high school student Kyle (Chris Evans), who needs a high score on the SAT to get into his preferred architecture program at Cornell University. He constantly compares himself to his older brother Larry, who is now living above his parents' garage. Kyle's best friend, Matty (Bryan Greenberg), wants to get a high score so he can go to the same college as his girlfriend, but he is an underachiever who had previously received a low score on his PSAT. They both believe that the SAT is standing in the way of their futures. The two boys realize that fellow student Francesca Curtis' (Scarlett Johansson) father owns the building that houses the regional office of ETS, where the answers to the SAT are located. Francesca initially doesn't want to help but changes her mind, saying ""What the hell? It sounds like fun."" Meanwhile, Kyle becomes attracted to Anna Ross (Erika Christensen), the second-highest ranked student in the school, and tells her about the plan. Anna had bombed a previous SAT and needs a good score to get into Brown University. However, Matty doesn't like the fact that she now knows about the plan and has a rant, right in the presence of stoner Roy (Leonardo Nam), who then has to be included in the heist. And finally, Anna tells the school basketball star Desmond Rhodes (Darius Miles), who needs a score of 900 or better to join the basketball team at St. John's University. An early attempt to break into the ETS offices fails, but the team then devises another plan. On the eve of the exam, Francesca will arrange for Kyle and Matty to have a meeting near the top floor, staying after closing. The other three will wait outside and watch the night guard until Francesca, Kyle, and Matty have successfully stolen the answers. The first part of the plan goes well, with Francesca, Kyle, and Matty successfully avoiding security cameras and the night guard. However, the answers are located on a computer, and only the technical genius Roy can crack the password; he and the other two get into the building, and Roy correctly guesses the password after seeing a photograph of an employee. Still, the answers can't be printed, so the group decides to take the test with their combined knowledge and get the answers that way. In the early hours of morning, they are finished and have all the answers written down. Just then, the guard comes up the stairs, and they try to escape through the ceiling; however, Francesca is left behind and is about to be discovered, so Matty bravely sacrifices himself in order to save her. Everyone else escapes, but each faces a certain confrontation before the exam: Kyle's brother asks him if he's really worse than a thief, Matty is bailed out by Francesca, Anna finds independence from her parents, and Desmond's mother convinces Roy to quit drugs. Before the SAT testing begins, the group realizes that, although it will help get them what they want, they would be better off without cheating. Roy grabs the answers and distributes them in the bathroom. After the decision, Matty comments that ""this whole thing was for nothing."" Kyle replies, ""I wouldn't say nothing"", as he glances at Anna. Matty and Francesca also share a look, as they have also presumably started a relationship. Each person eventually gets their desired test score without the answers: Kyle's dream of becoming an architect is still alive by attending Syracuse University, Desmond ends up going to St. John's, Matty becomes an actor, Francesca writes a novel (which is about six kids who conspire to steal the answers to the SAT), and Anna decides to travel to Europe for a while before starting college. As for Roy – the narrator of the film – he earned the highest SAT in the county, and, under Desmond's mom's guidance, he gets a GED. He then puts his untapped intelligence to use through programming, becoming a successful video game designer."
wiki-14537,Scooby-Doo 2: Monsters Unleashed,"Mystery Inc. (Fred, Daphne, Velma, Shaggy and Scooby-Doo) attend the opening of an exhibition at the Coolsonian Criminology Museum commemorating their past solved cases with monster costumes on display. However, the celebrations are interrupted by a masked man known as the Evil Masked Figure who steals two costumes using the reanimated Pterodactyl Ghost. The gang are ridiculed by journalist Heather Jasper Howe, who starts a smear campaign against them. Concluding an old enemy is the mastermind, the gang revisit old cases, dismissing the former Pterodactyl Ghost, Jonathan Jacobo, due to his death during a failed prison escape, they guess that Jeremiah Wickles, the Black Knight Ghost's portrayer and Jacobo's cell mate in prison, is the culprit. Going to Wickles' mansion, Fred insists on ringing the door bell twice, which activates a trap door that drops the gang into a cage. Velma identifies that the lock can be unlocked with Wickles' fingerprint. Daphne ingeniously releases them all using the makeup from her bag to recreate the previous thumb print left by Wickles, thereby effectively unlocking the prison. The gang find a book that serves as an instruction manual on how to create monsters. Shaggy and Scooby-Doo find a note inviting Wickles to visit the Faux Ghost nightclub. They are attacked by the Black Knight Ghost, but escape when Daphne fights him off while Velma discovers its weak spot and disables it. Before fleeing, the rest of the gang had previously discovered through the book found in Wickles' mansion that the key ingredient to creating the monsters was a substance called ""randomonium"", which can be found at the old silver mining town. After Daphne helps Velma overcome her fears of intimacy and assert herself by changing up her image, Daphne, Velma and Fred go to the museum accompanied by the curator Patrick Wisely, but discover that the rest of the costumes have been stolen. Heather Jasper Howe ridicules the gang further by turning the city against them. The gang go to the mines, finding Wickles' plans to turn it into an amusement park. As they confront Wickles, he states that he and Jacobo were cell mates who hated each other and that he has no connection to the museum robberies. Shaggy and Scooby, after overhearing the rest of the gang criticizing their tendency to bumble every operation, and especially their most recent offense in failing to tie the rope and secure the Pterodactyl Ghost, resolve to better themselves and become real detectives. Following a lead from their first clue ever, which was stuck to Scooby's foot after he played around in Wickles' mansion, they sneak into the Faux Ghost to try and solve the mystery. After speaking to Wickles, they learn he has resolved his ways. Scooby eventually causes a scene and his disguise falls off, leading Scooby and Shaggy to escape through a trash chute. On their way out, they spot Patrick uncharacteristically assaulting someone who appears to be a member of his staff, ordering him to find answers to who vandalized his museum. Escaping an awkward interaction with Patrick, Shaggy and Scooby spot Wickles leaving the bar and follow him. The gang then find the Monster Hive where the costumes are brought to life as real monsters. Shaggy and Scooby play around with the machine's control panel, bringing several costumes to life, and the gang flee with the panel as the Evil Masked Figure terrorizes the city. Escaping to their old high school clubhouse, the gang realize they can reverse the control panel's power by altering its wiring. Captain Cutler's Ghost emerges from the bayou, forcing the gang to head back to the mines, encountering the various monsters along the way. Velma sees Patrick in the mines, finding a shrine dedicated to Jacobo built by Patrick, but Patrick proves his innocence by helping Velma after a catwalk unexpectedly gives way under her. The gang confront the Evil Masked Figure as the Tar Monster captures all of them but Scooby, who uses a fire extinguisher to freeze the Tar Monster's body. He reactivates the control panel, transforming the costumes back to normal. The gang take the Evil Masked Figure to the authorities, unmasking him as Heather. When asked why Heather did what she did, Velma suddenly pulls and peels Heather's face off, revealing she is actually Jacobo in disguise; Jacobo had actually survived the fall from the prison wall, and sought to get revenge on Mystery, Inc. by discrediting them. Jacobo's cameraman Ned is also arrested as an accomplice. Mystery, Inc. are praised as heroes once again in Coolsville. In the Faux Ghost, the gang celebrates their victory with the now reformed criminals, whom they unmasked in the past (including Wickles). After the credits, Scooby-Doo is seen playing a Scooby-Doo 2 Game Boy Advance game. After he succeeds, he tells the viewers to enter the Scooby-Doo 2 Game Boy Advance code. (This is only seen on the VHS and DVD release.)"
wiki-14719,MirrorMask,"Helena (Stephanie Leonidas) works with her parents (Gina McKee and Rob Brydon) at their family circus, but desires to run away and join real life. At the next performance, after Helena and her mother have a heated argument, Helena's mother collapses and is taken to the hospital. Ten days later, while Helena is staying with her grandmother, she finds that the doctors determine that Helena's mother requires an operation, and Helena can only blame herself for the situation. That night, she wakes up in a dream-like state and leaves her building to find three performers outside. As they try to perform for Helena, a shadow encroaches on the area and two of the performers are consumed by it. The third performer, Valentine (Jason Barry), a juggler, helps to quickly direct Helena to safety through the use of magical flying books. She learns they are in the City of Light which is slowly being consumed by shadows, causing its widely varied citizens to flee. Soon Helena is mistaken for the Princess. She and Valentine are taken to the Prime Minister (Brydon). He explains that the Princess from the Land of Shadow stole a charm from the City of Light, leaving their White Queen (McKee) in a state of unnatural sleep and the City vulnerable to the Shadows. Helena notes the resemblance of the Queen and Minister to her mother and father, and offers to help recover the charm along with Valentine. They are unaware their actions are being watched by the Queen of Shadows (also McKee) who has mistaken Helena as the Princess of the Land of Shadows. Helena and Valentine attempt to stay ahead of the shadows as they follow clues to the charm, learning that it is called the ""MirrorMask"". Helena discovers that by looking through the windows of the buildings, she can see into her bedroom in the real world, through the drawings of windows that she created and hung on the wall of her room. She discovers that a doppelgänger of herself is living there and behaving radically different from her. The doppelganger soon becomes aware of her presence in the drawings and begins to destroy them, causing parts of the fantasy world to collapse. Valentine betrays Helena to the Queen of Shadows in exchange for a large reward of jewels. The Queen's servants warp Helena's mind so she will believe she is the Princess of Shadows. Valentine has a change of heart and returns to the Queen's palace, and helps Helena to break the spell on her. They search the Princess' room, and Helena discovers the MirrorMask hidden in the Princess' mirror. They flee the castle with the charm. As they escape to Valentine's flying tower, Helena realizes that her doppelganger in the real world is the Princess of Shadows, who had used the MirrorMask to step through the windows in Helena's drawings. The Princess destroys the rest of the drawings in Helena's room, preventing Helena from returning, and Helena and Valentine disappear in the collapsed world. The Princess takes the drawings to the building's roof to disperse the shreds into the wind, but discovers one more drawing Helena had made on the back of the roof door. Helena successfully returns to the real world, sending the Princess back to her realm. At the same time, the White Queen finally awakens and the two Cities are restored to their natural balance. Helena returns to her apartment to learn that her mother's operation was successful; Helena returns to happily help at the circus. Sometime later, Helena becomes fascinated by a young man, strongly resembling Valentine, who wants to be a juggler for the circus."
wiki-14816,Artie Lange's Beer League,"Beer League is a comedy about Artie DeVanzo (Artie Lange), an unemployed town drunk who plays softball with his buddies Maz (Ralph Macchio) and Johnny (Jimmy Palumbo) for Ed's Bar and Swill. Their arch-rival is Manganelli Fitness, led by Dennis Manganelli (Anthony DeSando). After the teams brawl during the first game of the year, the town's police chief decides whichever team finishes best in the league that season can still play in the league, and whichever team loses is out for good. Artie lives at home with his mother (Laurie Metcalf) and can never hold a job or a girlfriend for very long. After a night out with his pals, he ends up at a diner for late night food, where he sees old flame Linda Salvo (Cara Buono) out with her friends. Artie abandons his friends and starts some small talk with Linda, which results in a one-night stand. At first Linda is disgusted and annoyed that she let herself fall into another meaningless encounter, but Artie decides to actually try to attempt a more meaningful relationship with her. The Ed's team, traditionally a league doormat, decides to actually practice in an attempt to beat out Manganelli and stay in the league. The regular season is highlighted by Maz's bachelor party and wedding, and Johnny's attempt to bat .700 for the year. The team charges up the standings to qualify for the championship game against the four-time defending champions from Manganelli Fitness. However, 'Dirt', Ed's Bar and Swill's team pitcher, collapses and dies from a heart attack at practice in the days leading up to the championship. After the funeral, the rest of the team drinks heavily in homage to Dirt before they play in the championship game scheduled for that afternoon. Manganelli's team quickly builds a 10–0 lead over their inebriated opponents, and that remains the score heading into the final inning of the game. After two outs, the season rests on Artie's shoulders. Artie proceeds to launch a Manganelli pitch over the fence in left field for a solo home run, an incredibly rare feat that nobody in the league has done ""since '89"". That shot only makes the score 10–1, but Ed's Bar and Swill comes to life and bats around the lineup in the inning, bringing Artie back to the plate, now with the bases loaded and the score 10–6, though still with two outs. Artie hits the ball to right field, where nobody is stationed because Manganelli has his fielders playing the ""DeVanzo Shift""; completely dead-pull. All three baserunners come home, and as the ball is thrown away, Artie races home in an attempt to tie the score. He and Manganelli have a collision at the plate, but Manganelli hangs on to the ball for the final out and a 10–9 victory. After the game ends, however, Artie keeps his vow of not letting Manganelli have the championship trophy, stealing it during the postgame awards ceremony and driving off down Route 3 past Giants Stadium, heading for the Jersey Shore with Linda, talking about other leagues in other towns and how he can still play in them."
wiki-15026,Pan's Labyrinth,"In a fairy tale, Princess Moanna, whose father is the king of the underworld, visits the human world, where the sunlight blinds her and erases her memory. She becomes mortal and dies. The king believes that eventually, her spirit will return to the underworld, so he builds labyrinths (which act as portals) around the world in preparation for her return. In post-Civil War Spain in 1944 (after Francisco Franco has come into power), protagonist Ofelia travels with her pregnant but sickly mother Carmen, to meet Captain Vidal, her new stepfather. Vidal is the son of a famed commander who died in Morocco, believes strongly in Falangism, and has been assigned to hunt down republican rebels. A large stick insect, which Ofelia believes to be a fairy, leads Ofelia into an ancient stone labyrinth, but she is stopped by Mercedes, Vidal's housekeeper, who is secretly supporting the rebels, who include her brother, Pedro. That night, the insect appears in Ofelia's bedroom, where it becomes a fairy and leads her through the labyrinth. There, she meets the faun, who believes she is the reincarnation of Princess Moanna. He gives her three tasks to complete in order for her to acquire immortality. Meanwhile, Vidal murders two local farmers detained (erroneously) on suspicion of helping the rebels. Ofelia completes the first task—retrieving a key from the belly of a giant toad—but becomes worried about her mother, whose condition is worsening. The faun gives Ofelia a mandrake root, which eases Carmen's illness. Accompanied by three fairy guides, Ofelia then completes the second task—retrieving a dagger from the lair of the Pale Man, a child-eating monster.[6] Although she was warned not to consume anything there, she eats two grapes, awakening the Pale Man. He eats two of the fairies and chases Ofelia, but she manages to escape. Infuriated at her disobedience, the faun refuses to give Ofelia the third task. Vidal tortures a captive rebel, and then kills Doctor Ferreiro—who is also a rebel collaborator—after he euthanized the tortured prisoner. Vidal catches Ofelia tending to the mandrake root. Carmen throws it into the fire, where it writhes and screams in agony. Carmen immediately develops painful contractions and dies giving birth to a son. Soon after, Vidal discovers that his housekeeper Mercedes is a spy. Ofelia is locked in her bedroom, and Mercedes is taken to be tortured. However, she frees herself, stabs Vidal, and rejoins the rebels. The faun returns to Ofelia and tells her to bring her baby brother into the labyrinth. Vidal pursues her. The faun tells Ofelia that opening the portal to the underworld requires the blood of an innocent. The faun suggests a few drops of her baby brother's blood. Ofelia refuses to harm her brother; for further disobeying his orders, the faun refuses to help her. Vidal finds Ofelia talking to someone (the faun) whom Vidal cannot see. Vidal takes the baby from her arms and fatally shoots Ofelia; then, when he reaches the labyrinth's entrance, he is surrounded by the rebels who have taken over the outpost. Knowing that he will be killed, he hands the baby to Mercedes, demanding that she tell his son the exact time of his father's death. Mercedes replies that the child will never know so much as his name, and Pedro kills Vidal. Mercedes enters the labyrinth and comforts the dying girl. Drops of Ofelia's blood fall down the center of the spiral stone staircase onto an altar. Ofelia then appears in a golden throne room. The king of the underworld says that she passed the final test, which was to choose to spill her own blood rather than that of her baby half-brother. The faun praises Ofelia for her choice, and addresses her as ""Her Majesty"". The queen of the underworld, her mother, invites Ofelia/Moanna to sit next to her father, and rule at his side. In the stone labyrinth, Ofelia smiles as she dies. The epilogue completes the tale of Princess Moanna, stating that she ruled wisely and left quiet traces of her time in the human realm, ""visible only to those who know where to look""."
wiki-15094,The Texas Chainsaw Massacre: The Beginning,"In 1939, a woman dies while giving birth in a slaughterhouse, and the manager disposes of the baby by leaving him in a dumpster outside. When young Luda Mae Hewitt, finds the child, she takes him back to the Hewitt residence, names him Thomas, and raises him as her own son. In 1969, Thomas, works in the slaughterhouse under the same manager that left him in the dumpster. When the plant is shut down by the health department, he refuses to leave until the manager makes him do so. Thomas later returns to murder his manager, and finds a chainsaw, which he takes with him. When Sherrif Hoyt attempts to arrest him, Luda Mae's son, Charlie Hewitt, kills him, and assumes his identity. He then takes his body back home to use for stew meat. Meanwhile, two brothers, Eric and Dean, are driving across the country with their girlfriends, Chrissie and Bailey, to enlist in the Vietnam War. At a diner, they meet a female biker named Alex, who follows them on her motorcycle. Alex soon draws a shotgun and orders the group to pull over. In the ensuing chaos, the car crashes, and Chrissie is thrown into a field out of sight. When Hoyt arrives he kills Alex, and makes them put her body in his car. Hoyt then forces the group in as well, and calls for Uncle Monty to tow the jeep, which Chrissie is hiding in. Hoyt drives them to the Hewitt house where he has Thomas butcher Alex's body. He then holds Eric, Dean, and Bailey captive. When Monty brings the wrecked car to the house, Chrissie runs back to the highway, and flags down Holden, Alex's boyfriend, who follows her back to the house. At the house, Hoyt tortures Dean after finding out that he was going to forgo the Vietnam War draft. When Hoyt leaves, Eric breaks free from his restraints, and escorts Dean to safety before sneaking into the house to free Bailey. Bailey escapes in Monty's truck, but Thomas stabs her with a meat hook, and drags her back to the house. When Dean attempts to run, he is caught in a bear trap, and Hoyt knocks Eric unconscious. Meanwhile, Holden and Chrissie arrive at the house, but part ways to search for their friends. Chrissie finds Dean, while Holden takes Hoyt hostage, and orders him to take him to Alex. Hoyt calls out to Thomas for help, and he kills Holden with the chainsaw. Chrissie finds Eric in the basement, but is unable to free him, and hides when Thomas returns. Thomas inspects Eric's face before killing him with the chainsaw. He then skins his face, and wears it as a mask. Chrissie is about to flee when she hears Bailey's screams, and decides to go back and save her. She finds her upstairs, but Hoyt catches her and brings her downstairs for dinner, along with Bailey and an unconscious Dean. Leatherface slits Bailey's throat and tries to take Chrissie to the basement, but she stabs him in the back with a screwdriver, and jumps out of a window. Dean regains consciousness and beats Hoyt before heading off to find Chrissie. Chrissie enters the slaughterhouse, and after noticing that Leatherface has followed her, she grabs a knife and cuts his face, but he overpowers her. Dean intervenes, but Leatherface kills him with the chainsaw. Chrissie escapes, hijacks an abandoned car, and drives off. She sees a state trooper in the distance, but as Chrissie pulls over, Leatherface appears in the backseat and impales her with the chainsaw, causing her to lose control and run over both the trooper, and the man he pulled over. Leatherface then exits the car and walks along the road back towards the Hewitt house."
wiki-15101,Ultraviolet,"Ultraviolet takes place in 2078, in the years following a global epidemic that causes vampire-like symptoms, including super-human physical abilities, a healing factor and elongated canines. The infected ""hemophages"" die within twelve years after being infected. The ""Archministry"", a militant medical group headed by Vice-Cardinal Ferdinand Daxus, has taken control of the government and begun rounding up infected citizens and exterminating them in order to contain the virus. Having been infected a decade earlier, Violet Song Jat Shariff has become a member of an underground resistance movement fighting to protect the hemophages from the government. Working with the resistance, Violet steals a weapon that was supposedly designed to exterminate all hemophages, only to discover that it is a young boy named ""Six"". Rather than kill the child, Violet flees with him, believing that a cure for the disease can be reverse-engineered from the antigens before he dies from them. She eventually converses with Daxus, who tells her that the boy is his son, but she does not believe him. Instead she takes him to her friend Garth, who tells her the boy has no antigens and he has no value to anyone. He also tells her that the boy has a tracking device embedded in him (""so hot he's nearly radioactive""), that they can track him easily and he has only 8 hours to live. In the meantime, Nerva reveals to Violet that the antigens in Six's blood are actually deadly to humans. Furthermore, Daxus clarifies that the boy is his clone, his previous claim to her being a ruse to earn her sympathy. Since the hemophages are nearly exterminated, the Archministry intends to engineer a new plague to maintain its power. When he refuses to give her the cure, Violet escapes with Six and lets him spend his last moments at a playground. Daxus arrives, shoots Violet, and takes Six's body for dissection. Violet is revived in the facility run by Garth, and she realizes that Six might not actually be dead. She storms the Archministry and reaches a laboratory just as Daxus is about to begin the dissection. In the ensuing fight, Daxus reveals that he uses enhancements he gained from an accidental exposure to the hemophage virus to aid in his rise to power. Violet kills Daxus and leaves with Six's body. Six later wakes up, having been immunized by the hemophage virus in Violet's tears. It is theorized that Six might, after all, be instrumental in formulating a cure for the hemophages, although it may be too late for Violet (who is nearing the end of her 12 years)."
wiki-15171,Cassandra's Dream,"Brothers Terry (Colin Farrell) and Ian (Ewan McGregor), who live in South London, were raised by a weak father Brian (John Benfield) who runs a restaurant, and a strong mother Dorothy (Clare Higgins) who taught her sons to look up to their uncle Howard (Tom Wilkinson), a successful plastic surgeon and businessman. The brothers buy a sailboat at an oddly low price, despite its near pristine condition. They name it Cassandra's Dream, after a greyhound that won Terry the money to buy the boat. Knowing nothing of Greek mythology, they are unaware of the ominous antecedents of this name—the ancient prophetess Cassandra, whose prophecies of doom went unheeded by those around her. While driving home from a day's sailing in a borrowed car, Ian crosses paths with beautiful actress Angela Stark (Hayley Atwell), with whom he becomes infatuated. Terry has a gambling addiction that sinks him deeper in debt. Ian wishes to invest in hotels in California to finance a new life with Angela. To overcome their financial issues, they ask Howard for help. He agrees to help them, but asks for a favor in return: they must murder someone for him. Howard faces imprisonment for unspecified crimes and his future is threatened by Martin Burns (Phil Davis), a former business partner who plans to testify against him. Howard asks his nephews to get rid of Burns, and in return he will reward them financially. After initial reluctance, the brothers agree. They make two zip guns, untraceable and easily destroyed. Lying in wait in Burns' home, their plan is foiled when Burns arrives with a woman. Their resolve shaken, they leave and agree to commit the murder the next day. The next day, they succeed in carrying out the murder and later destroy the guns. Ian is content to move on as if nothing happened, but Terry is consumed by guilt and begins abusing alcohol and other drugs. His behavior frightens his fiancée (Sally Hawkins), who tells Ian about the situation and that Terry believes he has killed someone. After Terry confides that he wants to turn himself in to the police, Ian goes to Howard for advice. They agree there is no alternative but to get rid of Terry. Ian plans to poison Terry during an outing on the boat. Ian can't bring himself to kill his own brother, and attacks him in a fit of rage. In the chaos, Terry knocks Ian down the steps into the cabin, killing him. The boat is later discovered adrift by the police, and the audience learns that Terry snapped and drowned himself after killing his brother. The last shot is of Cassandra's Dream, still in beautiful condition despite the tragedies it set in motion."
wiki-15338,Sleuth,"At his country estate, a writer matches wits with an actor who has stolen his wife's heart involving mind games and tricks."
wiki-15347,Stomp the Yard,"DJ Williams is a young man in inner-city Los Angeles. He and his younger brother Duron compete in local dance competitions as members of a crew known as the ""Goon Squad"". During the battle there are backs and forths, but in the end of the battle the Goon Squad win a cash-prize, and the leader of the rival crew goes all in for a double or nothing battle, which DJ accepts much to the dismay of his brother who knows that if the opposing crew leader thinks he got hustled the crew won't be able to spend the money they win, the Goon Squad wins the second battle and the losing home crew responds by ambushing DJ and his crewmates after the show. A fight breaks out, and the leader of the rival crew starts beating up DJ. Duron pushes him away and starts fighting him, leading the rival to pull out a gun and shoot Duron, killing him. Arrested for assault, DJ is subsequently sent by his mother to live with his aunt Jackie and uncle Nate in Atlanta, Georgia, where he is to attend historically black Truth University. Nate, the physical plant director at Truth, aims to teach DJ responsibility and puts him to work doing maintenance as part of a work-study program. DJ sees April Palmer, to whom he is immediately attracted. After registration, he moves into his dorm room, where he meets his new roommate Rich Brown. Rich meets DJ at a stepping competition on the green between the Truth chapters of rival fraternities Theta Nu Theta and Mu Gamma Xi. The Mu Gamma Xi crew, seven-time national stepping champions, easily steals the show until DJ sees April across the way and runs right through their step line in an attempt to speak to her. That night, Rich and his friends go out to a local club called the Phoenix and invite DJ along. Hoping to impress April and upstage Grant and the Gammas (all of whom are also in attendance), DJ takes to the floor. Despite the animosity between DJ and Grant, the Gammas recognize his skills as a dancer and their chapter president Zeke invites him to pledge for Mu Gamma Xi. DJ turns down both Zeke's offer as well as an offer from the Theta Nu Theta chapter's leader Sylvester. After learning that April is a student history tutor, DJ signs himself up for tutoring so that he can spend time with her. The two slowly begin a friendship and DJ takes April out to dinner. During their date, April discusses the importance of black fraternities and sororities with DJ, and tells him to visit Heritage Hall on the campus' Greek Row. The next day, DJ learns about the significant number of African-American historical figures and celebrities who were members of various Greek-letter organizations, and decides to pledge for the Theta chapter along with Rich and their friend Noel. After ""crossing over"" to become official Theta members, DJ, Rich, and Noel join the Thetas' step crew. While having dinner, April breaks up with Grant due to his chauvinistic attitude and his failure to know anything about her, particularly that green is her favorite color. She grows closer to DJ and they eventually become a couple. While at practice, DJ, Rich, Noel and other new members realize the step dance moves are old fashion and aren't good enough to win the stepping competition. So they decide to take the time to learn fresher moves. Sly then gathers his older member and challenges DJ and the rest to an old school vs. new school stepping contest. DJ blows the contest due to his showboating. They remind DJ, much like Duron did earlier in the film, that it is about the team and not about him. DJ apologizes to the entire fraternity and is quickly forgiven. Sly also requests DJ to show the team some of his moves. A few days before the competition, Grant stumbles upon DJ's file and discovers his assault record and presents it to the board. The board then decide to suspend DJ for not disclosing his criminal record. Dr. Palmer, who is April's father, calls in DJ to his office. He was willing to uplift his suspension on the condition that he is to no longer date April. DJ declines the ultimatum and walks away. DJ then tells Nate and Jackie about the suspension. They then reveal that Jackie dated Dr. Palmer until she met Nate and there has been some animosity between Nate and Palmer ever since. Jackie confronts Dr. Palmer about DJ's suspension and Palmer claims he was only protecting April. April then confronted her father about the situation. Palmer then overturned the board's decision deciding that he would rather deal with DJ in April's life than lose his daughter in his. DJ's suspension was finally uplifted and he rejoins the Thetas to compete alongside them against the Gammas in the stepping competition. Both teams were tied at the end and it was brought into sudden death rules to determine a winner. Unknown to DJ and the Thetas, the Gammas had recorded DJ practicing his moves prior to the competition. Going first, Grant does DJ's exact routine from the videotape. After he finishes, DJ matches Grant move for move, but tosses in something the Gammas didn't get on tape. The Thetas finally defeats the Gammas. April goes on stage to hug and kiss DJ and while celebrating their victory DJ still wearing Duron's gloves kisses his fist and throws it in the air in Honor of his brother. The Thetas then do their new cheer and have their picture taken where its hung in the Heritage Hall."
wiki-15505,The Promotion,"Doug Stauber is the assistant manager of a branch of Donaldson's, a supermarket chain in Chicago. He believes that he is a ""shoo-in"" for manager of a Donaldson's that is scheduled for construction just a few blocks away from his home. Everyday, Doug deals with the pressures of being the assistant manager. Among his ordeals are an unruly gang of teenagers loitering around the parking lot, the overwhelming amount of negative comments on the customer survey cards he collects (nearly all of which are caused by the gang's antics), a foreigner who constantly slaps him over a box of Teddy Grahams, and the rumors about him being a former Junior Olympics medalist in gymnastics. Then one day, Richard Wehlner and his family move in from Quebec, and he becomes assistant manager alongside Doug. Since Richard's arrival, it appears that he has replaced Doug as front-runner for the job. But it soon becomes clear that Richard has disadvantages of his own, such as a past substance abuse problem and a tendency to make inappropriate remarks. In one incident, both men are challenged by the board of directors over a sign posted on the deli section window, citing the deli clerk as Employee of the Month for ""cutting the cheese"". Richard admits being manager on duty when the sign was discovered, and explains that he had not realized that the phrase is derogatory to the American public (claiming that ""cracking the cheese"" is what Canadians say). The competition between Doug and Richard causes strain on their respective marriages. Doug is under financial pressure to get the job because he has begun to buy a house that he cannot afford if he is not promoted while his wife Jen ponders on going to night school. Meanwhile, Richard's wife Laurie and daughter leave him to temporarily move to her parents' home in Scotland when she sees he is losing control and reverting to his previous behavioral problems. One day, while helping a customer in the parking lot, Doug is hit on the back of the head by a bottle of Yoo-hoo thrown by one of the gang members. In retaliation, he confronts the gang and sprays one of them with mace. Further worsening the situation is an incident in the break room, where a furious Doug throws some frozen Tater Tots toward the trash can and accidentally hits Richard's hand with one; Richard fakes an injury by wearing a wrist brace at work. Days later, Doug gives an apology speech at a local community explaining his actions during the incident and wins the respect of the community, assuring them that a beautiful day should not be spoiled by a few ""bad apples"". After the meeting, the board of directors, the assistant managers and the community leaders have a brief meeting, wherein Richard inadvertently refers to the gang as ""black apples"", infuriating the head community leader. After several attempts to eliminate each other as competitors, both Doug and Richard, along with another prospect, are summoned by the board of directors for a final interview. Richard's hopes are shattered when it is revealed that a drug test is required, as he has recently smoked marijuana. Shortly after the interview, Doug is given a call by Mitch and notified that he has landed the job, as Richard failed his drug test and the other candidate is too junior-grade for the position. He celebrates by doing cartwheels and backflips while crossing the street – finally confirming the earlier rumor about himself. Meanwhile, after reuniting with his wife, Richard and his family return to Quebec to his old grocery store, where he is reported to have become the store manager after singlehandedly stopping an accidental fire (which is rumored to have been started by Richard himself)."
wiki-15582,Angels & Demons,"Under the watchful eyes of Father Silvano and Dr. Vittoria Vetra, the European Organization for Nuclear Research (CERN) initiates the Large Hadron Collider and creates three vials of antimatter particles larger than any ever produced before. Almost immediately, Father Silvano is killed and one of the vials of antimatter goes missing. At the same time, the Roman Catholic Church is mourning the sudden death of Pope Pius XVI in Rome and prepares for the papal conclave to elect the next Pope. The Camerlengo, Father Patrick McKenna, assumes temporary control of the Vatican. Before the conclave enters seclusion, four of the ""preferiti"" (the favorite cardinals to be elected pope) are kidnapped by a man claiming to represent the Illuminati. In a video message, he threatens to kill one candidate every hour starting at 8pm and to destroy all of Vatican City at midnight, using the missing vial of antimatter as a bomb. The Vatican summons symbologist Robert Langdon from Harvard University and Vetra to help them save the four preferiti and locate the vial. Langdon listens to the Illuminati's message and deduces the four cardinals will die at the four altars of the ""Path of Illumination"", marked by statues of angels in locations relevant to the four classical elements. Over the objections of Commander Maximilian Richter, head of the Swiss Guard, but with McKenna's consent, Langdon is granted access to the Vatican Secret Archives. He examines Galileo Galilei's banned book with Vetra. Following the clues and accompanied by Inspector General Ernesto Olivetti and Claudio Vincenzi of the Vatican Gendarmerie Corps, they arrive at the Chigi Chapel in the Church of Santa Maria del Popolo. There they find Cardinal Ebner dead, suffocated with soil and branded with an ambigrammatic word ""Earth"". They verify the second location is the crowded Saint Peter's Square and arrive just as a bloody Cardinal Lamassé emerges with his chest branded with ""Air"". Vetra unsuccessfully attempts to perform CPR on him, only to discover his lungs had been punctured, while the assassin slips through the crowd. While Vetra studies Silvano's diaries, Langdon, Olivetti and Vincenzi locate the third church, Santa Maria della Vittoria, and arrive to see Cardinal Guidera, branded ""Fire"" and suspended above a burning pile of wood. A gunfight erupts between the assassin and the officers, with Olivetti and Vincenzi being killed in the process. Langdon manages to escape, but not before being spotted by the assassin. Langdon convinces two Carabinieri officers to take him to the next location and the trio race to the Water altar, the Fountain of the Four Rivers, just as the assassin arrives in a van. The assassin murders the officers and drops a bound and weighted Cardinal Baggia into the fountain before bidding farewell to Langdon and driving off. With the help of bystanders, Langdon rescues the cardinal, who tells him the Illuminati's lair is Castel Sant'Angelo. There, Langdon and Vetra discover a hidden passageway leading to the Vatican, being used as a hideout for the assassin. Discovering a case with marks for five branding irons, they realize the fifth brand is for the Camerlengo but are confronted by the assassin before they can alert McKenna. The assassin spares their lives once more, stating killing them is not a part of his mission unless they pursue him. He then cryptically warns them to be careful as his contractors are ""men of God"" before departing. He escapes to a car left for him by his contractor, but is killed immediately when it explodes upon ignition. Langdon and Vetra rush back to the Vatican where they find Commander Richter hovering over McKenna with a gun, the Vatican symbol branded into McKenna's chest. Richter and Archbishop Simeon are shot by the Guards. As Richter dies in front of Langdon, he opens his hand to reveal a key which Langdon takes. The stolen antimatter vial is found in St. Peter's Tomb below the church, but the battery life is too low to risk re-connecting it to a battery. McKenna, a former military pilot, seizes the vial and uses an awaiting helicopter to fly above the Vatican. At a high altitude, he parachutes out as the antimatter bomb explodes overhead. McKenna is hailed a hero and savior, and the cardinals move to elect him pope. Langdon and Vetra use Richter's key to watch a security video showing McKenna speaking to Richter before the attack. The video reveals it is McKenna, not the Illuminati, who masterminded the scheme. McKenna reveals he murdered the previous pope because he felt the pope had betrayed the church by trying to bridge the gap between science and religion. After McKenna had killed the pope, he intended to have himself elected to the papacy whilst rallying the most conservative Cardinals to his side. The recording is shown to the Papal conclave, and it dawns on McKenna that he has been exposed. He flees to a remote recess in the building where he is able to commit suicide by setting himself on fire. The Vatican officially announces McKenna died due to internal injuries suffered during his parachute landing, and Cardinal Baggia is named Pope Luke I, with Cardinal Strauss as the new Camerlengo. Strauss thanks Langdon for his assistance and gives Langdon Galileo's ""Diagramma Veritatis"" for his research as a gift from himself and Pope Luke, requesting only it be returned to the Vatican by Langdon's testament, and any future references he may make about the Catholic Church in his future publications be done gently, to which Langdon replies, ""I'll try."" As the film ends, the new Pope Luke shares a grateful nod with Langdon and Vetra, and walks out onto the balcony to greet the crowd waiting for him in the Square."
wiki-15688,Love Happens,"Burke Ryan (Aaron Eckhart), is a successful Ph.D. and author of a self-help book that gives advice about dealing with the loss of a loved one. He writes the book after his wife dies in a car accident as a way to deal with the grief. While giving a workshop in Seattle, where his wife was from, he meets Eloise (Jennifer Aniston), a creative floral designer who owns her own flower-shop. She spurns his initial advance as her past relationships with men have not gone well, but after a heated exchange in the men's restroom, she meets him for dinner. Even though the dinner is awkward, they begin spending time together although she insists to her mother and her employee Marty (Judy Greer) that they are not ""dating"". It seems, however, that Burke has not been following his own advice, and in fact has not been dealing with the loss of his wife. In the end, he confesses to an audience that he was driving the car, and not his wife, as he previously maintained. Due to this, he blames himself for her death. Eloise, along with his wife's father (Martin Sheen), help Burke move past his wife's death. Burke goes to Eloise, telling her that she had spent the last few days getting to know the part of him that was not available and wondered was she interested in getting to know the part of him that was available."
wiki-15733,Race to Witch Mountain,"An alien spacecraft crashes near Searchlight, Nevada, 150 miles outside of Las Vegas. Project Moon Dust, a secret Defense Department unit led by Henry Burke (Ciarán Hinds), arrive at the scene of the crash in black helicopters. Men in Black seize the ship and search for its passengers. Back in Las Vegas, Jack Bruno (Dwayne Johnson) is a former mob get-away driver who drives a cab to avoid returning to jail. One of his passengers is Dr. Alex Friedman (Carla Gugino), a failed astrophysicist who has come to Las Vegas to speak at a UFO convention at the Planet Hollywood hotel. After fending off two thugs who seek his services for a mob boss named Andrew Wolfe, Bruno finds two teenagers, Sara (AnnaSophia Robb) and Seth (Alexander Ludwig), in his cab. They offer $15,000 to drive them to an unknown destination. Burke's men engage Bruno in a high speed chase. Mistaking the government agents for more mob thugs, he tries to evade them with his driving skills. Seth's ability to vary his molecular density helps the group to escape. When they arrive at an abandoned house, Bruno follows them out of concern and curiosity. The teenagers retrieve the device they were looking for within a hidden underground laboratory, but the three are attacked by a ""Siphon"" (Tom Woodruff, Jr.), a powerful armored alien assassin. The Siphon pursues the group until its spaceship crashes into a train and the creature is wounded. After settling at a diner to calm their nerves, the three again escape Burke's agents thanks to Sara's telepathy and telekinetics. The teenagers explain to Bruno that they are aliens from a dying planet located 3,000 light years from Earth. Its government intends to invade Earth, despite the majority of their race fully opposed to the plan, so that their kind may survive. Seth and Sara's parents are scientists who sought a way to save their planet without invasion but were arrested before completing their experiment. The teenagers came to retrieve the successful results, but the alien government sent the assassin to stop them. To save both worlds, they must retrieve their spaceship and return home. Bruno brings Seth and Sara to Dr. Friedman at the UFO convention. Despite initially dismissing Bruno's story as bluff, she believes him after Seth and Sara narrate their current situation. She then realizes that the teenagers are what she has been searching for and joins the group. They meet fellow UFOlogist and conspiracy theorist Dr. Donald Harlan (Garry Marshall), who tells them that the spaceship was taken to the secret California government base named Witch Mountain. Harlan and his men distract the soldiers with Bruno's taxi while the others escape to Witch Mountain on Harlan's RV. The group arrives at the base but are captured by Burke. He orders that the teenagers be prepared for vivisection, but frees the adults as no one will believe their story. The Siphon attacks Witch Mountain and engages the soldiers, allowing Bruno and Friedman to infiltrate the base and free Seth and Sara. They launch the ship, escape through the mountain's tunnels, and finally kill the assassin who has stowed away on the spaceship. The teenagers give Bruno and Friedman a tracking device that will allow the aliens to always find them. They tearfully wish them farewell, but not before Sara gives her telepathic powers to Bruno. Some weeks later, Bruno and Friedman become successful authors of a book named Race to Witch Mountain: A True Story. They promote their book and knowledge on the UFO convention circuit, explaining that the publicity protects them from government reprisal. As they leave the convention, the alien device activates, implying that the alien teenagers may be returning to Earth."
wiki-15783,The American,"Jack, a gunsmith and contract killer, and his lover, Ingrid, are relaxing in Sweden. Jack becomes alarmed by a trail of footprints in the snow and pulls Ingrid towards shelter. Sniper gunshots ring out. Ingrid sees Jack pull a gun from his pocket and shoot the sniper. Knowing his identity is in jeopardy, and with little hesitation, Jack shoots and kills Ingrid. He flees to Rome and contacts his handler, Pavel, who insists that Jack cannot stay in Rome. Pavel sends him to Castelvecchio, a small town in the mountains of Abruzzo. Jack becomes nervous, and disposing of the cell phone Pavel gave him, goes to nearby Castel del Monte instead – where he uses the name Edward. While in Abruzzo, Jack contacts Pavel, who sets him up with another job. He meets Mathilde, an assassin who wants him to build her a custom sniper rifle. He also begins patronizing a prostitute, Clara, and they begin a relationship separate from her business duties. Jack meets with Mathilde to test the weapon. She is impressed by the craftsmanship, but asks him to make a few more adjustments. Later, Jack realizes that he is being followed by an assassin from Sweden, whom he kills. Jack is tormented by dreams of the events in Sweden and regrets killing Ingrid. His friendship and conversations with a local priest, Father Benedetto, encourage him to question his life choices. Both Mathilde and Clara notice Jack's association with butterflies, Mathilde by his expertise in endangered butterflies and Clara by his prominent tattoo. When Father Benedetto tells Jack he senses he lives in a special kind of hell, ""a place without love"", Jack starts to let himself feel love for Clara, and envisions a life with her. Jack talks to Pavel one last time — asking how the Swedes have found him. In his growing fear, he even suspects Clara when he discovers a small pistol in her purse. He questions Clara about the gun and is satisfied with her explanation (to defend herself, since newspapers have reported murdered prostitutes). Jack agrees to deliver the weapon to Mathilde as his last job, but at the last moment, he opens the briefcase and sabotages the rifle. At the drop-off, Jack becomes suspicious that Mathilde plans to kill him. Before anything can happen, a busload of school children arrives. Mathilde gives Jack his payment — a thick envelope full of cash — and the two separate. As Mathilde drives away, Pavel contacts her and asks if she has killed Jack. She tells him she has not, but says she is following him and will kill him. Clara meets Jack at a religious procession in town. Jack asks her to go away with him and she agrees. Mathilde tries to shoot Jack from a nearby rooftop, but the sabotaged rifle explodes in her face. Seeing Mathilde fall from the roof, Jack gives Clara the envelope full of cash and tells her to go to a river where they had picnicked and wait for him. He runs to Mathilde, who is dying on the pavement, and discovers that she also works for Pavel. As Jack goes to meet Clara, he hears Pavel behind him. They exchange gunfire and Pavel drops dead. As Jack drives to meet Clara at the river, he feels his abdomen and realizes he has been shot. Jack arrives at the picnic spot and as he sees Clara, he collapses. Clara screams and runs to the car. A white butterfly flits skyward from Jack's car."
wiki-15876,Legendary,"After being bullied, book-smart (but not street-wise) teenager Cal Chetley (Devon Graye), joins his Oklahoma high school's wrestling team, seeing it also as a way to reunite with his estranged and wayward brother, Mike (John Cena). His mother, Sharon (Patricia Clarkson), is not initially supportive of Cal's decision, especially when she discovers that Mike is secretly coaching Cal after she gets a call from Mike Chetley's jail cell. She has been away and without contact of her older son, Mike, for over 10 years, but copes and watches yet another family male become legendary."
wiki-16017,Drive Angry,"John Milton (Nicolas Cage) is an undead criminal who has broken out of Hell and stolen Satan's personal gun, labeled the Godkiller, to kill Jonah King (Billy Burke), a cult leader who tricked Milton's daughter into joining his followers in the wake of Milton's death 10 years prior, only to kill her and her husband and steal their daughter (Milton's granddaughter) to be sacrificed in a Satanist ritual. King believes that if he kills the baby, he will unleash Hell over Earth. After interrogating and murdering some of King's followers, Milton discovers that the ritual will take place in Stillwater, an abandoned prison in Louisiana. He heads there, but stops by a diner, where he meets Piper (Amber Heard), a waitress. Milton's car is damaged in the pursuit, so he sabotages Piper's car, a 1969 blue Dodge Charger R/T 440 and follows her to fix it in exchange for a ride on the way to Stillwater to find King. Entering her room, Piper walks in on her boyfriend, Frank (Todd Farmer), having sex with another woman. Piper beats up the woman and assaults Frank, getting knocked to the ground. Milton, in a phone booth nearby, hears the commotion and comes to Piper's aid, kicking Frank in the face as he is about to continue assaulting Piper, and punching Frank repeatedly. Milton steals his car, taking Piper along with him driving to Stillwater. Meanwhile, a supernatural operative of Satan, The Accountant (William Fichtner), arrives on Earth with the mission to bring Milton back to Hell and take the gun back. After interrogating Frank, he discovers that Milton and Piper are heading to Louisiana, and murders Frank with a bat before tricking a pair of state troopers into helping him by impersonating an FBI agent. At a shady hotel, Milton is attacked by King and his men, who heard about his return, but he kills most of them. The Accountant appears with the police and chases after Milton and Piper, who are chasing after King's van. Milton uses the Godkiller to shoot the Accountant out of the road. They then follow King to a church, only to find it filled with King's followers. They are ambushed and captured. Piper is kidnapped and Milton is shot in the eye and left for dead, but he awakens and kills King's men before pursuing the RV once again. Inside, Piper breaks free and fights King before jumping out of the RV and onto Milton's car. King then disables the car by repeatedly shooting its engine. Milton and Piper then meet Milton's friend Webster (David Morse), who provides them a new car, a 1971 red Chevrolet Chevelle SS. Piper discovers that Milton is literally undead and had to abandon his daughter to protect her from his former companions, which is why she was so easily manipulated by King. Webster reveals that he died 10 years prior in a shootout, and that Webster personally carried his coffin. She also discovers that the Godkiller was stolen by Milton from Satan himself and has the power to completely destroy one's soul, preventing it from going to either Heaven or Hell. After arming himself, Milton tells Piper that he cannot guarantee her safety and that she should leave, but she assures him that she has never had a worthy cause to fight for until now, and that she is with him regardless of the consequences. Milton tells Webster to stay behind, not wishing him to die. With the help of the Accountant, they evade the troops of Sheriff Cap (Tom Atkins) and finally arrive at Stillwater. The Accountant captures Piper and forces Milton to give up the Godkiller before he can engage King, but he allows Milton to go into battle against King and his followers to save his granddaughter, noting that Satan is more of a well-educated, calm warden of a very large prison, rather than a face of evil, and that he actually despises the sacrifices of innocent lives in his name. While Milton slaughters King's men before they can sacrifice the child, Piper escapes The Accountant's clutches with the Godkiller. King eventually gets the upper hand on Milton and savagely beats him. Piper fires the Godkiller at King, but misses and hits one of his few surviving men instead. She is knocked out by the gun's recoil. King orders one of his female servants to murder the child. However, the woman, who had been caring for the baby ever since King stole her, finds herself unable to carry out the deed, making King angry. The Accountant attracts King's attention, allowing Milton to grab the Godkiller and shoot King, destroying his soul. The Accountant retrieves the baby and allows Milton to say goodbye to her. Milton gives her to Piper, who promises to care for and protect her. Webster arrives and looks on as Milton ""dies"". After both Piper and Webster have left, Milton is revealed to be still ""alive"" and with the Accountant. Following this, Milton makes good on his earlier promise to Webster, and nonchalantly drinks a beer out of what is left of King's skull. He agrees to go back to Hell, but warns that if he is punished too severely for his actions, he will escape again. The Accountant claims that he looks forward to it, insinuating that chasing Milton is the most fun he has ever had, before he wiggles his keys and manifests a black 1957 Chevrolet Bel Air. He throws the keys to Milton, who drives off into the gates of Hell."
wiki-16101,Restless,"A young man, Enoch, is out of school and has been befriended by a ghost of a Japanese kamikaze pilot. For unexplained reasons, he attends the funerals of strangers without invitation; at one of these he meets a young woman, Annabel, who says she works with children who have cancer, and the two start spending time together. Later Annabel acknowledges she has cancer herself, a fact which Enoch appears to accommodate, even when Annabel discovers she has only three months left to live. As their relationship becomes romantic, Enoch's placidity is explained by his own history of near-death experience, but when the loss of Annabel becomes a reality his behaviour betrays more evidence of turmoil. Annabel accepts and reacts to this. At Annabel's memorial Enoch asks to speak, but before he says anything memories of the couple's happiness together appear to resolve his grief."
wiki-16135,Trespass,"The film opens with fast-talking businessman and diamond dealer Kyle Miller (Nicolas Cage) speaking to a client over the phone as he returns to his lavish mansion home in Shreveport, Louisiana, his wife Sarah (Nicole Kidman) and his teenage daughter Avery (Liana Liberato). Despite the charming facade, it is immediately clear that the family is dysfunctional and emotionally distant: Avery disrespects her parents and, despite being forbidden to do so, sneaks out of the house to go to a party with her friend Kendra, at the home of a guy named Jake. Sarah appears bored with life as a housewife and yearns for more in her marriage while Kyle seems to harbor a hidden aversion towards his wife. Just as Kyle is about to leave for a business transaction, the house is suddenly invaded by a gang of robbers masquerading as police. The thieves—consisting of leader Elias (Ben Mendelsohn), his stripper girlfriend Petal (Jordana Spiro), his younger brother Jonah (Cam Gigandet), and a large intimidating man named Ty (Dash Mihok)—tell Kyle and Sarah that they have been spying on them for some time and are aware of the large amounts of cash and diamonds hidden in their home. They command Kyle to open a safe hidden in the wall but, despite the threat of a syringe containing lethal injection chemicals, he defiantly refuses, believing that he and Sarah will be killed if he simply gives in to their demands. Sarah, meanwhile, recognizes Jonah through his mask. Through a series of Jonah's flashbacks and a conversation with Elias, it is strongly implied that Sarah and Jonah had a previous affair when the latter was employed as a technician to install the house's security system. Unbeknownst to Elias, Sarah secretly steals the syringe from him during this conversation. Having left her party in disgust (after the host Jake clumsily attempted to seduce her), Avery returns home and, after a brief chase, is also captured and taken to her parents. Elias appeals to Kyle, claiming that he needs money to pay for a kidney transplantation for his dying mother and that, if Kyle refuses to comply, he will instead take one of Avery's kidneys. Sarah catches Elias off-guard and holds him hostage with the syringe. Forced into a Mexican standoff, the thieves compromise by letting Avery escape in exchange for Kyle opening the safe. He does so, revealing it to be completely empty. Kyle explains that he is actually bankrupt and has no money; his house and all of his possessions were bought on loaned credit. Enraged, Elias breaks Kyle's hand and instead demands material compensation by taking Sarah's prized diamond necklace. However, Kyle reveals that this is a completely worthless cubic zirconia replica. Ty recaptures Avery from outside and brings her back into the house. Kyle volunteers for his own kidney to be taken instead of his daughter's, but Elias reveals that it was a ploy and that he hated his mother, who is already dead. Ty grows impatient after receiving a phone call and commands Elias to hurry up; Kyle realizes that the burglars are themselves being coerced into committing the heist against their will. The thieves then separate the Miller family, with Kyle and Avery being tied up and guarded in the living room and Sarah being pursued by Jonah in the kitchen. Jonah states to Sarah that he still loves her and promises that she and Avery will be left unhurt. Meanwhile, Kyle uses a lighter to burn both his own and Avery's binds; they attempt an escape and set off the house's security system. Kyle ends up in a struggle with Ty and, despite Ty's superior strength and fighting skills, Kyle manages to inject a portion of the syringe chemicals into his arm, causing him to fall unconscious. Thinking that Ty is dead, Elias shoots Kyle in the leg and reveals his true motives: that he is a drug dealer working for an organized crime syndicate. Shortly after being given a job to sell $180,000 worth of drugs, Elias and Petal were carjacked at gunpoint and all of their shipments were promptly stolen. Faced with threats of retribution, Elias was then forced to commit a heist (under the supervision of henchman Ty) to pay off his debt. Jonah, who had previously seen the Miller residence, suggested it as a place to rob. Avery attempts to run out of the house again but is caught by Jonah. Under the threat of her parents being killed, she is forced to answer a call from the security company and successfully convinces them to call off the police. However, a security guard shows up nevertheless, with Sarah ordered to make him leave, but the security guard catches sight of Jonah and recognises him as a colleague, prompting Jonah to shoot him in the head. Kyle reveals to Elias that the only thing of any worth on him is his life insurance. Desperate and out of options, Elias kicks Kyle down and prepares to kill him. At the last second, Avery remembers the money she saw at the earlier party and pleads with the thieves that she can help them steal it from the party if they spare her father's life. Elias reluctantly agrees to the proposition and sends Petal to supervise Avery as she drives to the party house and ensure that she keeps her word (during a conversation between Elias and Petal it is revealed their daughter was taken into foster care). Although Avery's initial idea is to seduce Jake and then steal his money, she is horrified when Petal begins to deliriously proclaim that she plans to massacre all of the party guests and then take the cash. Seeing a swerving road ahead, Avery accelerates the car, unbuckles Petal's seat belt, and intentionally crashes into a telephone pole, incapacitating Petal and allowing Avery to handcuff Petal to the steering wheel. Back at the Miller home, Sarah learns that Kyle had discovered a picture of her kissing Jonah from security footage and was suspicious for some time that she had been unfaithful. Sarah, however, insists that she is innocent and only loves Kyle: the same flashback is now shown from her perspective, revealing that Jonah is in fact mentally ill (and off his medications) and that the supposed love affair between him and Sarah was all in his head. The ""kiss"" had occurred to Sarah's complete surprise and against her will. At this point, Ty reawakens from his stupor and attacks Sarah. Enraged, Jonah tackles Ty and the two fight. Just as Ty is about to strangle Jonah to death, Elias shoots him in the back for trying to kill his brother. However, in his dying breath, Ty reveals to Elias that he had been set up all along: the ""robbers"" stealing his drug shipment were actually fellow members of the same crime organization and the operation was done in order to blackmail him into stealing more money for them. More damningly, Ty also claims that Jonah had masterminded the entire plan so he could have an excuse to return to the Miller residence and profess his love to Sarah. Elias is shocked by the allegations but refuses to believe them (though doubt about his brother does seem to creep in.) Through the chaos, Sarah and a wounded Kyle escape to the tool shed behind the house and are pursued by Elias and Jonah. After a brief fight, the thieves break through a partition in their tussling and to their surprise discover a large amount of money that's been hidden in the shed; Kyle reveals that he had sold Sarah's real diamond necklace and was saving the money as a nest egg for his family when he noticed his business/fortunes declining. As Elias and Jonah begin to collect the cash, Avery appears (having survived the car crash with minor injuries) and points a gun at them. Elias calls her bluff and claims she can shoot but he will still have time to shoot one of her parents, he then aims his gun at Sarah - but he is shot from behind and killed by Jonah for this. Jonah tries again to convince Sarah that she belongs with him but she rebuffs his offers, calling him insane. In an attempt to sacrifice himself, Kyle tells his wife and daughter to run while setting the money in the tool shed on fire. He also shoots Jonah's foot with a nail gun, trapping him in the shed. While Avery goes to call the police, Sarah tries to help Kyle but she is grabbed in a last-ditch effort by Jonah, who is convinced that it is destiny for her to die together with him in the fire. However, Kyle then shoots him in the neck, causing him to fall and become engulfed in the flames. Sarah then carries Kyle away to safety just as the shed collapses. In the backyard, Kyle tries to tell Sarah to let him die so that she and Avery can survive on his life insurance fund but she refuses, stating that she loves him regardless of whether he has money or not. Avery runs back to her parents announcing that help is finally on the way. The three family members embrace as the real police arrive and surround the house."
wiki-16141,The Way,"Dr. Thomas Avery (Martin Sheen) is an American ophthalmologist who goes to France following the death of his adult son, Daniel (Emilio Estevez), killed in the Pyrenees during a storm while walking the Camino de Santiago (the Way of St. James), a Catholic pilgrimage route to the Cathedral of Santiago de Compostela in Galicia, Spain. Tom's purpose is initially to retrieve his son's body. However, in a combination of grief and homage to his son, Tom decides to walk the ancient spiritual trail where his son died, taking Daniel's ashes with him. While walking the Camino, Tom meets others from around the world, all looking for greater meaning in their lives. He reluctantly falls in with three other pilgrims in particular. Joost (Yorick van Wageningen) is an overweight man from Amsterdam who says he is walking the route to lose weight to get ready for his brother's wedding and also that his wife will desire him again. He is a friendly extrovert who is the first to start walking with Tom. Sarah (Deborah Kara Unger) is a Canadian fleeing an abusive husband, who says she is walking the pilgrimage to quit smoking. Jack (James Nesbitt) is an Irish travel writer who when younger had desires to be a great author like William Butler Yeats or James Joyce but never wrote the novel he dreamed of. He is the last to join the quartet and has been suffering from ""writer's block"". As the pilgrims travel the Camino, they occasionally meet and talk with other pilgrims—two Frenchmen, a young Italian and Father Frank, an elderly priest from New York. Tom occasionally sees visions of Daniel alive and smiling among other people. On the pilgrimage, the group experiences challenges, such as when a young Romani steals Tom's backpack. Although the thief escapes, his father drags him back to Tom to return the pack, with embarrassed apologies and an offer to attend a street party in compensation. After the group arrives at Santiago de Compostela, Tom is accompanied by the other three members to Muxía. He scatters the remainder of Daniel's ashes at the sea there. With Daniel's backpack on his back, Tom sets out on another journey."
wiki-16227,Cloud Atlas,"In the Chatham Islands, 1849, American lawyer Adam Ewing witnesses the whipping of a Moriori slave, Autua. Autua stows away on Ewing's ship and convinces him to advocate for Autua to join the crew as a free man. Autua saves Ewing's life before Dr. Henry Goose, hoping to steal Ewing's gold, can deliver poison he claims will treat a parasitic worm. In the US, Ewing and his wife denounce her father's complicity in slavery and leave to join the abolition movement. In 1936, English composer Robert Frobisher finds work as an amanuensis to aging composer Vyvyan Ayrs, allowing Frobisher to compose his own masterpiece, ""The Cloud Atlas Sextet"". Frobisher reads Ewing's journal among the books at Ayrs's mansion. Ayrs demands credit for ""The Cloud Atlas Sextet"" and threatens to expose Frobisher's homosexuality if he refuses. Frobisher shoots Ayrs and goes into hiding, using the name Ewing. He finishes ""The Cloud Atlas Sextet"" and shoots himself before his lover Rufus Sixsmith arrives. In San Francisco, 1973, journalist Luisa Rey meets Sixsmith, now a nuclear physicist. Sixsmith tips off Rey to a conspiracy to create a catastrophe at a nuclear reactor run by Lloyd Hooks, but is killed by Hooks's hitman, Bill Smoke, before he can give her a report as proof. Rey finds Frobisher's letters to Sixsmith and tracks down Frobisher's ""Cloud Atlas Sextet."" Scientist Isaac Sachs passes her a copy of Sixsmith's report. Smoke kills Sachs by blowing up his plane, and runs Rey's car off a bridge. She escapes but the report is destroyed. With help from the plant's head of security, Joe Napier, Rey evades another assassination attempt, which results in Smoke's death. With a copy of the report from Sixsmith's niece, she exposes the plot and oil executives are indicted. In London, 2012, Dermot Hoggins, author of a gangster memoir, murders a critic after a harsh review, generating huge sales. Hoggins's brothers threaten the publisher, the aging Timothy Cavendish, for Hoggins's profits. Cavendish's brother Denholme tells him to hide at Aurora House. On the way, Cavendish reads a manuscript based on Luisa's story. Believing Aurora House is a hotel, Timothy signs papers committing himself; in fact, Aurora House is a nursing home. Denholme reveals to Timothy that he sent him there as revenge for Timothy's affair with Denholme's wife. The head nurse, Noakes, is abusive, and denies contact with the outside world. Cavendish escapes with three other residents, resumes his relationship with an old flame, and writes a screenplay about his experience. In Seoul, 2144, Sonmi-451 is a ""fabricant,"" a human cloned for slave labor, kept as a fast food server in a dystopian Neo Seoul, Korea. She is exposed to ideas of rebellion by another fabricant, Yoona-939. After Yoona is killed, Sonmi is rescued by rebel Commander Hae-Joo Chang. He exposes Sonmi to the banned writings of Aleksandr Solzhenitsyn and a film version of Cavendish's experience. After Sonmi is captured, Hae-Joo rescues her, introduces her to the leader of the rebel movement, and shows her that clones are recycled into food for other clones. Sonmi makes a public broadcast of her manifesto. The authorities attack; Hae-Joo is killed and Sonmi is recaptured. After recounting her story to an archivist, she is executed. In 2311, the tribespeople of the post-apocalyptic Big Island of Hawaii worship Sonmi-451; their sacred text is taken from her broadcast. Zachry Bailey is plagued by visions of a demonic figure, Old Georgie. Zachry, his brother-in-law Adam, and his nephew are attacked by the cannibalistic Kona tribe. Zachry runs into hiding and his companions are murdered. His village is visited by Meronym, a member of the Prescients, an advanced society using remnants of high technology, but who are dying from a plague. Meronym is searching for a communication station on Mauna Sol to send an SOS to off-world humans. In exchange for healing Zachry's niece Catkin, Zachry guides Meronym to the station where Sonmi-451 made her broadcast. Returning, Zachry finds his tribe slaughtered by the Kona. He kills the sleeping Kona chief and rescues Catkin, and Meronym uses her gun to save him from the Kona and is saved by Zachry. Zachry and Catkin join Meronym and the Prescients as their ship leaves Big Island. On a distant planet, Zachry recounts the story to his grandchildren and joins Meronym."
wiki-16254,"Do-Deca-Pentathlon, TheThe Do-Deca-Pentathlon",The film is about two brothers in their mid-30s (played by Mark Kelly and Steve Zissis) whose lifelong rivalry compels them to secretly complete an athletic competition that they came up with in high school but left unfinished.[4]
wiki-16338,The Paperboy,"Anita (Macy Gray), the chain-smoking maid of the Jansen family, recounts to an unseen reporter the events of the summer of 1969, when idealistic reporter Ward Jansen (Matthew McConaughey) came back to his fictional hometown of Lately in Moat County, Florida, to investigate the events surrounding a murder in an effort to exonerate a man on death row, Hillary Van Wetter (John Cusack). In 1965, swamp-dwelling alligator hunter and small-time criminal Van Wetter has been jailed for the murder of a violent and unscrupulous local sheriff, Thurmond Call. Four years later, Charlotte Bless (Nicole Kidman), a woman from Mobile, Alabama whom Van Wetter has never met but who has fallen in love with him after exchanging correspondence, is now determined to prove his innocence and have him released so they can marry. Charlotte requested the help of Ward and his colleague, Englishman Yardley Acheman (David Oyelowo), who are both investigative reporters from The Miami Times. Ward's younger brother, Jack Jansen (Zac Efron), is hired as their driver. Ward has mixed feelings about returning home to his estranged father, who runs a local newspaper and distributes The Miami Times in their town. Both Jansen brothers dislike their father's latest girlfriend, Ellen. Jack now works as a paperboy for his father's business after having been expelled from college for vandalism, ending his prospective career as a professional swimmer. His only real friend is Anita, who brought him and Ward up after their mother left them. The evidence against Van Wetter is inconsistent and Ward and Yardley are confident they can expose Van Wetter as a victim of redneck justice. Meanwhile, Jack has fallen in love with Charlotte, who only desires Van Wetter. During a day at the beach, Jack gets stung by a jellyfish and has a life-threatening allergic reaction. Charlotte saves his life by urinating on him, an embarrassing circumstance that his father promptly exploits for an article in his newspaper. Anita realizes that Jack can never stop thinking of Charlotte as she is his first true love. Van Wetter is hostile to the reporters at first, and contrary to the romantic portrayal he had painted of himself in his letters to Charlotte, he reveals himself to be a racist, a sexist and, in general, a rude man with anger issues. One day, after finally acquiring some useful information from Van Wetter, the Jansens travel to meet Van Wetter's uncle Tyree. The man is the only one who can corroborate Van Wetter's alibi, since, according to Van Wetter, the two men were stealing sod from a golf course in Ormond Beach the night of the murder. Tyree, who lives in pitiful conditions in the middle of the swamp with his ""white trash"" family, is initially ill-disposed and wary of admitting his own crime to save his nephew's life, but finally caves in. In the meantime, Yardley and Charlotte have visited the golf course to verify that side of the story; Yardley comes back claiming to have tracked the developer who bought the sod stolen by Hillary and Tyree, but the man only agreed to talk upon the promise to remain anonymous, so Yardley refuses to disclose his name even to Ward. Satisfied with his findings, Yardley goes back to Miami to start writing the article. Suspicious of Yardley's motives, Ward decides to go check the truth in Ormond Beach himself, with Jack and Charlotte in tow. During the trip, Ward gets drunk, approaches two black men in a bar, and takes them to his motel room. During the night, Charlotte wakes up Jack after hearing alarming sounds from Ward's room, and the two find Ward tied up, after being raped and tortured by the two men. As Ward is taken to the hospital, Jack does not resent him for secretly being a homosexual or for ""what he was into"", but just for keeping from him this side of his adult life. While Ward's still in the hospital, Jack goes to Miami to try and convince Yardley not to publish the article in his brother's name without checking all the facts first. During the confrontation, Yardley reveals he's actually an American pretending to be English to escape discrimination. He also reveals he had given Ward sexual favors in the past, which was the beginning of Ward's guilty, self-hating infatuation with black men. After the article is published, Van Wetter obtains a pardon and is released from prison. He takes Charlotte away to the swamp to live with him. Months later, she is unhappy with the demeaning lifestyle she has to endure, and sends a letter to Jack telling him she now realizes she made a mistake and plans to reunite with him at his father and Ellen's wedding reception. However, Jack only finds out about the letter one month later, on the very day of the wedding, when Anita, who's been fired from the Jansen household, gives the letter to him, revealing Ellen decided to hide it from Jack. Since Charlotte is not there, a worried Jack leaves the party to go find her, followed by Ward, who has lost an eye due to the incident at Ormond Beach and is now an alcoholic after Yardley left for New York with a deal to write a book on the Van Wetter case. When Jack and Ward confront Van Wetter, Charlotte has already been killed after Van Watter refused to let her leave to attend the wedding. A fight ensues, and Van Wetter kills Ward as well, by slashing his throat with a machete (the same weapon the sheriff was murdered with), but Jack manages to evade Van Wetter by diving into the swamp; the next morning, he retrieves Ward and Charlotte's bodies and leaves on the boat in which they came. Anita finishes narrating by revealing Van Wetter was later convicted for the murders of Ward and Charlotte and sent to the electric chair, yet the identity of the sheriff's murderer was never ascertained. Jack would later meet his mother at Ward's funeral, but he would never get over Charlotte."
wiki-16387,This Is 40,"While having sex in the shower Pete reveals to his wife Debbie that he took a Viagra given to him by his friend Barry (Rob Smigel); this enrages Debbie and they stop. Debbie is angered that she is turning 40. In the five years since Knocked Up, Debbie owns a boutique with Desi (Megan Fox) and Jodi (Charlyne Yi) working for her. Pete owns his own record label, with his friends Ronnie (Chris O'Dowd) and Cat (Lena Dunham) working with him. Pete's business is struggling financially as he promotes the reunion of Graham Parker & The Rumour. The couple also are having to deal with their daughters; Sadie, a young teenager, and eight-year-old Charlotte. For Debbie's birthday, the couple goes on a romantic weekend to a resort. There they get high from eating marijuana cookies, and fantasize out loud about ways they would kill each other. After speaking with her friends Jason (Jason Segel) and Barb (Annie Mumolo), Debbie decides to improve her marriage and family through exercise, and becoming more connected with her parents. Debbie tells Pete that he needs to stop lending his dad, Larry (Albert Brooks), money, because it is hurting them financially. Pete goes to visit him, but is unsuccessful at giving him the news, and still agrees to give him money. Meanwhile, Debbie visits her gynecologist (Tim Bagley), and discovers that she is pregnant. She decides not to tell Pete about this. Later, she yells at a student, Joseph (Ryan Lee), who has been taunting Sadie. She yells at him so much that his mother, Catherine (Melissa McCarthy), gets into an argument with Pete. One night between the school taunting sequences, Debbie takes Desi out dancing at a club, planning to confront her with her suspicions that she has been stealing money from the store. Debbie and Desi meet several players from the Philadelphia Flyers hockey team at the pub. Debbie awkwardly finds out that one of the players wants to hang out with her and possibly sleep with her. She is proud that he wants to have sex with her, but admits that she is married, has two kids, and is pregnant. Afterwards, Debbie drops Desi off at her house and confronts her about the missing money. Desi reveals she is able to afford nice things because she is also an escort. Later, Debbie meets up with Jodi, who confesses that she stole the money to buy Oxycontin. Debbie fires her and leaves. Meanwhile, Pete and Debbie are having to deal with Sadie and Charlotte fighting all the time, which results in arguments between the family. They later have a meeting with the principal, but the couple denies everything that happened. The couple is overjoyed when Catherine starts using the same language they used previously and the principal dismisses them. On Pete's 40th birthday party, he argues with his dad about the money he wants from them. Debbie argues with her dad about not spending enough time in her life, and how his is perfect. Oliver then explains that his life is not perfect, and how he has always cared about her and loved her. Later, Pete overhears Debbie talking about her pregnancy, and rides out of the house on his bicycle in anger. Debbie and Larry then go after Pete, trying to find him. Soon, they find that he wrecked after hitting his head on a car door. Pete then gets into an argument with the driver of the car who then punches him in the stomach. Debbie and Larry take Pete to the hospital, where Larry and Debbie reconcile, with Larry advising Debbie that it's because of her, that she keeps the family together. Debbie and Pete talk later and Pete explains that he is actually thrilled about having a third baby, and that he doesn't feel trapped, so the two reconcile. Sometime later, Pete and Debbie are watching a small concert with Ryan Adams performing. Debbie then suggests that Pete should sign him to his label and plan to talk to him as they finish watching the show.[4] After the main credits roll, there's an extended alternate take of Catherine ad-libbing insults during the conversation with Debbie, Pete, and the principal."
wiki-16466,Can a Song Save Your Life?,"Dan Mulligan (Mark Ruffalo) is a formerly successful record label executive living in New York City who is estranged from his wife Miriam (Catherine Keener) and struggling to keep up with the changing music industry. After being fired from his job, he goes on a drinking binge which leads him to a bar in the Lower East Side where he encounters Gretta James (Keira Knightley). Gretta is a young and fiercely independent songwriter who has just broken up with her long-time boyfriend and songwriting partner Dave Kohl (Adam Levine), a newly successful musician who had an affair with one of his producers' assistants. Captivated by Gretta's music, Dan offers her to sign her to his former record label, and although she initially refuses she reconsiders the offer and agrees. When Gretta sees Dave accepting an award on television, she criticizes him for selling out to the music industry and, with the help of her best friend Steve, she expresses her grievances with him in a song which she records on his voice mail. Dan and Gretta meet with Saul, Dan's business partner and co-founder of their record label, but he does not see the same potential in Gretta and turns her away. Undeterred, Dan proposes that he and Gretta produce their own album together, to be recorded live during the summer at various public locations around New York City. Recruiting a team of talented musicians, including Steve, Dan sets out to make an album worthy of being published by his label. During this time, Dan and Gretta bond both personally and professionally, and Gretta takes Dan's teenage daughter Violet, a fledgling guitarist, under her wing and encourages her to play on the album. A remorseful Dave, who is back in New York to promote his new album, returns her call and asks to see her. After some consideration, she decides to meet with him and they critique each other's albums. Gretta feels betrayed by Dave's heavily commercialized rendition of ""Lost Stars,"" a love ballad she had once written and composed for him as a Christmas present, believing that the true meaning of the song has been lost. Dave tells her that the audiences love when he plays it in the new way, and that their energy fills the room. He believes that music is about sharing it with people, but Gretta tells him that's not what she intended for that song. Nevertheless, Dave invites her to come and hear him play the song at the Gramercy Theatre that weekend so that she can see the impact it has had on his fans. When the album is finished, Dan and Gretta meet again with Saul, who is very impressed with their collaboration. Gretta demands that Saul give Dan his job back and give her a bigger share in the deal. They leave without reaching an agreement, but Dan feels confident that Saul will eventually sign Gretta to the label. Later, after receiving a text message from Dave reminding her of his concert and much consideration, Gretta arrives at the venue just in time to watch Dave play her original arrangement of the song, but as she watches him play and sees the reaction of the crowd to the song and how Dave responds to the fans' adoration by slipping into singing the commercialized arrangement of the song, she realizes that he is a lost cause. Gretta then leaves the concert and cycles through the city with newfound closure and a dawning smile on her face. Afterwards, Gretta visits Dan at his apartment as he prepares to move back home, having made amends with his wife. She tells him that she does not want him to release her album, instead preferring to distribute it online for $1. Although Dan returns to work with Saul, he agrees to let Gretta release the album online and helps her to promote the release. The next day, Saul jokingly fires Dan for promoting Gretta's album and informs him that it sold 10,000 copies in its first day of release."
wiki-16572,Jack the Giant Killer,"After climbing a giant beanstalk, Jack discovers a land in the clouds populated by evil beasts. When the beasts make their way down to Earth, he must figure out how to get back down and save everyone from the oncoming threat."
wiki-17190,Lovesong,"Sarah (Riley Keough) is a stay at home mom whose husband frequently travels for work and is dismissive of Sarah's concerns about his absences. Overwhelmed by the isolation of taking care of her toddler daughter, she calls her best friend Mindy (Jena Malone), whom she has not seen in years, and the two depart on an impromptu roadtrip together with Sarah's toddler daughter. The two women discuss their different lifestyles with Sarah believing that Mindy is free-spirited and promiscuous. After a night recalling their sexual experiences in college, the two end up kissing, which leads to them being physically intimate. The day after, Mindy is hurt after Sarah seems to treat the experience nonchalantly, thinking it happened due to the spark of the moment and Mindy's promiscuity. When they stop at a convenience store, Mindy purchases a ticket back to her home in New York City and abruptly leaves. After three years of little contact, Mindy invites Sarah to her wedding. Sarah is now separated from her husband. Sarah at first feels left out and isolated as she is disconnected from Mindy and her life. However, after Mindy invites herself to Sarah's hotel room the two begin to reconnect. At Mindy's bachelorette party the two end up sharing a kiss. The day of Mindy's wedding the two go for a walk and discuss their roadtrip, the night that they slept together, and the three years of absence. Mindy feels sorry for leaving, and they tell one another they love each other. Nevertheless, Mindy goes forward with her wedding."
wiki-17320,Brawl in Cell Block 99,"Former boxer and drug mule, Bradley Thomas (Vince Vaughn) goes to his current job at an auto-repair shop and discovers he has been laid-off by his employer. As he arrives home, he sees his wife, Lauren (Jennifer Carpenter), sitting in her car talking to someone on her cellphone. Bradley approaches her and sees a lovebite on her neck. Lauren confesses that she has been seeing somebody else. Bradley orders her inside the house before he violently dismantles her car with his bare hands. When calm, he enters the house to discuss with Lauren their failing relationship. Bradley decides to forgive Lauren and returns to work as a drug mule. Eighteen months later, Bradley and a now pregnant Lauren have relocated to a larger, more expensive home. Bradley's boss, Gil (Marc Blucas), introduces him to Eleazar (Dion Mucciacito), a new business associate, and gives him a new task. Bradley is to sail off the coast with two of Eleazar's men to pick up a package of crystal meth. Bradley does not trust the larger of the two men, Roman (Geno Segers), but accepts the job when Gil offers him three months paternity leave. As they arrive at the pier, Bradley senses they are walking into a police trap and dumps his bag into the water. Bradley instructs the other two men to do the same, but they ignore his order and confront the police in a firefight, wounding three officers. Bradley intervenes by knocking out Roman in order to assist the police. The third drug trafficker dies in the shootout. Bradley is taken into custody and sentenced to seven years in a medium-security prison. During the night, Lauren is kidnapped by men under orders of Eleazar. On the second day of his incarceration, Bradley is visited by the Placid Man (Udo Kier), who informs Bradley that he works for Eleazar. He tells Bradley that, unless Bradley assassinates an inmate named Christopher Bridge, located in Redleaf Correctional Facility, a separate maximum-security prison, the limbs of his unborn child will be surgically removed by a Korean abortionist and sent to him. Bradley reluctantly accepts. Bradley picks a fight with multiple guards, until he's overpowered and transferred to Redleaf. There, he meets Warden Tuggs (Don Johnson), who subjects Bradley to a cavity search outside of the prison entrance. Bradley is put into a horrible cell, where the toilet is clogged with feces. Eventually, he is able to go outside for yard time. When a fellow inmate informs him that Christopher Bridge is not located in this section of the prison but in another section known as cell block 99, Bradley fights some other inmates and consequently is thrown into cell block 99. Warden Tuggs explains that cell block 99 is where he devises special punishments for society's most despised criminals. Bradley is forced to wear a belt that gives him electric shocks at a push of a button, as a punishment for the fight. His cell in block 99 is lined with broken glass and only contains a crude squat toilet hole. Bradley speaks to the man in an adjacent cell, who informs him that Christopher Bridge does not exist at all. During the night, a young guard named Wilson (Tom Guiry) escorts Bradley to another, larger cell in block 99, where Eleazar, Roman, and two other gangsters are located. The gang torture Bradley with the electric belt, and taunt him by threatening to call the abortionist. He is shocked so badly that he needs to be dragged back to the cell unconscious. Bradley devises a plan and tears the lining out of his shoes: he places the rubber between his body and the belt to prevent the shocks. This enables him to ambush Wilson and another guard; resulting in him killing Wilson. Bradley locks the second guard inside the cell. Bradley confronts Eleazar, and brutally kills all three henchmen in hand-to-hand combat: degloving the face of the first man, gouging the eyes and breaking the neck of the second, and stomping Roman's face in. During the brawl, Eleazar telephones the Placid Man and instructs him to activate the abortionist. Bradley first tortures Eleazar by breaking his leg, then calls The Placid Man to negotiate for Lauren's freedom. It is agreed that the Placid Man will deliver Lauren to Gil's house. Bradley drags Eleazar into his own cell, across the broken glass, to await confirmation of Lauren's freedom. Warden Tuggs and his men arrive at block 99, but Bradley threatens to kill his two hostages. Bradley states he is waiting for a phone call, and promises that he will surrender peacefully, exactly one minute after the call ends. The Placid Man and the abortionist follow Eleazar's instructions and drive Lauren unharmed to Gil's house. As they drive away, Gil retrieves a hidden assault rifle and kills the Placid Man. Lauren then takes the rifle and shoots the abortionist. Gil phones Bradley to inform him that his family is finally safe. Bradley speaks to Lauren for the last time, and shares a few words with their unborn child. Bradley destroys the cell phone, then reminds Warden Tuggs that he still has 60 seconds of freedom remaining. Bradley shoves Eleazar's face into the squat hole and stomps several times on his neck, decapitating Eleazar and leaving the head at the bottom of the toilet. Warden Tuggs and his men finally enter the cell. Bradley gives one last look at Tuggs, before he shoots Bradley twice, once in the chest and once in the head. The screen cuts to black on the third gunshot and Bradley's body hitting the floor is heard."
wiki-17362,Star Wars: The Last Jedi,"Shortly after the battle of Starkiller Base,[N 1] Resistance forces, led by General Leia Organa, flee D'Qar when a First Order fleet arrives. Poe Dameron leads a costly counterattack that destroys a First Order dreadnought, but after the Resistance escapes to hyperspace, the First Order tracks them and attacks the Resistance convoy. Kylo Ren, Leia's son, hesitates to fire on the lead Resistance ship after sensing his mother's presence, but his TIE fighter wingmen destroy the bridge, incapacitating Leia and killing most of their leadership, including Admiral Ackbar; Leia manages to survive by using the Force. Disapproving of new leader Vice Admiral Holdo's passive strategy, Poe helps Finn, BB-8, and mechanic Rose Tico embark on a secret mission to disable the tracking device on the lead ship. Meanwhile, Rey arrives on Ahch-To with Chewbacca and R2-D2 aboard the Millennium Falcon to recruit Luke Skywalker to the Resistance. Disillusioned by his failure to train Kylo as a Jedi, and under self-imposed exile from the Force, Luke refuses to help—even after he learns of Han Solo's death at Kylo's hands—and believes that the Jedi should become extinct. Unbeknownst to Luke, Rey and Kylo can communicate through the Force, puzzling the two enemies. As the rival Force users learn about each other, each has future visions of themselves as partners. R2-D2 persuades Luke to train Rey. After Kylo tells Rey what happened between him and Luke that caused him to choose the dark side of the Force, Luke confesses that he momentarily contemplated killing Kylo upon sensing that Supreme Leader Snoke was corrupting him, causing Kylo to destroy Luke's new Jedi Order in retaliation. Convinced that Kylo can be redeemed, Rey leaves Ahch-To to confront Kylo without Luke. Luke prepares to burn the Ahch-To Jedi temple and library, but hesitates. Yoda's ghost appears and destroys the temple by summoning a thunderstorm, claiming Rey has all she needs to learn, and encourages Luke to learn from his failure. Holdo reveals her plan to discreetly evacuate the remaining Resistance members using small transports. Believing her actions cowardly and risky, Poe leads a mutiny. Finn, Rose, and BB-8 travel to the Canto Bight casino and acquire the help of the hacker DJ, who says he can help them disable the tracking device. They infiltrate Snoke's ship, but all but BB-8 are captured by Captain Phasma. Meanwhile, Rey lands on the ship, and Kylo brings her to Snoke, who claims that he facilitated the mental connection between her and Kylo as part of a plan to destroy Luke. Ordered to kill Rey, Kylo instead kills Snoke and, with Rey, defeats Snoke's guards. Rey believes that Kylo has returned to the light side of the Force, but he instead invites her to rule the galaxy with him, which she refuses. They use the Force to fight for possession of Anakin Skywalker's lightsaber, which splits in two. Leia recovers and stuns Poe, allowing the evacuation to begin. Holdo remains on the ship to mislead Snoke's fleet as the others flee to an abandoned Rebel Alliance base on Crait. DJ reveals the Resistance's plan to the First Order, and the evacuation transports are slowly destroyed. Holdo sacrifices herself by ramming Snoke's fleet at lightspeed; Rey escapes in the chaos, while Kylo declares himself Supreme Leader. BB-8 frees Finn and Rose, who escape after defeating Phasma, and they join survivors on Crait. When the First Order arrives, Poe, Finn, and Rose attack with old speeders. Rey and Chewbacca draw the TIE fighters away with the Falcon, while Rose stops Finn from completing a suicide run against the enemy siege cannon, which subsequently penetrates the Resistance fortress. Luke appears and confronts the First Order to enable surviving Resistance members to escape. Kylo orders the First Order's forces to fire on Luke to no effect. He then engages Luke in a lightsaber duel; upon striking Luke, Kylo realizes he has been fighting a Force projection of him. Rey uses the Force to help the Resistance escape on the Falcon. Luke, exhausted, dies peacefully on Ahch-To. His death is sensed by Rey and Leia, but Leia tells surviving rebels that the Resistance has all it needs to rise again. At Canto Bight, one of the children who helped Finn and Rose escape grabs a broom with the Force and gazes into space."
wiki-17435,Deathcheaters,Steve and Rodney are two ex-Vietnam commandos who do stunt work for television. They are hired by the government to raid the island stronghold of a Filipino racketeer and secure papers from his safe. The two men make the raid and escape using a hang-glider.
wiki-17439,Fantasm,German psychiatrist Professor Jurgen Notafreud takes the audience through a series of female sexual fantasies including:
wiki-17463,Raw Deal,"In the 1870s, the colonial administrator hires bounty hunter Palmer and gun salesman Ben to wipe out an army of Irish Catholic revolutionaries in their stronghold. Palmer and Ben recruit three gun men to help them and their mission is successful but when they go to get their payment they are trapped by treacherous officials. Ben and Palmer must fight their way to safety."
wiki-17474,Stunt Rock,"Australian stuntman Grant Page accepts a job on an American television series and travels to Los Angeles, where he reunites with his cousin, Sorcery band member Curtis Hyde. Hyde performs with a heavy metal band called Sorcery, playing the part of The Prince of Darkness who is locked in cosmic combat with Merlin the Magician (Paul Haynes). While the band plays out the story with its signature brand of theatrical but muscular hard rock, Page's first stunt for the cameras goes awry and he is hospitalized, but defies his doctors by escaping out a fifth story window to get back to the set. Such reckless behavior attracts the attention of newspaper reporter (Margaret Gerard) who is writing an article about the career obsessed, as well as a TV star (Dutch star Monique van de Ven) who both gravitate towards the stuntman's professional fearlessness. Together they attend Sorcery concerts, enjoy Hollywood parties with the band and explore the nature of extreme living."
wiki-17484,My Brilliant Career,"Sybylla (Judy Davis), a headstrong, free-spirited girl growing up in late 19th century Australia, dreams of a better life to the detriment of her work on a country farm. Her parents, upset by her dreams of grandeur, send her to board with her grandmother in hopes of teaching her proper manners and behaviour. She is soon courted by two local men, jackaroo Frank Hawdon (Robert Grubb), whom she ignores, and well-to-do childhood friend Harry Beecham (Sam Neill), whom she grows increasingly fond of. Sybylla is sent to spend time at the Beecham estate, and her feelings increase toward Harry. She returns to her grandmother's home when Harry is sent on a tour of their properties, with everyone on both estates coyly approving of their romance. Frank attempts to derail the couple through rumours, which leads to increasing tensions between the two. The two take turns attempting to make the other jealous at a ball, leading to Harry's surprise proposal. Sybylla gruffly rejects him, to everyone's surprise. Harry later reveals his rush was to protect Sybylla from his potential financial collapse. Sybylla counters by asking Harry to wait while she discovers herself, and asks him to delay his proposal for perhaps two years. Sybylla is summoned by her grandmother, and is told she must take a job as governess/housekeeper to the family of an illiterate neighbour to whom her father owes money. Working in squalor, she manages to teach the children to read using the newspapers wallpapering their home. To her delight, she is sent home when the parents become convinced (incorrectly) that she is wooing their eldest son. Harry visits and proposes again, but she again rejects him, stating her intent is to become a writer. The movie ends with her reading (in voiceover) from her novel, My Brilliant Career, before sending it off for publication."
wiki-17511,Lonely Hearts,"A middle-aged man, Peter, goes to a dating agency in search of a companion. He is introduced to a shy bank clerk Patricia."
wiki-17592,The Delinquents,"Lola and Brownie are teenagers in the Australian town of Bundaberg during the 1950s. They fall in love, but because of their age must fight their parents and welfare, who try to keep them apart. Lola falls pregnant and the couple runs away so they can keep their baby and live happily ever after. Lola's mother and the police find them and take Lola home. Brownie joins the crew of a ship so he can sail the coast and look for Lola. Meanwhile, Lola is forced to have an abortion by her mother in Brisbane. After an argument with her mother about Brownie and the abortion, Lola moves to Melbourne, becomes a waitress and bleaches her hair. Lola is reunited with Brownie after he visits the bar where Lola works whilst on shore leave. She returns with Brownie to his ship and they spend the night together in Brownie's cabin, where they are discovered the following morning by Brownie's friend and boss, Bosun. After an argument between Brownie and Bosun as to whether Lola should return to her mother or stay with Brownie, Bosun eventually relents and says that Lola can stay, so long as she is kept ""out of sight"" from the other sailors. After the ship docks, Lola and Brownie attend a party held by a young couple, Lyle and Mavis. They are squatting in the property with their daughter, Sharon. One night, Lola and Brownie are arrested for under-age drinking after being caught leaving a pub. Lola is taken away by her mother and welfare to live with Aunt Westbury, a caretaker in the countryside for a fixed-term of 12 months. She and Brownie are told that they are not allowed to see or contact each other for one year. During Lola's stay in the community placement, a former charge of Aunt's visits the house. During this visit, Lola collects the mail and, after a brief conversation with the postman, realizes that her caretaker has thrown all Brownie's letters in the bin. Lola and the caretaker fight, and Lola runs away. Finding her mother drunk and unsympathetic, Lola returns to Lyle and Sharon's home, only to be arrested and taken to a young offenders' institution to restart and complete her sentence. During this time, a riot is started by the other inmates. After her 18th birthday, Lola is released from jail and is subsequently reunited with Brownie. They return to the house, where Lola discovers that Mavis is heavily pregnant with her and Lyle's second child. Lola wants Brownie to quit his job as a sailor, and stay with her; however, Brownie is unsure and confides in Bosun about his dilemma. Mavis goes into labor. The birth does not go well and both Mavis and the baby die. Although Lola and Brownie offer to adopt Mavis' surviving daughter, they are unable to as they are unmarried. Lyle leaves the child with Lola to give to social services as she will be placed into foster care and Lyle is unable to bear the thought of giving up his only child. Lyle subsequently leaves after telling Lola he intends to travel the world and taking on odd jobs to make ends meet while stopping off at different locations on his travels. He also tells Lola that he is too devastated by recent events to remarry or have another family. En route to the welfare office, Brownie sees Lola and Sharon in the taxi and runs after them. Eventually, Brownie catches up with the taxi and he is reunited with Lola and Sharon. The film ends with their wedding with their families and friends in attendance."
wiki-17602,Death In Brunswick,"Set and filmed in Brunswick, a Melbourne suburb, it deals with a humble chef, Carl (Neill) who gets a job at a sleazy nightclub owned by Yanni Voulgaris (Nicholas Papademetriou). He begins a relationship with the Greek-Australian barmaid, Sophie (Zoe Carides), which soon brings him into trouble with his employers and her strict father. His drug dealing Turkish-Australian co-worker, Mustafa (Nick Lathouris), is beaten up by the Greek-Australian owners. Thinking Carl told them, Mustafa attacks Carl. Carl accidentally stabs and kills him. He calls his friend, Dave (Clarke), a grave digger, and they bury Mustafa. This leads to one of the most famous scenes in the film—Dave's idea that they bury the body in the opened grave of someone else whose husband will be buried above her the following day. Dave expects the coffin of the deceased to be comparatively empty, given how long it has been since she died. When he finds that the rate of decomposition is not what he expects, he begins to stomp and crush her body to make some room. Later, Mustafa's wife and son come to the restaurant and ask Carl if they know what happened to Mustafa. Carl denies having any knowledge and is wracked with guilt. He gives Mustafa's pay to his wife, even though Dave tells him that it might make him suspect. Later Mustafa's son sees him at a pool[1] with Sophie. Knowing that Sophie is also having a relationship with one of the Greek owners, Mustafa's Turkish friends confront Carl. Believing the Greek owners to be responsible, they get their revenge on them, ironically killing the one who was originally responsible for beating Mustafa in the first place. Carl leaves his job and is later comforted when he sees Mustafa in the church (albeit, in a dream) who offers him a friendly handshake. After his domineering mother suffers a stroke and is left a quadriplegic, Carl marries Sophie, despite her father's protests and the final scene from their wedding is reminiscent of the Last Supper."
wiki-17654,Così,"Ben Mendelsohn stars as Lewis Riley, an unemployed young man who applies for a job as a director/drama teacher at a mental hospital. He lands the job and finds himself directing a production of the Mozart opera Così fan tutte, an elaborate, demanding piece of theatre, an opera in Italian. And it is going to be performed by a cast that he must select from among the patients, who only speak English. One of the patients, Roy (Barry Otto), sweeps everything along before him, organising auditions, selecting cast members, and criticising the director. The cast chosen include three women: Julie (Toni Collette), Ruth (Pamela Rabe), and Cherry (Jacki Weaver); and two men: Henry (Paul Chubb) and Doug (David Wenham). The musical director is Zac (Colin Hay). The enthusiasm of Roy infects the group, and they charge headlong into a memorable production. Alongside the story of Lewis, the theme of Così fan tutte is explored as it relates to his personal life. Lewis's relationship with his girlfriend Lucy (Rachel Griffiths), already under pressure, is not helped by a friend called Nick (Aden Young), who seems more interested in testing Lucy's faithfulness than anything else. The story is loosely based on Nowra's own experience at producing Trial by Jury at Plenty Mental Hospital in suburban Melbourne in 1971.[2]"
wiki-17805,The Horseman,"After the drug-induced death of his teenaged daughter, Christian (Peter Marshall) is sent a video tape, a ""snuff film"" involving his daughter and several men. Christian then decides to avenge his daughter by killing all those linked to the sex tape. Along the way he meets a teenage runaway named Alice (Caroline Marohasy) and a fragile friendship begins to unfold."
wiki-17966,Molla Barir Bou,The charming story of the film is picked up from village life of our country. The mischief of the so-called 'Molla' who has no knowledge except fanatic sentiments perturbed all. His home is the seat of an oppressive regime.
wiki-18145,Kiss Me Sergeant,"In India, a British soldier saves the jewelled eye of a sacred idol."
wiki-18332,King of the Damned,"Convict 83 is a prisoner on an island, where the harsh regime of the Governor pushes him to lead a revolt.[1]"
wiki-18339,Man of the Moment,"Office worker Mary Briany (Laura La Plante) finds out she is being demoted by the boss she secretly loves in order to make room for his girlfriend. She tries to commit suicide by jumping into the river. Tony Woodward (Douglas Fairbanks, Jr.) is driving by and rescues her, much to her annoyance. He takes her back to his mansion, but he and his butler Godfrey (Donald Calthrop) have great difficulty getting her to behave. Meanwhile, Tony is to be married the next day to childish heiress Vera Barton (Margaret Lockwood). She reveals to Tony's friend Lord Rufus Paul (Claude Hulbert) that she plans to change Tony's lifestyle completely - no more smoking or drinking, among other things. Her millionaire father (Peter Gawthorne) promises his nearly penniless future son-in-law 5000 pounds to pay for a partnership in a company. Later, Mary crashes Tony's bachelor party, dressed in drag in his younger brother's clothes. The next day, Vera and her father find Tony, Mary and his friends passed out on the floor. As a result, Vera breaks off the wedding. With only £300 and deeply in debt, Tony proposes a suicide pact to Mary. They will fly to Monte Carlo to try to win a fortune at the casino. If they lose, they will kill themselves. The first day does not go well. They are ready to jump off a cliff when a gentleman finds them and gives them £20 they didn't know they had won. On their second chance, they split up to gamble. Tony loses, but Mary has an incredible lucky streak and wins a large amount of money. Meanwhile, Vera decides she wants to marry Tony after all. Rufus brings news about Tony's whereabouts and they go to Monte Carlo. Vera embraces Tony before Mary can tell him the good news. Heartbroken, Mary climbs out on the hotel ledge, but Tony finds her and tells her he loves her. (Annoyed at being jilted, Vera decides that she wants to marry a man that no other woman would desire; she picks Rufus.)"
wiki-18353,The Rocks of Valpre,"While staying in a small French coastal town, a young English woman falls in love with a French cavalry officer. Their romance is dramatically cut short when she is sent back to England to finish her education in a convent, while he is wrongly accused of being a spy by a rival officer and sentenced to imprisonment on Devil's Island. She settles down to a comfortable and respectable marriage with a wealthy Englishman. Ten years later, however, she is threatened with blackmail, and her former lover escapes from Devil's Island to come to her aid. Seriously ill from his time on the penal colony, he dies shortly afterwards."
wiki-18372,East Meets West,A small Middle Eastern state is coveted by the major powers for strategic reasons.[2]
wiki-18376,Everything Is Rhythm,A member of a band playing at a luxurious hotel falls in love with a princess staying there.
wiki-18589,Kipps,"The day before the fourteen-year-old Arthur ""Artie"" Kipps leaves to begin a seven-year apprenticeship in a draper's shop, he asks his friend's sister, Ann Pornick, to be his girl. She gladly agrees. Kipps goes to work for Mr. Shalford (Lloyd Pearson). Years pass and Kipps grows up into an unremarkable young man. One day, he attends a free lecture on self-improvement presented by Chester Coote (Max Adrian) and decides to take a course. Coote, disdaining Kipps' lower class origins, steers the young man away from the literature class he wants to take to a woodworking class taught by Helen Walshingham (Diana Wynyard), a member of the local gentry. Kipps is soon smitten with his lovely teacher, but she is mindful of his social inferiority and ignores him. One night, actor and playwright Chitterlow (Arthur Riscoe), riding a bicycle, collides with Kipps and tears his trousers. He takes Kipps back to his lodgings to repair his clothes. They get drunk together, while Chitterlow tells Kipps about his latest play, a comedy involving a beetle. By coincidence, one of Chitterlow's characters is also called Kipps, a name the writer got from a newspaper advertisement. When Kipps shows up for work late, he is sacked for breaking one of Mr. Shalford's strict rules of conduct. Then, Chitterlow tells Kipps that the advertisement was about him. It turns out Kipps has inherited a large house and a fortune (£26,000) from a grandfather he had never met. Chitterlow talks Kipps into investing £300 in his new play for a half share. At the bank, they run into Mr. Coote. Coote suggests Kipps employ new solicitor Ronnie Walshingham (Michael Wilding) to look after his fortune. When Kipps finds out the man is Helen's brother, he becomes interested. Soon, Coote and the Walshinghams have manoeuvred the naive Kipps into an engagement with Helen (though no encouragement is required), but he cannot handle her attempts at his self-improvement. Then, Kipps meets Ann, now a parlour maid, on her day off. His feelings for her resurface and he kisses her. Later, when he and the Walshinghams attend a party, Kipps is mortified to find the front door opened by Ann. During the gathering, Ann overhears the news of his engagement to Helen and rushes away. Kipps finds her and tells her he loves her. They sneak away to get married. The newlyweds clash over Kipps' insistence on maintaining his lofty social position. Then, Kipps receives a request to go to Ronnie Walshingham's office. Dreading a breach-of-promise suit, Kipps is surprised to meet Helen, rather than Ronnie. She has terrible news for him. Ronnie has lost all Kipps' money and fled. The good-natured man reassures Helen that he will not set the police on her brother. Just when all seems blackest, Chitterlow shows up in the middle of the night and informs Kipps that his play is a great success, and Kipps has a half-share in the profits. It is enough for Kipps to set up a bookshop and live comfortably with Ann and their baby son."
wiki-18801,The Calendar,"After losing his money at the races, a racehorse owner's (John McCallum) fiancée (Greta Gynt) jilts him and marries a Lord (Raymond Lovell). Whilst drowning his sorrows, the racehorse owner becomes involved in a big-race scandal. The plot is to steal his own prize horse before a race, therefore increasing the odds in another big race, the Ascot Gold Cup. Can he successfully recoup his fortune and also win again in the romantic stakes?"
wiki-18819,Here Come the Huggetts,"Factory worker Joe Huggett has a first-time telephone installed at home, for work purposes, but his daughters quickly find a lot more use for it. Diana, a flighty cousin of Ethel's (played by a 16-year-old Diana Dors), arrives for a not-very-welcome visit and causes problems at home and at Joe's workplace when Ethel persuades Joe to get her a job there. Eldest daughter Jane must choose between her fiancé who has been away in the forces and a new local admirer. Meanwhile, the family is planning to go to London to see the royal wedding, and Grandma Huggett joins them in camping out overnight near Buckingham Palace. Clark, who began her career as a child vocalist on BBC Radio, sings the song ""Walking Backwards""."
wiki-19094,The Kidnappers,"In the early 1900s, two young orphaned brothers, eight year old Harry (Jon Whiteley) and five year old Davy Mackenzie (Vincent Winter) are sent to live in a Scottish settlement in Nova Scotia, Canada, with their stern Granfather (Macrae) and Grandmother (Anderson) after their father's death in the Boer War. The boys would love to have a dog but are not allowed, Grandaddy holding that ""ye canna eat a dog"". Then they find an abandoned baby. Living in fear of Grandaddy (he beats Harry, the older boy, for disobeying him), they conceal it from the adults. They see it as a kind of substitute for the dog they have been denied (Davy, the younger boy, asks his brother, ""Shall we call the baby Rover, Harry?""). Grandaddy is having problems with the Dutch settlers who have arrived at the settlement in increasing numbers after leaving South Africa at the end of the Boer War. He has had a long-running dispute with Afrikaner Jan Hooft over ownership of a hill and refuses to accept a legal ruling that the land, in fact, belongs to Hooft. He also keeps a close rein on his grown-up daughter Kirsty (Corri) and is reluctant for her to make a life for herself. She is in love with the local doctor Willem Bloem, who left Holland for Canada for reasons he will not disclose. He does not return her affections. To make matters worse, it turns out that the ""kidnapped"" baby is Hooft's younger daughter. When found out, Harry is tried at a court set up in the local trading store. He is suspected of taking her as a result of the tensions between the two families but states that he did not know her identity. Surprisingly, Hooft speaks up in his defense, stating that no harm had come to her and his older daughter should have been looking after her. The court official suggests that Harry be sent to a corrective school, and is immediately threatened with shooting by Grandaddy. The clerk climbs down, merely suggesting an investigation into the location of these schools in case a further kidnapping should occur. Afterwards, Grandaddy thanks Hooft for speaking up for Harry. The film ends with Grandaddy (who had never learned to read or write) instructing Harry to write to a mail order company to order the red setter they had set their hearts on. He had found the flyer for the dog in one of his best boots, where the boys had hidden it. They had noticed that he sometimes walked without these boots, slinging them over his shoulder, to save wear and tear. To pay for the dog, Grandaddy had sold them – a prized item among his few possessions. Davy is now able to say, ""I think we'll call him Rover, Harry."" One of the film's most memorable moments comes with the horror on Duncan Macrae's face at what his grandson must have thought of him when he implores ""Don't eat the babbie, grandaddy!""."
wiki-19345,The Secret Place,"Crime heist melodrama set in the bombed out East End of London. A diamond robbery is masterminded by small-time crooks, and an adolescent boy finds himself unwittingly caught up in events, after discovering they've hidden the loot in his home.[2][3] In East London, young Freddie Hatwood has a crush on kiosk attendant Molly Wilson, who is engaged to Gerry Garter. Gerry is part of a criminal gang who had a hide out at car dealership; Molly's brother Mike works there. Gerry, Mike and their friend Steve are planning a diamond robbery. They need a policeman's uniform. Molly asks Freddie to borrow the uniform of his policeman father. The robber goes ahead. Gerry hides the diamonds inside Molly's record player. Not knowing this, Molly gives the player to Freddie as a thank you gift. Freddie discovers the diamonds and the gang go after him."
wiki-19366,The Big Money,"Willie (Ian Carmichael) is the bad seed of a family of thieves (James Hayter, Kathleen Harrison and Jill Ireland). One day, he steals a briefcase from a dodgy clergyman (Robert Helpmann), which is full of pound notes. Unfortunately, the notes all have the same serial number! He is seduced by ""the big money"" and starts passing the counterfeits, one bill at a time. Much of his need for money is to impress Gloria (Belinda Lee), the pretty barmaid at his local pub. She dreams of the millionaire who will come and give her the good life. Unfortunately, he cannot pass the fake money fast enough to keep up with her wants. When she helps herself to some of the counterfeit money, it gets the attention of the police and the mobsters. It all ends in a free-for-all, between the police, Arabs, and mobsters, in disguise. Finally, she has to decide whether she loves him or his money."
wiki-19583,The Shadow of the Cat,"Late at night in early 1900's England, wealthy and elderly Ella Venable (Catherine Lacey) is killed in the attic of her manor house by Andrew the butler (Andrew Crawford). The butler is joined by Ella's husband, Walter Venable (André Morell), and Clara the maid (Freda Jackson). Together they bury Ella's body on the grounds of the estate. The only witness to the murder and burial is Ella's tabby cat, Tabitha. The cat understands what happened. The murderers realize the cat's comprehension and resolve to kill it. Days later, Inspector Rowles (Alan Wheatley) and newspaper man Michael Latimer (Conrad Phillips) are called to the house to investigate what Walter maintains is Ella's ""disappearance."" Michael and the inspector are suspicious; they know that Walter married Ella for her money. Meanwhile, Walter, Andrew and Clara continue to agonize over the whereabouts of Tabitha. Before he had her killed, Walter forced Ella to sign a will that left everything to him. However, her original will, which left Walter nothing, remains hidden in the attic. Walter needs to find and destroy this original to ensure the security of his inheritance. He looks for it that night. The attic is structurally unsound and Walter falls through a rotten floorboard. Though not hurt, he stops his search and goes downstairs. There, he and Andrew see Tabitha and pursue her into the basement. The cat injures Andrew and gives Walter a heart attack. Walter invites Ella's favorite niece, Elizabeth ""Beth"" Venable (Barbara Shelley), to stay at the house. He worries that she might question the illegitimate will and wants to ""deal with her"" in person. Elizabeth runs into Michael upon her arrival; they are old friends from when she used to live in the area. She is untroubled by the news that her aunt's will left her nothing. Bedridden by the cat-induced heart attack, Walter is unable to continue his search for the original will so he invites his criminal nephew, Jacob Venable (William Lucas), Jacob's father, Edgar Venable (Richard Warner), and Jacob's wife, Louise Venable (Vanda Godsell) to stay at the house. Walter promises them a share of Ella's money if they find her original will and kill Tabitha. The cat witnesses their conspiracy. There are several episodes of mutual fear and hatred between Tabitha and the murderers/conspirators. Elizabeth can't understand it as she's always known Tabitha as a sweet cat that everyone loves. Michael believes it's because the cat knows why Ella disappeared. After several unsuccessful attempts, Tabitha is finally caught. Andrew takes the cat to the swamp to drown it but Tabitha escapes and Andrew drowns instead. When Andrew doesn't return, the conspirators worry. Muddy paw prints presage the cat's return and terrify Clara. The maid encounters the cat on the upstairs landing, Tabitha leaps at her and Clara falls down the stairs and dies. Jacob continues searching the attic for Ella's will. Elizabeth knows someone is up there but doesn't know who or why. Jacob distrusts his uncle and fears ""too much depends on Walter."" While Walter sleeps, Jacob lets Tabitha into Walter's room. When Walter wakes and sees the cat he has a fatal heart attack. His will leaves everything to Edgar. The police recover Andrew's body from the swamp. Elizabeth, Michael and Inspector Rowles accuse Edgar, Jacob and Louise of conspiracy but without the original will they have no proof and Edgar orders them out of the house. As they're leaving, Jacob sees the cat and pursues it onto the roof of the house with everyone watching. Edgar takes advantage of the distraction to go to the attic and continue the search for the will. Jacob slips on the roof and falls to his death. Edgar finds the original will hidden in the wall behind a painting of Tabitha. The cat itself then appears and, in his frantic efforts to kill it, Edgar wrecks the attic and is struck and killed by a falling beam. Tabitha leads the police to Ella's body. Ella's original will leaves everything to Elizabeth but she tells Michael that she never wants to see the house again and asks him to take her away. The house is sold and Tabitha watches from the courtyard as a new family -- husband, wife, daughter and grandfather -- move in. The grandfather complains that he'll probably die of boredom living there, while the husband and wife talk of convincing the old man to change his will."
wiki-19697,Summer Holiday,"The story concerns Don (Cliff Richard) and his friends (Hayes, Green and Bulloch) who are bus mechanics at the huge London Transport bus overhaul works in Aldenham, Hertfordshire. During a miserably wet British summer lunch break, Don arrives, having persuaded London Transport to lend him and his friends an AEC Regent III RT double-decker bus (and not a later AEC Routemaster as often quoted). This they convert into a holiday caravan, which they drive across continental Europe, intending to reach the South of France. However, their eventual destination is Athens, Greece. On the way, they are joined by a trio of young women (Stubbs, Hart and Daryl) and a runaway singer (Lauri Peters), who initially pretends to be male, pursued by her mother (Ryan) and agent (Murton). The movie was a box-office hit, thus repeating the success of Cliff Richard's earlier film The Young Ones (1961)."
wiki-19764,Catacombs,"A man who murders his wife is haunted by her, and eventually goes to his own death."
wiki-19806,After the Fox,"The story begins outside Cairo where Okra (Akim Tamiroff), using a bikini-clad accomplice (Maria Grazia Buccella) as a distraction, hijacks $3 million in gold bullion. The thieves need a way to smuggle the two tons of gold bars into Europe. There are only four master criminals considered capable of smuggling the gold but each is ruled out. A Frenchman is so crippled that he can barely move his wheelchair, an Irishman is so nearsighted that he is arrested after trying to hold up a police station instead of a bank, a German is so fat he can barely get through a door and an Italian, Aldo Vanucci (Peter Sellers), also known as The Fox, a master criminal with a talent for disguise, is in prison. Vanucci knows about the smuggling contract but is reluctant to accept it because he does not want to disgrace his mother and young sister, Gina (Britt Ekland). When his three sidekicks inform him that Gina has grown up and does not always come home after school, an enraged, over-protective Vanucci vows to escape. He succeeds by impersonating the prison doctor and convincing the guards that Vanucci has tied him up and escaped. The guards capture the doctor and bring him face to face with Vanucci, who flees with the aid of his gang. Vanucci returns home where his mother tells him that Gina is working on the Via Veneto. He takes this to mean that Gina is a prostitute. Disguised as a priest, Aldo sees Gina, who is provocatively dressed, flirting and kissing a fat, middle-aged man. Aldo attacks the man, but it turns out that Gina, who aspires to be a movie star, is merely acting in a low-budget film. Aldo’s actions cost her the job but he realizes that the smuggling contract will make his family’s life better. He makes contact with Okra and agrees to smuggle the gold into Italy for half of the take. Two policemen are constantly on Vanucci’s trail and he uses disguises and tricks to throw them off. After seeing a crowd mob the over-the-hill American matinee idol Tony Powell (Victor Mature), it strikes Vanucci that movie stars and film crews are idolized and have free rein in society. This idea forms the basis of his master plan. Vanucci poses as an Italian neo-realist director named Federico Fabrizi. He plans to bring the gold ashore in broad daylight as part of a scene in an avant-garde film. To give the picture an air of legitimacy, he cons the vain Tony Powell to star in the film, blatantly titled The Gold of Cairo, a play on The Gold of Naples, a film De Sica directed in 1954. Powell’s agent, Harry (Martin Balsam) is suspicious of Fabrizi but his client wants to do the film. Fabrizi enlists the starstruck population of Sevalio, a tiny fishing village, to unload the shipment. When the boat carrying the gold is delayed, Fabrizi must actually shoot other scenes for his faux film to keep up the ruse. The ship finally arrives and the townspeople unload the gold but Okra double-crosses Vanucci and using a movie smoke machine for cover, drives off with the gold. A slapstick car chase ensues, ending with Okra, Vanucci and the police crashing into each other. Vanucci, Tony Powell, Gina, Okra, and the villagers are accused of being co-conspirators and Vanucci’s ""film"" is shown as evidence in court. An Italian film critic leaps to his feet and proclaims the disjointed footage to be a masterpiece. Vanucci suffers a crisis of conscience and confesses his guilt in court, thereby vindicating the villagers but proclaiming that he will escape from prison once again. The final scene shows Vanucci escaping from prison by impersonating the prison doctor again. This time he ties the doctor up and walks out of the prison in his place. When he attempts to remove the fake beard that is part of his disguise, he discovers that the beard is real and realizes that the ""wrong man"" has escaped from prison."
wiki-19975,I Start Counting,"Wynne (Agutter), an adopted 14-year-old girl, has a crush on her 32-year-old stepbrother, George (Bryan Marshall). While spying on George in the bathroom, Wynne notices he has several scratches on his back, and finds a bloody jumper she made for him that he threw in the rubbish, which leads her to suspect him of being the serial killer of several local teenage girls, and who is still at large. Despite this belief, Wynne continues to have romantic sexual fantasies about George, and dreams of marrying him when she comes of legal age. Wynne hides in George's minibus, thinking she will catch him in the act of murdering a young girl, but instead she discovers he is having an affair with a suicidal older woman (Lana Morris), whose blood was on the discarded jumper after slashing her wrist in a suicide attempt. Wynne's best friend Corinne (Clare Sutcliffe) teases her about her crush on George, and when the family goes out on a picnic Corrinne even flirts with him; he gets angry at her for acting like a ""pathetic little mini-tart,"" and pins her down roughly on the ground. Corrinne runs away from the picnic, and later telephones Wynne to tell her she's staying out all night with a boy she met, who turns out to be the actual serial killer, a bus conductor (Simon Ward). Wynne gets worried about her friend, goes searching for her, and finds Corrinne's dead body. When the bus conductor sees Wynne, he intends to make her his next victim, but the police arrive on the scene in time. The theme song, also entitled ""I Start Counting"", was sung by Lindsey Moore."
wiki-20311,The Thirty Nine Steps,"In 1914, German spies are everywhere in London. After a spate of assassinations of important British politicians, a retired British intelligence officer, Colonel Scudder, realises his life and his mysterious black notebook are in danger. He turns to Richard Hannay, a mining engineer who is visiting Britain for a short time before returning to South Africa, who happens to be staying in a flat in the same building. Scudder tells Hannay of a plot by Prussian 'sleeper' agents, who are planning to pre-empt a war against the Triple Entente powers by assassinating a foreign minister of state visiting the UK. Hannay reluctantly gives Scudder shelter in his flat, despite his initial distrust of him. In the morning, Hannay leaves to purchase a train ticket to his family hometown, the village of Strathallan in Scotland, while Scudder remains at work on his notes in the flat. When the Prussian agents attempt to enter the flat, Scudder flees down the fire escape but he is spotted. Posting a package containing his secret notebook in a pillar box, Scudder flees to the St Pancras railway station, where he knows Hannay will be, to give him a second black book. At the railway station, just seconds before he can reach Hannay, Scudder is murdered by the agents. Hannay is mistaken by witnesses at the railway station as being the assailant. Hannay is arrested but is soon captured by the Prussians when transferred to jail. He then is allowed to escape from the Prussians in the hope that he can lead them to the secret notebook. Hannay manages to get Scudder's second notebook back at St Pancras, but this turns out to be a dummy, with only a three-word riddle in it that only Hannay could possibly understand to find his real book, which sends Hannay to Scotland. Hannay flees to Scotland on a train, but he is forced to make a daredevil escape on a bridge when police board. Hannay attempts to solve the mystery whilst on the run from the police, led by Chief Supt Lomas (Eric Porter), and the Prussian agents, led by Edmund Appleton, a Prussian sympathiser highly placed in the British government. With the aid of Alex Mackenzie and her fiance, David Hamilton, whom Hannay meets on the Scottish moors, claiming to be taking part in a wager, Scudder's book is found, the coded information partly deciphered and the true plans of the Prussian agents are revealed. The agents intend to murder the visiting Greek Prime Minister, leading to unrest in the Balkans and thus causing a world war, by planting a bomb in parliament. The ""Thirty Nine Steps"" refers to the number of stairs in the clock tower of Big Ben (from ""Lauderdale Door to the clock itself"") and Hannay realises that the bomb is to be set off by the clock at 11.45am. When he reaches the top of the clock tower, the agents have already planted the bomb and have locked the clock room. To give the Police more time, Hannay breaks the glass of the clock-face, climbs out onto the face of the clock and physically stops the clock hands just as the big hand moves just below the nine. By hanging from the big hand, Hannay manages to jam the clock at 11.44am long enough for the Police to break into the clock room where they kill the remaining spies and deactivate the bomb. The clock mechanism stops working and the clock's big hand falls into a vertical position, but Hannay hangs on and one of the officers saves him with a looped rope. Sir Edmund Appleton is convicted of treason and Hannay is declared a hero for helping Britain gain valuable time to prepare for the Great War."
wiki-20595,Four Weddings and a Funeral,"The film follows the adventures of a group of friends through the eyes of Charles, a good-natured but socially awkward man living in London, who becomes smitten with Carrie, an American whom Charles keeps meeting at four weddings and a funeral. The first wedding is in Somerset and is that of Angus and Laura, at which Charles is the best man. Charles and his single friends wonder whether they will ever get married. Charles meets Carrie and spends the night with her. Carrie pretends that, now they have slept together, they will have to get married, to which Charles endeavours to respond before realising she is joking. Carrie observes that they may have missed an opportunity and then returns to America. The second wedding is that of Bernard and Lydia, a couple who became romantically involved at the previous wedding. Charles encounters Carrie again, but she introduces him to her fiancé, Sir Hamish Banks, a wealthy politician. At the reception, Charles finds himself seated with several ex-girlfriends who relate embarrassing stories about his inability to be discreet and afterwards bumps into Henrietta, known among Charles' friends as ""Duckface"", with whom he had a particularly difficult relationship. Charles retreats to an empty hotel suite, seeing Carrie and Hamish leave in a taxicab, only to be trapped in a cupboard after the newlyweds stumble into the room to have sex. After Charles awkwardly exits the room, Henrietta confronts him about his habit of ""serial monogamy"", telling him he is afraid of letting anyone get too close to him. Charles then runs into Carrie, and they end up spending another night together. A month later, Charles receives an invitation to Carrie's wedding. While shopping for a present, he coincidentally encounters Carrie and ends up helping her select her wedding dress. Carrie lists her more than thirty sexual partners. Charles later awkwardly tries confessing his love to her and hinting that he would like to have a relationship with her, to no avail. The third wedding is that of Carrie and Hamish. Charles attends, depressed at the prospect of Carrie marrying Hamish. At the reception, Gareth instructs his friends to seek potential mates; Fiona's brother, Tom, stumbles through an attempt to connect with a woman until she reveals that she is the minister's wife, while Charles's flatmate, Scarlett, strikes up a conversation with an American named Chester. As Charles watches Carrie and Hamish dance, Fiona deduces his feelings about Carrie. When Charles asks why Fiona is not married, she confesses that she has loved Charles since they first met years earlier. Charles is appreciative and empathetic but does not requite her love. During the groom's toast, Gareth dies of a heart attack. At Gareth's funeral, his partner Matthew recites the poem ""Funeral Blues"" by W. H. Auden, commemorating his relationship with Gareth. Charles and Tom discuss whether hoping to find your ""one true love"" is just a futile effort and ponder that, while their clique have always viewed themselves as proud to be single, Gareth and Matthew were a ""married"" couple all the while. The fourth wedding is ten months later. Charles has decided to marry Henrietta. However, shortly before the ceremony, Carrie arrives, revealing to Charles that she and Hamish are separated. Charles has a crisis of confidence, which he reveals to his deaf brother David and Matthew. During the ceremony, when the vicar asks whether anyone knows a reason why the couple should not marry, David, who was reading the vicar's lips, asks Charles to translate for him, and says in sign language that he suspects the groom loves someone else. The vicar asks whether Charles does love someone else, and Charles replies, ""I do."" Henrietta punches Charles and the wedding is halted. Carrie visits Charles to apologise for attending the wedding. Charles confesses that, while standing at the altar, he realised that for the first time in his life he totally and utterly loved one person, ""and it wasn't the person standing next to me in the veil."" Charles makes a proposal of lifelong commitment without marriage to Carrie, who accepts. Henrietta marries an officer in the Grenadier Guards; David marries his girlfriend Serena; Scarlett marries Chester; Tom marries his distant cousin Deirdre (whom he met, for the second time in 25 years, at Charles's wedding); Matthew finds a new partner; Fiona marries Prince Charles; and Charles and Carrie have a young son."
wiki-20723,Parting Shots,"Harry Sterndale (Chris Rea) is told that he has cancer and only six weeks to live. The following day, he meets his self-centred estranged wife Lisa (Diana Rigg), but when he tries to tell her of his cancer diagnosis, she takes no notice and casually insults him. As Harry later looks through his photo album, he is reminded of the numerous people who have made his life a misery. Feeling he has nothing to lose, Harry decides to kill them. Harry meets bartender Freda Armstrong (Joanna Lumley) to illegally buy a pistol. The next day, he visits Lisa and shows her his diagnosis report; Lisa's continued lack of tact prompts Harry to shoot her. He is visited by Inspector Charles Bass (Gareth Hunt) and DC Ray (Nicholas Gecks) regarding her death, but neither of the two consider him suspicious. Harry decides to kill Gerd Layton (Bob Hoskins), his crooked former financial advisor who lost Harry and Lisa's money. He visits Layton's house and meets the house maid Jill Saunders (Felicity Kendal). Harry drowns Layton in his swimming pool; Jill catches him in the act, but is content with the murder, she herself being one of many to have suffered due to Layton. After sharing an intimate evening with Jill, Harry decides to leave her the money from his life insurance. John informs him that Jill will inherit more money if Harry dies violently. Harry takes Jill to a restaurant, where they are treated poorly by the staff. After expressing distaste for their food, they are viciously confronted and thrown out by owner Renzo Locatelli (Ben Kingsley). Harry later returns to the restaurant and shoots Renzo. Bass and Ray discover that the same gun was used to kill both Lisa and Renzo; Harry's house is raided by the police, where they also learn of Harry's connection with Layton. Meanwhile, Harry hires hitman Jamie Campbell-Stewart (Oliver Reed) to kill him. When Harry returns home he is confronted by the police, but he points out they have no actual evidence and forces them out. Bass orders a 24-hour watch on Harry's house, but Harry leaves before they can catch him. Harry and Jill encounter Graham Cleverley (Patrick Ryecart), an old school bully of Harry's, who drunkenly disturbs them throughout the night, prompting Harry to shoot him the following day. Harry next decides to kill Maurice Walpole (John Cleese); his former business partner who stole his ideas when they tried to go into advertising. Over night, he attaches a petrol covered rope to Maurice's car, and as Maurice drives to work the next morning, Harry sets it alight, blowing up the car with Maurice in it. Harry phones Jamie to meet for the killing, but later suffers stomach pains, prompting Jill to call an ambulance. Both Ray and Jamie arrive at the hotel where Harry and Jill are staying just as Harry is taken away by the medics. It later turns out Harry has been misdiagnosed; he actually had a stomach ulcer. Jamie, who had followed the ambulance from the hotel, sneaks into the hospital to kill Harry, but accidentally shoots Ray in the arm. Harry and Jill escape back to the hotel whilst Bass unsuccessfully pursues Jamie. Jamie arrives at the hotel to shoot Harry in the midst of an campaign targeted against a foreign dictator, President Zlomov (Brian Poyser), who is staying at the hotel. Jamie accidentally shoots and kills Zlomov. With the killing having happened amongst a large audience, Jamie realises that he has no chance of avoiding prison, and takes the blame for Harry's murders as well as his own. Harry and Jill get married and visit Jamie - who has received widespread praise for his killing of Zlomov - in prison. While there, they agree to kill a man whom Jamie had never got around to killing himself."
wiki-20762,Relative Values,"There is unrest in the upper class Marshwood house as Nigel (Edward Atterton), the Earl of Marshwood, is engaged to a film actress, Miranda Frayle. However, many disapprove because this would mean Nigel would be marrying below his class. When Nigel brings Miranda home to the Marshwood estate to meet his family, Lady Marshwood's (Julie Andrews) maid Moxie (Sophie Thompson) reveals that Miranda is her sister; they devise a charade so that Moxie may meet her sister as an equal. However, when Miranda lies about her past (stating she's a cockney and that Moxie was a drunk and is now dead), Moxie finds it harder and harder to hide her identity. Meanwhile, Miranda's ex-boyfriend and fellow film star Don Lucas (William Baldwin) arrives, wanting Miranda back."
wiki-20797,All or Nothing,"The film begins with a day nearing end. Rachel, the daughter in the first family, is shown working in a nursing home. Phil, her father, is shown driving people around in his minicab. Penny, Rachel's mother, is shown working as a cashier at Safeway store alongside Maureen, the mother in the second family. When Penny leaves work, she cycles home to find her eighteen-year-old son Rory in a fight with a local boy for taking his football. Rory is a lazy, obese, ill-mannered teenager who stays home all day and doesn't work. Complications with Rory's obesity arise when after an altercation with a gang of youths playing ""Piggy in the Middle"", he ultimately runs out of breath, begins to hyperventilate and is hospitalised after suffering a heart attack. The second family consists of Maureen, another cashier at Safeway, and her daughter Donna, a waitress at a cafe. A brief storyline involves a dispute with Donna's boyfriend, Jason. Donna finds herself pregnant, despite being on the pill, and this leads to a heated argument among the three characters. The third family consists of Ron, who is a minicab driver along with Phil, his unemployed teenage daughter Samantha, and his wife Carol, an unemployed alcoholic who is always shown intoxicated. The film does not have one single storyline, but several. All are leading up to the climax, when Rory suffers a heart attack, leading to a relationship crisis in the first family."
wiki-20848,Churchill: The Hollywood Years,"In this parody, the British court and war government consist mainly of idiots and traitors. Adolf Hitler moves into Buckingham Palace and plans to marry into the Windsors. A U.S. Army officer claims the iconic cigar-smoking PM was an actor named Roy Bubbles; however, he was actually USMC lieutenant Winston Churchill who had stolen an enigma code machine and then almost single-handedly won a very alternative battle for Britain."
wiki-20898,The Piano Tuner of Earthquakes,"A 19th-century opera singer is murdered on-stage shortly before her forthcoming wedding. Soon after being slain by the nefarious Dr. Emmanuel Droz during a live performance, Malvina van Stille is spirited away to the inventor's remote villa to be reanimated and forced to play the lead in a grim production staged to recreate her abduction. As the time for the performance draws near, piano tuner of earthquakes Felisberto sets out to activate the seven essential automata who dot the dreaded doctor's landscape and make sure all the essential elements are in place. Once again instilled with life after her brief stay in the afterworld, amnesiac Malvina is soon drawn to the mysterious Felisberto as a result of his uncanny resemblance to her one-time fiancé Adolfo."
wiki-20912,Antonio's Breakfast,"Antonio, a young black teenager, is woken by his father's (George Irving) rasping breaths. It soon becomes clear that the young Antonio is his paralyzed father's primary care giver. As Antonio's friends arrive Antonio is forced to choose between a life lived for his father or one in which he makes his own way. His ultimate decision is one laced with uncertainty and guilt."
wiki-21479,The Mirror,"Flatmates Jemma (Jemma Dallender), Matt (Joshua Dickinson), and Steve (Nate Fallows) have decided to purchase a haunted mirror off of eBay in the hopes of winning the James Randi Foundation’s Paranormal Challenge.[5] If they can show proof of supernatural or paranormal activity that can hold up under scientific testing, they will win a million dollars. After receiving the mirror, the trio sets up cameras to record any and all events that occur around the mirror, only to find that this may prove fatal."
wiki-21488,Monsters: Dark Continent,"Ten years after the events of the previous film, four closely knit friends from Detroit—Michael, Frankie, Inkelaar and new father Williams—are U.S. Army soldiers deployed to the Middle East for their first tour as they must deal with the monsters and a new insurgency on the rise. They meet their team leaders, Forrest and Frater. Frater, who has already gone through nine tours, has become estranged from his wife and daughter, who he says is afraid of him. On their first mission, they investigate a farm house and interrogate the owner. During the encounter, one of the gigantic monsters approaches the group and they are forced to gun it down. Three months into their tour, the team receives a search and rescue mission for four soldiers who have gone missing along a particularly active area. During a drive, the team's convoy hits a hidden IED which disables both vehicles, killing Forrest and two of their team. Williams, disoriented by the explosion, wanders onto another IED, which detonates, blowing his legs off. The group is then set under fire by insurgents. Rushing Williams to safety, Inkelaar is unable to stabilise Williams, who dies shortly after. Forced to abandon his body, the four remaining escape on foot. After finding another shelter and while recovering from what has happened, Inkelaar is killed by a sniper while Frankie is wounded before a group of insurgents surrounds them. Frater leads the others into surrendering. After being captured, Michael and Frater are bound and forced to watch as Frankie bleeds to death in front of them. That night, Frater uses the distraction of an approaching monster to disarm and kill one of their guards, and the two of them escape on motorcycles, determined to finish their mission. After the bikes run out of gas, they continue eastward until they encounter a destroyed school bus. As Frater searches for water, Michael encounters a boy still alive. They briefly debate euthanising him until they are rescued by locals, who feed them and give them water in gratitude for saving the boy's life. Michael wanders off with one of the women, and they witness one of the monsters spreading luminescent spores through the night time desert around them, while Frater visits the boy who succumbs to his injuries. Frustrated at their failure to save the boy, Frater angrily reminds Michael of their mission, and the two continue east toward a settlement their men would have gone to. However, they discover there that the soldiers they were meant to rescue had all been killed prior to their arrival. Now enraged by the futility of their mission and the lives lost, Frater snaps and kills one of the villagers. Michael is forced to shoot him to keep him from killing the rest of the family. Violent tremors prompt Frater to wander out of the village as Michael follows him to their extraction point. As an enormous monster emerges from the sands in front of them, Frater collapses and dies from his injury. The evac helicopter comes in and picks up Michael, who looks on in silence as the screen cuts to black."
wiki-21958,Kitchen Party,"In the bored suburban atmosphere of a Canadian city, Scott (Scott Speedman) decides to throw a celebratory get-together with friends in his parents' home. Unfortunately, there's a catch: Scott's parents happen to be particularly anal about the direction the carpet fibers lay and the distance from doily to table-edge. This means that the only part of the house that is safe, that is, the only part of the house with no carpeting and therefore no potential mess, is the tiled kitchen. The festivities begin once the parents go off to a party of their own, leaving Scott and his buddy, Wayne (Tygh Runyan), with a house that would be entirely empty but for Scott's mysterious brother lurking in the basement. Soon the girls are arriving, including Scott's girlfriend, Tammy (Laura Harris) — whom he plans on bedding before the night is over — and alcohol, drugs, music, more people, and everything else that characterizes a stereotypical house party follows. This includes calamity, as Scott quickly discovers just how much can go wrong in one night of kitchen partying."
wiki-22373,A Christmas Horror Story,"Dangerous Dan (William Shatner) is an alcoholic radio DJ stuck pulling a long shift at the Bailey Downs radio station during Christmas. During his broadcast, a series of four stories are witnessed: Dylan (Shannon Kook), Ben (Alex Ozerov), and Molly Simon (Zoé De Grand Maison) have decided to break into their school, which used to be a convent, in order to investigate the murders of two students, one of whom was Dan’s grandson, that occurred in the school's basement the year prior. Their friend, Caprice (Amy Forsyth), was supposed to go, but she instead has to go with her parents out of town. The three of them end up getting locked in the basement. Molly becomes possessed after witnessing a bloody ghost and tries to seduce the others. When Dylan refuses her, Molly kills him. Ben agrees to have sex and after the act is finished, the ghost leaves Molly's body. Upon waking Molly, reveals that the ghost is actually a pregnant teenager who died back when the school was a convent after the convent's nuns gave her a gruesome surgery to remove the baby. The ghost is only interested in having someone give birth to her child and if someone refuses, they're murdered – explaining last year's deaths. Despite impregnating Molly, the ghost sees Ben holding a weapon which the ghost views a threat, and the ghost kills him. The ghost then unlocks the door and allows Molly to leave. Scott Peters (Adrian Holmes) is a police officer, but this doesn't stop him from going into woods owned by ""Big Earl"" (Alan C. Peterson) with his family to illegally chop down a Christmas tree for his family. During the trek, Scott's son Will (Orion John) wanders off and is lost. He and his wife Kim (Oluniké Adeliyi) manage to find Will inside of a tree and are overjoyed to find him. This joy is short lived after Will begins to act strangely, culminating in Big Earl contacting the family to warn them that Will is actually a changeling. After the changeling kills Scott, Kim brings the changeling to Big Earl, who states that he's unable to help her find her son because it is up to the changelings. This ultimately ends with Kim shooting Big Earl, who was containing the changelings in the grove. Finally free, the changeling returns to his home and frees Will. Caprice and her younger brother Duncan (Percy Hynes White) are traveling with their parents Taylor (Jeff Clark) and Diane (Michelle Nolden) in order to visit their elderly Aunt Etta (Corrine Conley). During their visit, Etta tells them about the mythological creature Krampus (Rob Archer), which frightens Caprice – especially after Duncan purposely misbehaves in an attempt to irritate Etta's caretaker, Gerhardt (Julian Richings). Their parents decide to take the children home at Etta's insistence but on the way the family ends up getting into a car accident, making it necessary for them to walk. Aware that they were being hunted by Krampus because they acted badly, the family members take refuge in a church where they confessed their sins in belief that Krampus will leave them if they do so. However, they are picked off one by one until only Caprice remains. Caprice manages to flee to Great-Aunt Etta's house. She is successful in killing Krampus who transforms into Gerhardt. It's revealed that he transformed into Krampus due to his anger over the family's actions and that Etta was fully aware that this would happen. Furious, Caprice's anger causes her to transform into Krampus and she attacks Etta. While preparing for a busy Christmas, Santa Claus (George Buza) discovers that all of his elves and his wife have turned into zombies after one of the infected elves dies following a fit of rage. He manages to kill them all, but is then forced to fight against Krampus. However, during the battle, it's revealed that ""Santa"" is actually a Mall Santa named Norman (who was the weather forecaster on Dangerous Dan's radio show) that had a psychotic break while working overtime that caused him to see regular mall goers as zombies during the Christmas Food Drive. The police arrive and manage to gun him down just as he's about to kill ""Krampus"", revealed to be the mall's manager, Mr. Taylor. This is the disturbance at the mall that Dangerous Dan has been mentioning through his broadcast."
wiki-22474,The Road Home,"The Road Home is the story of a country girl and a young teacher falling in love, and the teacher's death many years later that brings their son back from the big city for the funeral. The film begins in black and white in present-day China when the son (Sun Honglei) returns to his village from the city upon hearing of his father's death. His mother, Zhao Di (Zhao Yulian), insists upon following the tradition of carrying the coffin back to their remote village by foot so that her husband's spirit will remember its way home. As the narrator, the son recounts the story of his parents' courtship, so famous that it has gained the status of a legend in the village. It is here the bleak black and white turns into vivid colors as the story shifts to the past. His father, Luo Changyu (Zheng Hao), came to the village as the teacher. Immediately, Zhao Di (Zhang Ziyi) became infatuated with him and he with her. Thus began a courtship which consisted mostly of the exchange of looks and glances between the two. Unfortunately, the courtship was interrupted when Luo was summoned by the government to return to the city. (Several reviewers have speculated that the flashback portion of the film is set during the Anti-Rightist Campaign and that Luo's recall was for investigation and questioning.[2][3][4]) Zhao Di's heart was broken; she insisted on waiting for him in the snow and fell so ill that the villagers thought she would die. However, upon hearing news of her illness, the teacher was able to sneak back to the village and Zhao Di, in tears, welcomed the sight of her beloved. Still, their love would not be consummated for a few years more because the teacher was kept away from the village as punishment for having left his assignment in the city without permission. Returning to the present day, and black and white, the son realizes how important this ritual of carrying the coffin back to village is to his mother, Zhao Di, and he agrees to make all necessary arrangements to fulfill her wish. He is told by the mayor of the village that it might be difficult to find enough porters to carry the father home, as there are few young able men left in the village. The mayor and the son reach an agreement on the price to be paid to the porters. But when the procession sets out, more than 100 people show up to help carry home the casket of the man who was their teacher through various generations in the village. The mayor returns the money to the son, as no one will accept payment for doing what they consider to be an honor rather than a task. On the morning of the day the son leaves to return to his job in the city, he fulfills his father's dream and teaches a class in the old schoolhouse that was central to his parents having fallen in love, using the textbook his father had written himself."
wiki-22555,The Tokyo Trial,"This film was directed by Gao Qunshu and is about the International Military Tribunal for the Far East after Japan's surrender in World War II. The movie presents the trial from the point of view of the Chinese judge Mei Ju-ao. The director and his crew spent more than a year doing research to finish the script, which is based on historical data. It cost 18 million yuan (2.25 million U.S. dollars). This film hired actors from 11 countries, including mainland China, Hong Kong, Japan and other places, including actors such as Kenneth Tsang and Damian Lau. They recreated court scenes from the trial in Chinese, English and Japanese. It was shown in cinemas and around 100 universities across mainland China to mark the 75th anniversary of the start of Japan's invasion of China."
wiki-22612,Last Kung Fu Monk,"As a child, young Li Long get separated from his brother. Later he get abandoned in the forest where a shaolin monk save him and let him become a shaolin. Years goes by and Li Long receive information of his brothers whereabouts. When Li Long discover his brother has died in a car crash with his wife, and he now has a nephew that is all alone in New York, he choose to abandon his life as a monk and move to United States of America. Once in America he befriended the social worker Sarah who has taken care of his Nephew Michael. He also meet Dave, who is an admire of shaolin, and help Li Long to open a Kung Fu School. But what Li Long doesn't know is a Russian Mafia leader by the name Oleg has borrowed money to Dave and wants the money back. But after Li Long interrupted a match in his fight club, Oleg has given the monk two choices, one is fight for him in the club or he kidnap his student Mei. No longer a peaceful monk but a fighter of the most dark and brutal combat ever seen."
wiki-22617,Ocean Heaven,"Ocean Heaven is about a terminally ill father, Sam Wong/Wang Xincheng (Jet Li) as he works his job in an aquarium and struggles to look after his 21-year-old son Dafu/David, who has autism (Wen Zhang). Sam has single-handedly brought up his son since his wife died in a swimming accident 14 years ago and looks after him day and night. Upon discovering Sam has less than five months to live, he multiplies his efforts to help Dafu learn basic tasks in order to care for himself, as well as searching for a home for him, before he passes away. As the story progresses, the growing relationship between father and son, as well as the community around them, become clearer. Ling ling (Gwei Lun-mei) plays the role of a clown who is part of a small traveling circus (they perform in the aquarium for a short period of time) and who gets on well with Dafu, leading to a close friendship between them. Though Dafu struggles to learn many basic tasks, Sam perseveres in teaching his son the tasks that he will need to know how to perform himself once his father dies. Though Sam never gave up teaching and explaining things to Dafu in a positive and supportive and memorable manner, he did contemplate ending his and Dafu's existence together rather than leave his child to suffer without him. Sam, at this point had yet to tell anyone how far his health had deteriorated, until one day while returning from their hometown, his neighbor tells Sam his doctor came from the city with bags of free medicine and waited two hours for him. Meanwhile, Principal Liu, of the boarding school for mentally challenged children that Dafu attended as a child, recommends Dafu to a newly opened institution where he can stay after his father dies. Dafu continues learning, though Sam must move into the institution with him to help him adjust. Ling Ling, knowing that she is about to have to leave with her circus, teaches Dafu to pick up the phone in the aquarium when he hears it, and she will talk to him. Ling Ling leaves with her circus. Sam, for the first time in the movie, swims in the aquarium with his son, dressed in a sea turtle costume he made by hand, telling his son not to be afraid when he is gone; he will be like the turtles in the aquarium, always swimming close by with him. He almost drowns but is helped from water by Mr. Tang and while they chat, Sam reveals his wife's death might not have been an accident as she was a very good swimmer and they had recently found out Dafu is autistic. Sam doesn't blame her for not being able to handle their son's circumstances. There was only one instance in which Sam loses his composure with Dafu, while he is nearing the end, and still working and trying to teach his son how to do his job, Dafu is distracted and Sam yells at him. Less than a moment later and Sam is already mending fences and reassuring his son. Sam eventually dies, and his funeral is attended by close friends and family. Dafu waves good bye to the sky/Sam, as it seems he has learned people live there, something Ling Ling explained to him earlier when she spoke of her grandmother with him before she left town. After the funeral, Dafu is seen doing some of the things that his father struggled so much to teach him with success. He cooks by himself, knows how to ride the bus, and picks up the phone when Ling Ling calls, and working at the ocean park, a place Mr. has opened the doors for Dafu at any time of the day. It is implied that from then on, Dafu will know how to lead his life on his own, though he still has Sam's old friends helping him along the way."
wiki-22865,Extraordinary Mission,"The film tells the story of an undercover police officer, Lin Kai (Huang Xuan), who accepts an assignment to take down a drug trafficking syndicate from the inside. His mission takes him to the Golden Triangle, where a heroin grower has been holding a police officer prisoner for ten years."
wiki-23208,City on Fire,"The undercover cop Chan Kam-wah (who was investigating a group of jewelry thieves) blows his cover and is stabbed to death by three attackers on a public marketplace. His superior inspector Lau orders Ko Chow, another undercover policeman, to resume the investigations. Ko Chow only accepts reluctantly. He would prefer not to perform another undercover assignment, since he had to arrest someone during his last mission who had trusted him as a friend. The robbers are holding up a jewellery factory, but someone manages to alarm the police. After a firefight with the approaching policemen the gang has a narrow escape. The police commissioner sets up dedicated task force to investigate the gang under the leadership of the young inspector John Chan. A strong rivalry develops between Lau and Chan; Chan considers Lau old-fashioned and out of his depth, while Lau considers Chan inexperienced and arrogant. To reach out to the gang, Chow offers the gang weapons for sale through the middle man Tai Song. During a first meeting with gang member Fu they are tailed by members of the Criminal Investigation Division under the command of Chan (who is unaware that Chow is an undercover policeman). After the funeral of Kam-wah Chow meets with Lau who hands him a key to a locker in a bowling alley where the weapons will be stashed. Chow advises against handing out real guns, but Lau insists to not to lose track of the gang. He argues they would get guns on the black market anyway. Chow meets with his girlfriend Hung, who he made a marriage proposal shortly before. The appointment in the register office is in two days at 10pm. When Chow asks her to postpone the marriage until his case is closed, she leaves the room hysterically. Prior to the handover of the guns Chow tapes a recorder around his waists. He meets with three of the gang members. Chow is patted down, but manages to distract them from the tape recorder. Fu is satisfied with the provided gun and instructs Chow to meet him again in two days at noon to buy additional guns and ammunition. The next day Chow meets with Lau and asks him for additional weapons. Lau needs time to get them, but assures to deposit them by 10am tomorrow (i.e. two hours before the arranged handover to Fu) in the bowling alley. Meanwhile Hung packs her bags to take a flight to Canada with Tso, an older business man who had offered before to leave his wife for her. When Chow learns about that on the telephone, he asks her to marry him immediately to change her mind. Hung tells him to prove he's sincere by showing up at the register office at 10am the next day. The following day she waits there in vain with her friend Rose. On his way to the bowling alley Chow is tailed by policemen. When he realises (and since having the guns in a felony) he calls Lau. Lau tells him that the policemen are from Chan's department and orders him to proceed while he would sort out the situation with Chan. When talking to Chan he mentions Chow as an informer, but keeps his status as an undercover cop a secret. Chan refuses Lau's request to let go of Chow and asks him to leave his office. Now on his own Chow shakes off his pursuers at an MTR station by boarding a departing metro car. While getting the bag with the guns, he notices Fu at the bowling alley. As he leaves the building, the police arrives. Chow manages to escape by jumping from a window and is picked up at street level by Fu who's approaching in a car. They drive to the gang's hideout since their leader wants to meet Chow. He offers Chow to participate in an upcoming big holdup. Fu drives Chow to the airport where he meets Hung, who's about to board a plane to Canada with Tso. Chow tries to change her mind, but is arrested by the police for selling weapons (while Hung board the plane). At the police station, Chow is beat up and tortured by Chan's men to learn about the buyer of the weapons. When Lau enters the room, he threatens Chan with a gun. Their superior enters the room, orders to release Chow and calls Chan and Lau into his office. Lau admits to have given Chow the weapons for the weapons deal, but keeps quiet about Chow being an undercover cop. Since illegal possession of a firearm is an offense which would only result in minor sentences, Chan proposes that Chow participates in the holdup to catch the robbers red-handed. Lau considers that too much of a risk, but ultimately the police chief orders Chows participation in the planned robbery. There are four possible jewelry stores the gang might rob, all have weak security measures, valuable merchandise and are located at busy roads. After the robbery, the gang plans to drive to a hideout in the harbour area where a boat is about to pick them up the following day. The police is unaware of the targeted store, but plans to hold a SWAT team ready. On the eve of the robbery the gang leader orders them to gather at a flat. For security reasons they need to spend the remaining time before the holdout together and hand out their pagers. Chow writes the address of the hideout on a piece of paper, but is unable to pass this to his police colleagues, so it ends up in his wallet. Chow and Fu share a room and talk about their history and future plans: Fu is illiterate, his father was also a thief who got killed by the police - while robbing a police station - ten years ago. His wife left him and he never saw his son again. Chow tells him that his wife also left him and both men become increasingly close. In the night Chow reads a letter from Hung who tells him that she didn't go to Canada with Tso, but is waiting for him in Hawaii. The next morning the police leadership orders the SWAT team out of standby since they don't expect the robbery to happen soon any longer. This is a misjudgment, the gang leader calls his men together, distributes the guns and names the Tai Kong jewelry store as their target. Since the SWAT team was called off, the store only guarded by two policemen in a patrol car. The holdup starts when four of the robbers enter the store, draw their guns and request the jewelry. Fu and Chow wait at the entrance door to keep an eye on the street while the gang leader waits in a getaway car. When Fu folds up his coat collar, Chow realises that it was Fu who eye witnesses described as the murderer of Kam-Wah. When the store alarm is triggered, Joe (one of the robbers) shoots a saleswoman. While they are trying to escape to their cars, the two policeman guarding the store are firing at them, wounding gang member Bill. One of the getaway cars is stopped by the police. Fu, Chow, Joe and Big Song need to leave Bill behind and are getting under heavy fire. Joe is killed by a police while Big Song tries to hot-wire another getaway car. In an audacious maneuver Fu confronts an approaching police car and kills the four policemen inside, during which he gets shot into the shoulder. Chow saves Fu's life by killing the policeman who shot at Fu. When he realises what he did he freezes whereupon Fu saves his life by pulling him out of the line of fire. Fu, Chow, Big Song and Bony (the fourth surviving gang member) escape with the stolen car to the hideout at the harbour, where they meet the gang leader who was already awaiting them. At the scene of the firefight Chows wallet is found, which directs the police to the position of the gang. The leader suspects a traitor among the gang since despite careful planning the police arrived quickly at the crime scene. He incriminates Chow since he only recently joined their ranks. Big Song and Fu defend Chow and a Mexican standoff emerges. Fu in particular defends Chow since he saved his life and threatens to shoot anyone who touches Chow. The police arrives and surrounds the hideout with dozens of men and the SWAT team. When Chan requests the men to surrender, Big Song shoots at the police. They massively open fire and kill him. Bony tries to surrender and is shot by the gang leader for cowardice. When the boss also tries to shoot Chow and Fu, they kill him instead. Chow is wounded by a police bullet and his injuries are too severe to escape. He confesses to Fu that he's a cop and asks for a quick death. Fu initially can't believe his betrayal, but is unable to kill Chow. While the SWAT team storms the hideout and arrests Fu, Chow dies next to him. Lau is furious about his death and smashes a brick at Chan's head (who's already boasting to a superior about his success) and storms off."
wiki-23561,Seven Swords,"In the mid-17th century, the Manchus conquer the territories of the former Ming Empire and establish the Qing Empire. While nationalistic sentiments start brewing within the wulin (martial artists' community), the Qing government immediately imposes a ban forbidding the common people from practising martial arts. The warlord Fire-Wind sees the new law as an opportunity to make a fortune so he offers to help the government execute the new rule. Greedy, cruel and immoral, Fire-Wind ravages northwest China with his army and kills thousands of resistance fighters and innocent civilians. His next goal is to attack Martial Village, which houses a large number of martial artists. Fu Qingzhu, a retired executioner, feels an urge to stop Fire-Wind so he sets forth to save Martial Village. He brings with him two young villagers, Han Zhibang and Wu Yuanying, to Mount Heaven to seek help from Master Shadow-Glow, a reclusive swordsman and sword-forger. Shadow-Glow allows his four students – Chu Zhaonan, Yang Yuncong, Xin Longzi and Mulang – to accompany the trio on their quest. He also gives each of them a special sword he forged. The seven of them call themselves ""Seven Swords"". The Seven Swords return to Martial Village in the nick of time and successfully defeat and drive away Fire-Wind's soldiers. In order to buy time for the villagers to prepare for an evacuation, the Seven Swords head to Fire-Wind's base and cause damage by burning down their barn and poisoning their horses. During the raid, Chu Zhaonan encounters Fire-Wind's Korean slave girl, Green Pearl, and brings her along as they make their escape. As the villagers evacuate Martial Village and make their way into the hills, strange things start happening along the way. Their food and water supplies are poisoned and their trail is marked by signs leading the enemy to them. The Seven Swords realise there is a spy among them and agree they must eliminate him/her before Fire-Wind catches up. Green Pearl immediately becomes the suspect because she does not speak their language. The situation is further complicated by a romantic affair between Chu Zhaonan and Green Pearl. At one point, Green Pearl and Chu fall into a trap set by Fire-Wind. Chu uses his sword to free Green Pearl from a net cast by Fire-Wind's men but loses his weapon. While Chu is captured by the enemy, Green Pearl manages to escape and convey her message that Chu has been captured to the other swordsmen before succumbing to her injuries. The other six swordsmen travel to Fire-Wind's base and engage him in battle to rescue Chu Zhaonan. During the Seven Swords' absence, the spy, Qiu Dongluo, sets fire to the entrance to the cave to inform the enemy of the villagers' whereabouts. He reveals his identity and begins killing the unsuspecting villagers systematically. He is discovered by the village chief's daughter, Liu Yufang, who eventually kills him by accident. However, she is so traumatised by the experience that she becomes hysterical. Meanwhile, the Seven Swords defeat and slay Fire-Wind, and forces his army to retreat temporarily. The swordsmen return to the hideout, only to find that all the villagers have been killed, except for Liu Yufang and the children. Han Zhibang calms Liu down and decides to stay behind and protect the survivors. The Seven Swords realise the only way to save the wulin is to persuade the Qing emperor to withdraw the ban on martial arts. Liu tells Han that she can take care of the survivors alone so Han rushes to catch up with the other swordsmen as they travel towards the capital."
wiki-23626,Shinjuku Incident,"In the early 1990s, a tractor mechanic nicknamed Steelhead (Jackie Chan) illegally enters Japan from China in search of his fiancée, Xiu-Xiu (Xu Jinglei) with the help of his ""brother"" Jie (Daniel Wu). Jie has taught Steelhead how to make a living by teaching him the trades of the underworld. One day, while illegally working as part of a clean-up crew in the sewers, Steelhead and his Chinese comrades are spotted by the police. Unwilling to get caught, Steelhead and the others run for their lives. In the ensuing turn of events, Steelhead saves Detective Kitano from drowning, and in gratitude, Kitano decides to stop pursuing Steelhead. One night, while working in a restaurant with Jie, Steelhead finds Xiu-Xiu with Yakuza leader Eguchi (Masaya Kato). Saddened by seeing his fiancée with another man, he spends the night with Jie drinking and partying with hookers. Once sober, Steelhead decides to become a legal citizen of Japan by any means possible. Steelhead and his Chinese friends then go on an aggressive money laundering operation, but leave Jie out of it due to his kind hearted nature. Unfortunately, Taiwanese triad leader Gao (Jack Kao) discovers one of his pachinko machines has been tampered with (fixed by Steelhead's group) and vows to punish the culprit. Jie gets caught playing the violence tampered pachinko machine and is taken to a dark alleyway where Gao slices Jie's face and cuts off his right hand while trying to get information. Upon learning that Jie is held by the Taiwanese gang, Steelhead and the rest of their group go and collect Jie. Full of anger and pity for Jie's fate, Steelhead sneaks inside Gao's establishment and hides to take revenge, but instead learns of the plot between the Togawa group (rival ""allies"") and Gao to kill Eguchi. Eguchi, unaware of the plot, arrives at Gao's. Just as Gao is about to kill Eguchi, Steelhead saves him by chopping off Gao's arm with his machete and the two run for their lives. They successfully escape their pursuers and Steelhead is welcomed to the Eguchi estate to recover. Steelhead has the chance to catch up with Xiu-Xiu as Eguchi gives them a moment to speak to each other. Steelhead learns that Eguchi and Xiu-Xiu have a little girl, Ayako. Xiu-Xiu tells him that her name is now Yuko and that she is happy with her new life. Eguchi returns and offers Steelhead a high paying job, which he refuses. Later, Eguchi tries unsuccessfully to expose Togawa for the attempted assassination, but their boss makes Eguchi apologize for the accusations instead. Eguchi then asks Steelhead to be a hitman. Steelhead agrees, under two conditions: he'll take control of Gao's territories and legally become a citizen of Japan. Steelhead kills all of his targets, which results in a gang war within the Yakuza ranks; Steelhead and Eguchi get what they wanted. Eguchi is promoted after Togawa and Steelhead become a vassal under Eguchi with Gao's territories. Steelhead does everything to make a better life for his Chinese brothers, but has no interest in the daily operations of Yakuza activity. He leaves all the daily operations to his brothers as he starts a successful tractor business. Sometime later, Detective Kitano meets with Steelhead and warns him that all of his brothers have become corrupted. Kitano tells Steelhead that he would be arrested along with his friends, with him charged as the head conspirator. Steelhead makes a deal with Kitano: Steelhead would find evidence to have Eguchi arrested in exchange for his comrades' freedom. That fateful night, Steelhead and Kitano return to the vassal HQ to warn his comrades about their impending arrest if they don't stop their operation and is met with furious opposition. His brothers violently refuse to give up their rich lives they made with the Yakuza. Eguchi arrives just as Steelhead is stabbed by one of his ""brothers"". Meanwhile, the Yakuza can't tolerate Eguchi's leadership anymore. Gao, Nakajima (Eguchi's former subordinate), and Togawa's son agree to take Eguchi down the same night. Waves of Yakuza storm into the building and proceed to kill everyone, leaving only Eguchi, Steelhead, and Kitano to survive the onslaught. Mortally wounded, Eguchi gives Steelhead a flash drive that contains data on the Yakuza operations. As Kitano and Steelhead escape out of the building, the police arrive and arrest the Yakuza. Steelhead calls Yuko to meet in Okubo station, along with Ayako, but Togawa has already taken Ayako hostage and forces Yuko to tell him where Steelhead is headed. Nakajima intercepts Steelhead; the police arrive in time and exchange gunfire with Nakajima and his men. Nakajima shoots Steelhead, but is then gunned down by Kitano. Steelhead, still alive, flees into the sewers. Kitano follows and finds him being swept away by sewage currents and tries to pull him out, but Steelhead tells him it is useless and Kitano does not know how to swim. Steelhead gives the flash drive to Kitano before the current sweeps his body away, calling his debt to Kitano repaid while remembering how happy it was when he was with his comrades in simpler times."
wiki-23886,Sringkhal,"The plot is based against a rural backdrop. Dayaram (Badal Das), an old man, in the hope to see a family flowering, had allowed Nilakanta (Saurav Hazarika) to settle down. Kalidas (Adil Hussain), a friend of Nilakanta, who had fallen for Ambika (Jaya Seal Ghosh) had informed Nilakanta that cupid had indeed struck. When Nilakanta informs Kalidas that he will soon be marrying Ambika, the gentleman in Kalidas ensures that he does not complicate matters and moves away on business. But after her husband passes away, Ambika, struggles for survival and brings up her children and an infant doing the odd menial work in the village. Once, on her way back home, she captures timid four pigeons which make Ambika shed some of her timidity. Kalidas returns after long years to frequently spend long hours in Dayaram’s courtyard. Dayaram dreams that Ambika hunger ends soon. He wants to play cupid this time. Ambika too is aware of Dayaram’s intentions. One day when Kalidas asks ""Were you aware that my mother had gone over to your place to scout for you as my bride?"" Ambika is dumb struck. Dayaram weaves Ambika baskets to take the pigeons to the market. He ensures Kalidas accompanies her. Dusk falls. The pigeons remain unsold. Ambika does not disagree to Kalidas’s proposal to buy the pigeons for a meal in her household. The flickers of the market lamps light up her face."
wiki-24061,Aami Adu,"It is the early 2000s; George W. Bush is the President of the United States and Saddam Hussein is the President of Iraq. Meanwhile, Aadu, a young poor Hindu girl living in a village in Murshidabad, India, falls in love with Suleman, a Muslim garment supplier who lives in the nearby village of Amodiya. Suleman dreams of learning English and becoming a fluent speaker, so he can go overseas and find a job. Though Aadu and Suelman follow different religions, their families allow them to marry, and the marriage goes off smoothly.[1][2] The impoverished Suleman decides to head to Iraq with his friend Jabbar in search of a good job, leaving his new wife Aadu in the village. Then, in March 2003, the United States invades Iraq. Because of the war and the resulting political turmoil, all communication links between Aadu's village and Iraq are cut off. Aadu and the villagers gradually learn news about the bombings and destruction in Iraq and are horrified. The helpless Aadu decides to write a letter to U.S. President George W. Bush, whom she heard was ""all powerful"", informing him about the troubles in her life caused by the Iraq War.[1][2]"
wiki-24084,Life In Park Street,"Park Street is a cosmopolitan place in Kolkata and the film focuses different aspects of life of this locality. Different characters like drug addict young girl, gay raping boys, pimps, housewife having affair with others etc.[1]"
wiki-24149,Strings of Passion,"Strings Of Passion is an urban commercial flick which tells the story of three men, Neel, Aman and Amit. They are young and dynamic guys who run the band ""Strings of Passion"" but are shadowed by the influence of drugs, broken love and bad parenting.[5][6][7]"
wiki-24274,Bahen,"Having saved his little sister Bina (Baby Meena Kumari) from the floods, Amar (Sheikh Mukhtar) becomes increasingly possessive about her over the years. Amar falls in love twice but forgoes marriage so he can look after the growing Bina. Bina (Nalini Jaywant), now a grown up young girl falls in love with the social activist Rajendra (Harish). However, Amar can not bear to lose Bina and so he plans her marriage to the thief Moti Kanhaiyalal, with the idea that he'll get her divorced after some time and then Bina would stay with him always. After several incidents that end up uniting Rajendra and Bina, Amar gets some happiness when a daughter is born to Bina."
wiki-24593,Door Gagan Ki Chhaon Mein,"Shankar, a soldier, returns from war, only to find that his family has died in a fire, and the sole survivor is his infant son Ramu, left mute by the incident. When Shankar is attacked by the villainous Thakur's men, he is rescued by a woman named Meera, and they fall in love. This provokes further trouble from the Thakur whose son wants to marry Meera."
wiki-24640,Dus Lakh,"The story of the film revolves around how the fortunes of a family change after they inherit ten lakh rupees. Gokulchand (Om Prakash) is a father of two children. His elder son has two kids (Munna and Neetu). His younger son Kishore (Sanjay Khan) is engaged to Rita (Babita) and they are happy. He inherits ten lakhs from his relative and on a holiday trip to Kashmir after becoming wealthy, he is entrapped by 2 foreigners; Jerry (Pran) and Jerry's partner (Manorama), pretending to be in love with him to take his money. The eldest son gets injured while doing labour in a construction site. Kishore needs 5 lakhs for an operation or his brother will die. He begs his father, but Jerry tells Gokulchand that this is all a plan by his family to rob his inherited money. Gokulchand believes Jerry and throws Kishore out. He is about to get married when his daughter in law shows up with her little kids and at begs everyone at the party. Jerry accuses her of doing it deliberately to insult Gokulchand and stop his wedding. She swears on her kids and the jeweller and some other witnesses present at the pre-wedding party confirm that they have been living hard life and it's Jerry who is lying and deceiving him. Enraged, Gokulchand kicks them out of the house and goes into his room to get all money. Jerry arrives with Manorama and they make him unconscious and try to run away with a briefcase with all the cash, while setting Gokulchand in his room on fire to make it look like an accident. Kishore arrives, they fight and police comes in and arrest all in Jerry's team. Kishore saves his father. The operation is successful and Gokulchand donates all the money, which was root of the problem to Hospital. The movie ends with the family talking about confirming Kishore and Rita's wedding. Kitty is a nurse now and thankful to Kishore, while Jerry and Manorama are suffering in prison."
wiki-24869,Anamika,"Devendra Dutt (Sanjeev Kumar) is a famous writer and a misogynist. One night, while returning from a meeting, he sees a young woman thrown out of a moving car. His uncle insists they take her home and get her medical attention. He hesitatingly agrees and takes her to their home. Next morning, the young woman (Jaya Bhaduri) regains consciousness, but is suffering from amnesia. She can't remember anything except that she is married to Devendra. She can't remember anything from her past - not even her name except that she is Mrs. Dutt. Everyone tries to convince her otherwise, but she insists she is in her own home. Seeing her fragile state, Devendra and his uncle decide to let her stay until someone comes for her. They call her Anamika (meaning a woman with no name). They post an advertisement for her in the newspaper, but receive no response. Meanwhile, Devendra slowly grows close to her and secretly wishes that she would stay forever. On his uncle's suggestion, Devendra takes her to Shimla on holiday to further help her fragile recovery. There, he sees Anamika's photo in a studio and on further inquiry comes to know that she is the wife of a businessman. Though heartbroken by the realization that she is married, he goes to meet the businessman. Here, he is shocked to learn that Anamika isn't the businessman's wife, but his employee/escort who accompanied him on his holiday to Shimla the previous year. Being already dumped by a former fiancée, Devendra believes that Anamika, like all women, is immoral and after his money and throws her out of his house. He later meets her at a ceremony where she is introduced to him as Mrs. Kashyap. Confused, Devendra requests her to tell him the truth. She narrates her past in flashback - an ardent fan of Devendra's novels, she was infatuated with him while in college. However, incessantly pursued by her classmate Naresh, and helpless by her poverty, which is worsened by her mother's ill-health, she finally agrees to marriage. On her wedding night, she learns that she is married to Naresh's brother, who deserts her the same night believing himself undeserving of Anamika. Naresh now takes advantage of his brother's absence and continues to harass her. She escapes from the house and joins a modeling company. There, her boss tries to take advantage of her and when she resists, he blames her for the incident. She quits her job and Rubai (Helen), who had recommended her to the modeling job, outwardly sympathizes with her and puts her up in what she claims is a working women's hostel. A few days later, Anamika gets arrested with the rest of the girls in a police raid, which is when she realizes she had been staying at a brothel. But she is later released, based on the testimony of the other inmates and her own statement against Rubai. Rubai tries to exact revenge on Anamika for this and sends her goons to kill her. While attempting to escape the goons, Anamika jumps out of a moving car on the night that Devendra finds her. Anamika tells Devendra that when she regained her consciousness and discovered that she was at her favorite author's house, she decided to stay, come what may. After listening all this, Devendra reconciles with her and fights away Naresh, who tries to harass her."
wiki-24902,Ajanabee,"One monsoon night, a terrified young woman, Sonia (Yogita Bali), gets down from a Taxi and runs towards the Railway station in Deena Pur asking for a ticket to Bombay. However, she is not able to catch the said train on time as the station master takes time to give her the railway ticket to Bombay. She doesn’t have any place to go and decides to wait at the station for the next train, the following morning. She’s carrying an attache case containing jewellery worth lakhs. She deposits it to Rohit, which he safely locks in his safe. Since Rohit feels it’s not safe for her to wait at the platform he offers to drop her at his quarters, near by and she readily agrees to it. It’s so obvious that she’s running away from someone and Rohit feels she must have stolen the jewellery but she denies the accusation. She tells him that she inherited them from her mother but there are goons behind her because of it. And she’s escaping from them. He buys the story and assured that she’s safe and comfortable there, he goes back to the station. Sitting on his chair in his office, he goes back in time and lives in flashback for a while thinking about how he first came across Rashmi (Zeenat Aman). He’s riding a motorcycle on his way to his uncle’s (Asit Sen) house for his cousin’s wedding. On the road he sees a car ahead of him and they have a race. After a while, Rashmi’s car runs out of petrol. Attempting to help her and also not wanting to lose an opportunity of spending some time with a lovely dame, he empties all the petrol from his motorcycle into Rahmi’s car and decides to travel along in her car. But before he can get in, she drives off. With no petrol, he gets stuck and finally manages to get a lift in a lorry. They meet a couple of times during his stay there and they fall in love. Her father, Diwan Sardarilal (Hari Shivdasani), is looking for an assistant for Moti Babu (Prem Chopra), her brother-in-law, who has been looking after the business now. And Diwan feels Moti Babu is over-burdened with work and responsibilities. Rashmi presents Rohit to Diwan and he agrees to hire him. Rashmi has a hunch that Moti Babu is not as honest as he appears to be and tells Rohit about it. Rohit immediately begins auditing the records and discovers that the entries are not correct and a huge sum of money has been missing. Moti Babu, scared that the truth will come out, plots against Rohit. Since Rashmi is so fond of him, the best way to get Rohit out of his way would be to somehow make her dislike him. As a part of the plan, they have a celebration with lots of Bhaang followed a dance ""Satra baras ki"". And with the help of Bahadur and Bijli he manages to prove that Rohit tried to rape Bijli and has cheated on Rashmi. As per Panchayat’s decision, a punishment, he’s thrased in front of the villagers and asked to leave the place immediately. Moti Babu is celebrating his victory with Bahadur and Bijli. Rashmi happens to witness this and is disgusted. Much against wishes of Diwan and Moti Babu, she leaves the house and runs away with Rohit singing ""Hum dono do premee"". They go to Bombay and get married in a temple. Two men show up at his office and they wake him up from his reverie. They introduce themselves as Inspector Tiwari and Inspector Sinha and enquire about a girl with an attache – Sonia. They tell him that she has stolen some valuables and has run away, and they are investigating the case. Though suspicious, Rohit doesn’t reveal her whereabouts. He goes to his quarters and confronts her. But she tells him she hasn’t stolen anything and gives him her mother’s letter. After reading it he’s convinced that she’s innocent. He comes back to his office. It’s raining very heavily outside. Standing by the window he stares out and gets into a flashback mode again. This time the newly wed Rashmi and Rohit are singing ""Bheegi bheegi raaton mein"" in the rain. Brought up the way she was, Rashmi doesn’t know much of household work. She has a tough time trying to learn how to cook. They get acquainted with Chetan Kumar (Asrani), who lives in the floor below and become friends with him. He also helps her develop her culinary skills. Rohit works for Bombay Publicity, an Ad Agency and Rashmi, on the other hand gets bored sitting at home the whole day with nothing to do. Since she has a good knowledge of colours she starts painting (inspired by Chetan) and wants to gift the painting to Rohit on his birthday. One fine day Chetan suggests her to start modelling. Having seen how his boss, M.M. Puri (Madan Puri) deals with models, Rohit is not happy about how the modelling world works. But Rashmi, with a wealthy background is not used to live the way she is living and doesn’t like compromising for every little thing. And she remains adamant about her decision until Rohit gives in. Indifferences start creeping in but Rohit is understanding and does all he can to keep Rashmi happy, though his ego keeps coming in between (sounds contradicting?). In no time she becomes a top model and even goes on to win a beauty pageant. She becomes thrilled with the idea that now within a short span of time, name and fame would knock her doors. Soon after this, she realises she’s expecting. She wants to pursue her career and thinks it’s not the right time to start a family and even thinks of going for an abortion. But Rohit wants the child. So she decides to keep it. One day Rohit calls and when she goes down to Chetan’s flat to answer the call, she slips and falls down the staircase. This results in a miscarriage. But Rohit feels she got an abortion done and gets mad at her. They have a row and he walks out of the house. Having realised that he over-reacted, he comes back home in the evening and apologises but only after a while he finds out that Rashmi has left the house and gone. He later on learns from Chetan that she had fallen down and had a miscarriage. He calls her but she doesn't speak to him. He resigns from Bombay Publicity and he sets out to bring her back. He goes to Diwan’s house but learns that they have left the place and gone on a vacation. No one knows when they’ll come back. Devastated, he goes to his uncle’s house. There’s a letter for him there, a legal notice asking for a divorce. Not knowing what to do next, he seeks employment and with the help of Mr. Saxena (Mama’s friend), he gets the post of a Station Master at a remote hill station, Deena Pur. Back to present...he’s at work and Mr. Saxena comes to meet him. He’s surprised to see Mr. Saxena at such a remote place. To this, Mr. Saxena says he had come hunting with Diwan Sardarilal, who has put up at a place named Karimganj, nearby. He leaves for Karimganj to meet Rashmi. Rashmi seeing him doesn't seem to be happy. Rohit on the other hand tries wooing her back and further requests her to join his new residence that he got as a railway employee. Meanwhile, Rashmi’s father enters the scene and instructs Rashmi to get away from there. He and Moti babu tries every possible way to humiliate Rohit due to his low socio-economic condition. Rohit further remaining confident vows before Moti Babu to bring in money in order to get Rashmi back. Back at present, Rohit realises he needs to arrange in money in order to bring back his estranged wife back. However, he is devastated to realise that he has no such money on his own but only the jewellery worth 5 lakhs in his office's locker belonging to the young lady who took refuge in his quarter. He further decides to open the locker and steal away the attache by strangling the lady to death. However, he comes back to his actual senses and realises he was about to commit a heinous crime under the pretext of bringing his wife back. Meanwhile, fate decided to play another ruthless game on Rohit. The very next moment he finds himself arrested for the real murder of the lady which he in actuality never committed. Will Rohit be able to acquit himself of all the heinous charges levied against him? Will he be successful in proving his innocence? Will his wife Rashmi support him in the struggle? If it was not Rohit who then was the real perpetrator behind the murder of the young girl then forms the ending plot of the film."
wiki-25206,Insaan,"Shankar (Vinod Khanna) stays with his stepmother and three stepbrothers, but they are not very nice to him. After the death of his father, they get all the property and do not want to share it with Shankar. Later, Shankar gets married to Sona (Reena Roy) and works hard and earns money by farming. They have a child Munna (Master Sameer). His brother loses all his money in gambling and becomes poor. The stepbrothers try to kill him with the help of Sheru (Amjad Khan) so that they can take all the property that he has earned. Thinking that Shankar is dead, Sona tries to commit suicide. Ravi (Jeetendra) saves her and also protects her from her evil brothers in law. Later they get married. After some months, Shankar comes back. But he feels that he is obliged to Ravi, so he doesn't meet Sona. Later Sona comes to know that Shankar is alive and Ravi gets killed by criminals, reuniting Shankar and Sona."
wiki-25236,Ustadi Ustad Se,"Ustadi Ustad Se (Hindi : उस्तादी उस्ताद से ) is an action thriller starring Mithun Chakraborty in the lead role supported by Vinod Mehra, Ranjeeta, Jayshree T. and Jagdeep."
wiki-25267,Naukar Biwi Ka,"Inspector Amar Nath apprehends and arrests a notorious gangster who goes by different aliases (Deshbandhu Jagannath, Pinto, Abdul Karim), and gets him sentenced to prison for several years. Amar, who comes from a wealthy family, defies his father, Jagirdar Bishamber Nath, and marries a poor but pretty woman, Sheela Sharma (Neeta Mehta). He is asked to leave the family home. Amar and Sheela settle elsewhere and soon are the proud parents of a daughter, Jyoti. They meet with the parents of young Deepak Kumar and arrange a child-marriage of their daughter with Deepak. Pinto escapes from prison, hunts down Amar and Sheela, and kills them. Luckily, a loyal employee and chauffeur, Abdul, saves their daughter's life. He takes her to Jagirdar, who accepts her with tears in his eyes. Years later, Deepak and Jyoti have grown up. While Jyoti still lives with her wealthy grandpa, Deepak's dad has died, leaving his widow destitute. When she goes to confirm their marriage, Jyoti shuns and humiliates her. This enrages Deepak and he hits Jyoti's friend and she gives a tight slap to Deepak who then vows to make Jyoti apologize to his mother, as well as confirm their marriage. But Jyoti is already in love with wealthy Raman, and Deepak meets a famous Bollywood actress, Sandhya, who falls in love with him.Jyoti after slapping Deepak twice for teasing her to marry Sandhya expresses her love. What will happen to the promise he made to his mother? The story has similarities with Manchali and deals with an arrogant spoiled girl hiring a person to act as her husband, so that she can get her grandfather to back off. Subsequently it is about how the hired husband makes the girl come around to falling in love with him. Guest appearances were made by Rishi Kapoor and Danny Denzongpa."
wiki-25298,John Jani Janardhan,"Things seem to go in Janardhan's favor, when the wily Gajju brings out a new witness - none other than Jani - who is now masquerading as John. Gajju hopes to kill Janardhan and thus prevent John from avenging his death - and nothing will stop Gajju from carrying out his evil plan."
wiki-25311,Phulwari,"Arun meets Rajiv Mathur, the newly assigned welfare inspector of the Forest office at the station. Rajiv says that he is headed for Talpur. Arun informs him that Talpur is very far from that place and offers Arun his hospitality for that day. Rajiv arrives at his place and discovers that he is a rich person. Arun also discovers that Rajiv is carrying a flute with him. At night he requests Rajiv to play the flute. While playing the flute, they get interrupted by the sudden arrival of a beautiful young woman at his room. Arun tells her to come inside but she pays no heed to his welcome and left without a single word. He tells Rajiv that she is Lali, his younger sister. On the next day, He drops Rajiv to his allocated office. Rajiv attends Lali's birthday party but is interrupted by Pyare, a servant at Arun's house, who informs him that a man from his provision has severely been bitten by a mad dog and immediately needs to be taken to the doctor. Just when Rajiv is about leave, Lali stalls him declaring that it is simply Pyare's job to take the wounded man to the doctor. She continues saying that this whole thing is doing nothing but spoiling her birthday party. Rajiv is stunned at Lali's rudeness and openly scolds her that she is a selfish person who does not care for anyone but herself. Lali comes to visit Rajiv and confesses her guilt of that day. Eventually she often comes to visit him and Rajiv slowly forms an affection towards her. Lali, one day asks Rajiv whether he loves her. Rajiv initially fumbles but finally confesses to her that he is in love with her while Lali much smartly declares that she is also in love with him. Arun arranges for Rajiv and Lali's wedding. In the meantime Lali, once arrives at Rajiv's place but cannot find him there. She looks for him here and there and discovers Rajiv along with Mangli, his maid servant in a brook. Lali forms the prejudice that Rajiv has an illegitimate affair with Mangli and intends to marry her only because she is the daughter of a wealthy person. On the day of their wedding Lali fumes at Rajiv. She declares in front of everyone that she is no more willing to marry him as she thinks that he is a fraud and hypocrite. Mangli comes to visit Lali and reveals that she accidentally fell into the brook and Rajiv luckily saved her life on the day she discovered them far from the top of the hill. A repentant Lali, once again arrives at Rajiv's place but discovers that Rajiv has left without any information about where he is headed after all. Gradually, Lali becomes dejected and to find solace she goes on a pilgrimage. Once standing on the bank of a river, she feels that her life has come to a meaningless term. She never waits a for second any more and flings herself into the river but gets saved by some of the people who were present at that moment. When she regains her consciousness, she meets an elderly woman whom she tells everything about her life. Now that woman endeavours to reinstate her faith and hope. Coincidentally Rajiv appears and it is discovered that he is the son of that woman. Lali fails to restrain her tears and falls at his feet. Rajiv forgives her and they reunite."
wiki-25411,Mazloom,"Purnima is raped by a stranger (Shakti Kapoor) in a train and is too ashamed to talk about the incident. She becomes pregnant and her parents find out. Her father (Pinchoo Kapoor) dies of shock upon hearing this. Since it is too late to abort the baby, she gives birth to a baby boy and her mother gives him away to a stranger. After some day, Purnima gets married to Vijay (Suresh Oberoi), but ironically the same child ends up in their care, and they name him Rajan (Arjun). Years later, Purnima gives birth to another child, named Aman. The two boys grow up, and sibling's rivalry prevails to such an extent that they eventually fall in love with the same woman, Meena. Things become increasingly complicated so much so that a member of their family ends up being killed, and another arrested."
wiki-25619,Saathi,"As children, Suraj (Aditya Pancholi) and Amar (Mohsin Khan) have seen their father being brutally beaten by a police inspector. Both grow up and become small-time criminals. This leads them to the big gangster Pasha (Paresh Rawal). They part ways because Amar hates gangland activities, especially drugs. Suraj, on the other hand, wants to become rich. Suraj kills Pasha and becomes a big time gang leader. Amar is terrified that Suraj is lost in the world of crime and has forgotten humanity. In the climax of the movie, Sultan (Anupam Kher) phones Suraj and asks him to kill Amar, to which he refuses. Later that day, Suraj is chased by the police (Inspector Kotwal had ordered Inspector Khan to do so) and is injured, while his bodyguard is killed. Suraj reaches the place which Amar and Suraj used to visit as children. Amar, who felt the voice of his friend calling him, rushes to the place. Inspector Kotwal reaches there and Amar tells him that Suraj wishes to surrender. Inspector Kotwal reveals that he is actually Sultan, the real gang leader and attempts to kill Suraj. Amar saves Suraj and thinking that he had killed Sultan, returns to Suraj. Just then, Sultan, who didn't die, arrives at the scene and attempts to stab Amar from behind. Suraj, seeing him coming towards Amar pushes Amar away to protect him and is stabbed by Sultan, who is finally killed by Amar."
wiki-25997,Kahani Kismat Ki,"Kahani Kismat Ki is an Action entertainer with Mithun playing the lead role, ably supported by Sharad Kapoor and Milind Gunaji. Shared on Dipak Sing Patar. Mktd By: Dsp Music."
wiki-26347,Mahesh Manjrekar,"The movie begins with Amar (John Abraham) narrating the story of his family and himself. Amar is the son of Vidyadhar (Amitabh Bachchan) & Sumitra Patwardhan (Sharmila Tagore), a middle class couple in India. Amar lives and works in London and he sends some of his salary to them. One day Amar returns home with Jenny Mayer (Anusha Dandekar), his girlfriend, and announces his intention to get married to her. Initially reluctant, his parents are pleased and happy for the two. One day, Amar goes out celebrating with his friends, whilst his parents and Jenny organise a surprise party for him. Outside a pub, Amar witnesses a murder and, while trying to apprehend the killer, he gets mortally wounded in the fight. Amar succumbs in the hospital. The assailant is identified as Harshwardhan Kadam (Amitabh Dayal), son of a minister Kadam. Soon, the police start covering the case up. Amar is implicated in false charges of drug peddling. Witnesses and close friends of Amar too give false statements. The torture doesn't end there, as police try to implicate Jenny as his accomplice. Vidyadhar decides that it is not good for Jenny to live there, especially since she is expecting Amar's child. Vidyadhar bails her out and implores her to return before she is locked up for good. Harshwardhan goes scot free meanwhile and Vidyadhar decides to seek justice on his own. Ali Asgar, a mechanic and an acquaintance of Patwardhan's, decides to help them. Soon, Ali succeeds in procuring a gun for Vidyadhar. Vidyadhar decides to confront Harshwardhan in his own office. Harshwardhan cockily lets him enter in and starts taunting him. Vidyadhar accuses him and Harshwardhan arrongantly confesses his crimes, telling Vidyadhar that he cannot prove a thing. Vidyadhar points the gun at him, upon which Harshwardhan calls his guards. Vidyadhar guns down Harshwardhan and the guards enter in moments later Harshwardhan's dead body collapses down. Harshwardhan's head guard lets Vidyadhar go, claiming that he won't be able to look at his family in the eye if he arrests Vidyadhar. A case stands up against Vidyadhar, where he reveals a pocket tape recorder on which the whole confession of Harshwardhan is recorded. Based on the proof, Amar and Vidyadhar are exonerated and set free. In an interview, Vidyadhar makes it clear that he doesn't intend to sue Kadam since his son has been killed and Vidyadhar knows the pain. In the end, it is shown that Vidyadhar is living a happy life with Sumitra, Jenny, and his grandchild. Amar now explains that his father has always been a hero for him since childhood and he is feeling a little jealous of his son who is being treated with same affection with which Vidyadhar treated Amar in his childhood. The movie ends with Amar disappearing in light claiming now he can rest in peace."
wiki-26357,Apna Sapna Money Money,"6 Alvarez House in Bandra, Mumbai, is the residence of myopic, widowed, devout Hindu, Satyabol Shashtri (Anupam Kher), who lives there with his daughter, Shivani (Riya Sen). Shivani is in love with her Christian neighbor, Arjun Fernandes (Shreyas Talpade), who is a mechanic and lives with his wanna-be singer sister, Julie (Koena Mitra), and a younger ailing sister, Titli. Satyabol disapproves of Arjun and wants his daughter to get married to Sarju Maharaj Banaraswale's son. Other than Satyabol chasing Badshah, the pet dog of Arjun, and ending up in the woman's bathroom, the area is fairly peaceful. Then Arjun and his friends try to think of a plan to stop Sarju from marrying his son to Shivani but can't. So Arjun calls his cousin Kishan (Ritesh Deshmukh) to help them. Kishan comes disguised as Sarju Maharaj Banaraswale by tricking the real Sarju into getting of the train and as soon as he gets of the train, some goons who think he is a relative of Kishan catch him and take him to find out where Kishan is. Meanwhile, Kishan becomes Sarju and convinces Satyabol that his (Sarju's) son is not good for his (Shashtri's) daughter by dancing in the bar and kissing Julie who was in the act. Then Shashtri informs the fake Sarju that he does not want to marry his daughter to Sarju's son and that he can go now. So having finished his mission, Kishan prepares to leave when Arjun tells him to stay back as he loves Julie but Kishan refuses saying that he is not destined for Julie. Then after Arjun leaves and Rana (Chunky Pandey) turns up with the real Sarju but when Kishan says that all the is with Sarju they leave Kishan and run after Sarju while Kishan escapes, disguises himself as a woman named Sunaina and says 'she' is Arjun's aunty and soon Shashtri falls in love with her. Then in the neighbourhood also comes Matha Prasad (Rajpal Yadav) who runs a dairy farm and moonlights as the hit man of Bangkok-based underworld Don, Carlos (Jackie Shroff). The once honest cop Namdev Mane (Sunil Shetty) ( pronounced as Maa-ne ) teames up with Carlos' girlfriend Sania (Celina Jaitley) who is on the lookout for hidden diamonds and facing bankruptcy - Carlos himself - as they face off in one of the most hilarious stand-offs to seek wealth and to fulfill their individual dreams."
wiki-26570,Kal Kissne Dekha,"Nihal Singh (Jackky Bhagnani) is a teen from Chandigarh who loves to build complicated gadgets to learn what is behind science. He has a brilliant mind and dreams of studying at an elite science institute. When he is accepted into his dream college in Mumbai, he discovers college is a whole new world, new people and new challenges. At school Nihal is attracted to Meesha, a proud rude brat. She cannot accept that Nihal is managing to charm everyone his way including Professor Siddarth Verma (Rishi Kapoor), the professor of the college. Nihal starts to get visions of Meesha being in danger. He saves her life and his secret is revealed that he can see the future. After this incident, love blossoms between Nihal and Meesha. Meanwhile, media exposure results in attention from anti-social elements, including an explosion at a mall. Nihal sees the explosion before it takes place and manages to rescue most people. It turns out one of Nihal's friend is behind the attack. Despite seeing the bomber, he keeps quiet and doesn't tell the police department. He strengthens up and decides to fight the attacker himself."
wiki-26597,Wanted,"Radhe (Salman Khan), a gangster with a mysterious past, kills others for money. He meets Jhanvi (Ayesha Takia) while she's doing fitness training and instantly falls in love with her. Even though their first meeting leads Jhanvi to think negatively about Radhe, she later begins to reciprocate his feelings. However, Talpade (Mahesh Manjrekar), a selfish and perverted Inspector, lusts after Jhanvi and tells her to marry him with the threat that he would rape Jhanvi's mother (Prateeksha Lonkar) if she decides to go against his decision. Talpade is tipped off about Radhe's existence by Jhanvi's landlord. Talpades tries to threaten Radhe but ends up getting frightened of him after getting outsmarted by him. Gani Bhai (Prakash Raj), an international don, arrives in India for an assassination and hires Radhe. Gani Bhai operates his gang from outside of India. Golden Bhai(Aseem Merchant) is the gang leader of Gani Bhai's gang. Two gangs, Datta Pawle's (Raju Mavani) and Gani Bhai's, fight for the biggest part of Mumbai. Due to this, Commissioner Ashraf Taufiq Khan (Govind Namdeo) decides to make Mumbai free of crime. He arrests Gani Bhai, who makes various attempts to contact Radhe, however, in vain. Ashraf is blackmailed to release Gani Bhai, after his men release an explicit video of his daughter online after kidnapping her. Under the influence of drugs, his daughter reveals a mission that involves an IPS officer, Rajveer Singh Shekhawat, murdering Gani Bhai. Since Rajveer Shekhawat's identity is difficult to decipher, Gani Bhai holds his father, Shrikant Shekhawat (Vinod Khanna), captive. Shrikant proudly tells him about his son, without revealing his true identity. Gani Bhai mistakes Ajay (Inder Kumar), Rajveer's adopted brother, for Rajveer Shekhawat and kills him. Gani Bhai realises his mistake and pressures Shrikant to reveal Rajveer's identity. Shrikant is murdered by Gani Bhai after he refuses to tell him. His son, Rajveer Shekhawat, who is revealed to be Radhe, arrives at the place of his father's death. Radhe is infuriated and decides to avenge the deaths of his father and brother. Through threatening Talpade, he locates Gani Bhai. After an intense combat, Radhe finally manages to kill Gani Bhai and his co-conspirator Talpade."
wiki-26704,Phas Gaye Re Obama,"The story begins with Anni (Manu Rishi) and his gangster colleagues who all work for Bhai Sahab (Sanjai Mishra), a gangster, watching U.S president Barack Obama's famous speech 'Yes We Can' on TV. Anni is shown as a big fan of Obama and wants to migrate to the US. In the US, Om Shastri (Rajat Kapoor), a business man has faced huge losses due to recession and is all set to lose his house if he can't pay his $100,000 loan in the next thirty days. He comes to India to sell his ancestral property in Uttar Pradesh as his last hope. But the recession has also hit India and he struggles to find a buyer. Anni meets Om who promises him to take him to US Anni in excitement tells Bhai Sahab who thinks Om is rich and orders his kidnapping. He hopes to get a good ransom so that his bad times (due to recession) end. Om is kidnapped but later tells Bhai Sahab and his men that he is bankrupt. Thanks to the local police, one of the local gangsters Ali comes to know about Om and orders Bhai Sahab to hand over to him. Anni comes with idea of selling Om to Ali. Anni, Bhai Sahab and his men chant 'Yes We Can' out of happiness. Om on hearing their conversation suggests Bhai Sahab and him share the money, in return he would not tell Ali about their cheating. The deal happens and Bhai Sahab gets Rs. 3 million. Bhai Sahab then transfers half the amount to Om's bank account in US The other gangster comes to know about Om's bankruptcy. But Om saves his and Anni's life by telling the same idea. The price now is Rs. 6 million and divided equally. Om is then sold for Rs. 6 million to Munni (Neha Dhupia), a dread female gangster who hates men. Om is happy because he receives Rs. 3 million and now there is a total of Rs. 4.5 million (US$100,000) in his bank account and tells his wife to pay off the loan. But soon Munni comes to know about Om's state and captures Bhai Sahab and his men. Om again saves his and others life from Munni asking her to play the same trick with local Minister and politician Dhanajay Singh. So Munni takes Om to Dhanajay Singh. The Minister runs a kidnapping Mafia and is the head of all kidnappings. Minister pays Munni Rs. 15 million (15 million) and keeps Om and Anni at his guest house. Om and Anni come to know that they will be killed if Om's wife doesn't pay the ransom. At night, Om fakes a heart attack and escapes with Anni. The Minister orders the police for a manhunt. Realizing that he cannot escape to Delhi, he comes with a new plan. He goes to the local police station where the Minister is there and surrenders to him. The minister is about to take Om back to the guest house when Anni along with the Minister's supporters and local media arrive. The minister has no option but to release Om. Om, on the other hand, tells the media to project the Minister as the next Chief Minister of Uttar Pradesh for saving his life. While on his way to Delhi to catch a flight back to the US, Om is stopped by Bhai Sahab and Munni. Munni gives Om his share but Om tells her to give it to his relatives. Om leaves and Anni stays back in India. In the last scene, Munni asks Bhai Sahab if they can be partners and he replies, ""Yes, we can""."
wiki-26712,Tees Maar Khan,"Tees Maar Khan mainly revolves around conman Tabrez Mirza Khan (Akshay Kumar) who has been a criminal since he was young. He was caught in France and deported back to India. Two police officers Chatterjee (Aman Verma) and Mukherjee (Murli Sharma) escorted him but he escaped. His girlfriend is struggling actress Anya Khan (Katrina Kaif). Tabrez takes a job from the Johri brothers (Raghu Ram and Rajiv Laxman) to rob a non-stop train loaded with precious antiques. He cons the people of Dhulia village into helping him by saying that he will make a historical film about their village. He approaches the greedy but popular actor Aatish Kapoor (Akshaye Khanna), who is eager to get the Oscar award and fools him into working in his ""film"". While shooting in the village Tabrez gets the news that train will reach the village side after a week and hence shortage of the equipment for resume shooting occurs. To overcome this problem the group plans to rob the bank and buy the equipment, but the people of Dhulia come to know about the financial problems of Tabrez and decide to help him. While they are following Tabrez to help him he misunderstands that they know about his robbery and true identity and are willing to expose him and give him to police. Accidentally Tabrez runs into the forest exposing a child abduction ring and thus helping many villagers find their long-lost children. After knowing the intention of the villagers Tabrez feels guilty about conning the villagers and swears that he will give them a share of the treasure. The robbery goes well but he and all the villagers get arrested while the Johri brothers make off with the treasure. Tabrez claims that he is innocent, but gets imprisoned. The movie is completed and, at the premiere, Aatish, Anya, Tabrez's mother, his accomplices and the villagers walk the red carpet with him and the police. After the film, Tabrez escapes. Later, on their private jet, the Johri brothers enjoy what they got until Tabrez and his gang throw them out of the plane. The film ends with Tabrez and his mother becoming rich, Aatish receiving an Oscar from actor Anil Kapoor, Anya becoming an actress and has shot for hair removal cream and the whole Dhulia village opening their own saloons, party halls and the village inspector opening a poster signing stall to all the people from America. The crew of the film are seen receiving the Oscar awards in the song ""Happy Ending""."
wiki-26809,Kahaani,"A poison-gas attack on a Kolkata Metro Rail compartment kills the passengers on board. Two years later Vidya Bagchi (Vidya Balan), a pregnant software engineer, arrives in Kolkata from London during the Durga Puja festivities in search of her missing husband, Arnab Bagchi. A police officer, Satyoki ""Rana"" Sinha (Parambrata Chatterjee), offers to help. Although Vidya claims that Arnab went to Kolkata on an assignment for the National Data Center (NDC), initial investigations suggest that no such person was employed by the NDC. Agnes D'Mello, the NDC's head of human resources, suggests to Vidya that her husband resembled former employee Milan Damji (Indraneil Sengupta), whose file is probably kept in the old NDC office. Before Agnes can provide any further help she is killed by Bob Biswas (Saswata Chatterjee), an assassin working undercover as a life insurance agent. Vidya and Rana break into the NDC office and find Damji's file, barely escaping an encounter with Bob, who is searching for the same information. Meanwhile, the attempts to obtain Damji's records have attracted the attention of two Intelligence Bureau (IB) officials in Delhi—the chief Bhaskaran K. (Dhritiman Chatterjee) and his deputy Khan (Nawazuddin Siddiqui). Khan arrives in Kolkata and reveals that Damji was a rogue IB agent responsible for the poison-gas attack. In spite of Khan's warnings, Vidya continues her search, fearing that Arnab's resemblance to Damji may have led him into trouble. The address on Damji's record leads Vidya and Rana to a dilapidated flat. An errand boy from the neighbourhood tea stall identifies R. Sridhar (Shantilal Mukherjee), an NDC officer, as a frequent visitor to Damji's flat. Bob attempts to kill Vidya, but fails, and is run over by a car during a chase. Examination of Bob's mobile phone leads Vidya and Rana to an IP address sending instructions to kill her. They break into Sridhar's office to verify his IP address, but he is alerted electronically and returns to his office. Vidya accidentally shoots Sridhar dead during a scuffle, which upsets Khan, who had wanted him alive. Sridhar's computer data reveals a code, which when deciphered reveals Bhaskaran's phone number. Vidya calls Bhaskaran to tell him that she has retrieved sensitive documents from Sridhar's office. She asks Bhaskaran to help find her husband in exchange for the documents, but Bhaskaran tells her to contact the local police. Vidya soon gets a call from an unknown number however, warning her that she should hand over the documents to the caller if she wishes to see her husband alive. Khan thinks the caller is Milan Damji. Vidya goes to meet Damji, followed by Rana and Khan. Damji cuts the meeting short when Vidya expresses her doubt that he will be able to return her husband in exchange for the sensitive file, and he attempts to leave. Vidya tries to stop him, and in the ensuing struggle Damji draws a gun on her. Vidya disarms him using the prosthetic belly she has been using to fake her pregnancy and promptly stabbing him in the neck with her hair stick, before shooting him with his own gun. She flees into the crowd before the police arrive, leaving a thank you note for Rana and a pen drive containing data from Sridhar's computer, which leads to Bhaskaran's arrest. Rana concludes that no Vidya or Arnab Bagchi ever existed, and that Vidya had been using the police and the IB to achieve her own ends. Vidya is revealed to be the widow of Arup Basu (Abir Chatterjee), an IB officer and Damji's colleague, who was killed in the poison-gas attack, which also caused Vidya to immediately fall unconscious upon seeing her husband's corpse and suffer a miscarriage. In her mission to avenge his and their unborn child's death, Vidya was helped by retired IB officer Pratap Bajpayee (Darshan Jariwala), who suspected the involvement of a top IB official."
wiki-26885,Jolly LLB,"Jagdish Tyagi a.k.a. Jolly (Arshad Warsi) is a Delhi based lawyer staying with his brother-in-law Pratap (Manoj Pahwa) and is in a relationship with Sandhya (Amrita Rao). He happens to see prominent criminal lawyer Tejinder Rajpal (Boman Irani) successfully defending Rahul Dewan (Rajeev Siddhartha), a boy from a high society family in a sessions court, who is accused of drunken driving in a Toyota Land Cruiser Prado causing death of six people sleeping on the footpath. Jolly, desperate to have some money and fame, decides to pursue the case and files a PIL in the court against Rahul Dewan. After initially reprimanding Jolly for his mistakes in filing the PIL and taking the press reports as an evidence, Justice Sunderlal Tripathi (Saurabh Shukla) warns Jolly to collect some evidence before the next hearing. Jolly then runs into Albert Pinto (Harsh Chhaya), who claims to have witnessed the accident but soon learns that he is a lackey of Rajpal and was a plan to extract more money from the Dewan family. As part of the deal, Pinto gives Jolly a share of the money and turns hostile in the court. Sandhya and Kaul saab (Ramesh Deo) chides him for compromising on justice for his greed. He returns the money to Rajpal and challenges him to win the case. With the help of his brother-in-law, he collects the video footage of the car involved in the accident and presents it to the court. Rajpal counters that the car was driven by the driver of Dewan family and the footage was fake. Jolly refutes it by successfully cross examining the driver, who finally accepts that he has registered a false statement. The Judge orders the police to provide a bodyguard for Jolly after he is manhandled by assistants of Rajpal. Although Sub-Inspector Rathi tries to sabotage Jolly, but with the help of the bodyguard, Jolly leaves for Gorakhpur after he comes to know that Sadakant Mishra (Susheel Pandey), a survivor of the accident stays there. Jolly after passing through many hurdles successfully brings Mishra to the court. Rajpal tries to scuttle proceedings but the hesitant judge overrules him. Mishra states that Rathi had threatened him after the accident and fabricated the investigation. He was only allowed to go after he offered his hard-earned money and jewelry. Mishra also identifies Rahul Dewan as the one who drove the car. After the emotional closing arguments by Rajpal and Jolly, the judge directs the police department to suspend Rathi and initiate a criminal inquiry against him and also declares Rahul Dewan as guilty of the crime and sentences him to seven years in jail under Section 304 of the Indian Penal Code."
wiki-27060,Phillauri,"A young man Kanan (Suraj Sharma) returns to India from Canada to marry his long-term girlfriend Anu (Mehreen Pirzada), but comes to know that as he is a manglik (born under an unlucky star) he has to get married to a tree before getting married to her. He reluctantly marries the tree, which is duly chopped down after the completion of the ceremony. As a result, from that day onwards he is haunted by the spirit of a woman named Shashi (Anushka Sharma), who lived in that particular tree and hence claims to now be 'married' to him. The story of Phillauri and Shashi is slowly revealed via the latter's flashbacks. Back in an unspecified time period, Shashi is a bright young woman who never fails to read the works of a poet named Phillauri that is regularly published in a local weekly. Everyone in the village of Phillaur thinks that the poems are written by the singer Roop Lal 'Phillauri' (Diljit Dosanjh), who is the heart-throb of the village. However Roop Lal notices that Shashi, unlike all the other village girls, never comes to hear him sing. When he confronts her one-day and tells her that he is the Phillauri who writes the poetry by narrating one of his famous poems to her, he is shocked when Shashi slaps and insults him. She asks him to use his talent – of being able to connect with the common man through his songs – for something important (especially when the struggle for independence is on) and not for frivolous matters. From that day onwards Roop Lal is a changed man, dedicating his life to knowing and understanding the poetry of Phillauri (which it is clear now that he is not the author of), and spreading its message via his beautiful singing to others. On one particular night while Roop Lal is alone at home singing one of Phillauri's poems, Shashi comes to him and reveals that she is the one who writes poetry under the pseudonym of 'Phillauri' (which she can't do openly, being a woman). Subsequently, love blossoms between the two (the poet and the singer who translates her poetry to song and spreads its message far and wide), but Shashi's elder brother (a reputed doctor of the village who brought her up) eventually comes to know about the affair and intervenes between the lovers. Roop Lal confronts Shashi's brother and admits to having been an alcohol-addicted good-for-nothing who still is not worthy of her, but tells him that he (Roop Lal) is going to Amritsar to record all the songs written by Shashi and will eventually return and ask for her hand in marriage. The very fact that Shashi writes poetry is a revelation to her brother, and as time passes he too reads the poems and starts appreciating her obvious talent. Meanwhile, Roop Lal records the songs in Amritsar (the gramophone record is credited to Roop Lal 'Phillauri', thus being an amalgam of his name and her pseudonym) and is paid a handsome fee of three hundred rupees. He immediately sends the entire amount as a money order to Shashi's brother, along with a letter stating his intention to return and marry her on Baisakhi. Shashi's brother, by now convinced of Roop Lal's changed nature and good intentions as well as the deep love between the couple, starts the preparations for her marriage. On the day of the wedding Shashi comes to know that she is pregnant, but does not disclose the news to anyone except her close friend Amrit (Nidhi Bisht). She expectantly waits for Roop Lal along with all her relatives and the entire village, but eventually the day ends with him nowhere to be seen on any of the buses from Amritsar. Her brother has to face the intense embarrassment and shame of sending everyone away, and this in turn hurts Shashi so much that she commits suicide (by hanging herself from a tree) due to an overwhelming sense of sadness, despair and betrayal. In the midst of all these flashbacks by Shashi's spirit the parallel storyline in the present continues with Kanan (whose confused ramblings about seeing a ghost naturally no-one believes), ending up in trouble with Anu who feels that he is not really interested in marrying her (which is partially true since he is getting cold feet). In order to clear the misunderstanding Shashi finally manages to reveal her presence to Anu as well (though Anu still cannot see her), and having heard her entire painful story Anu realises that Shashi's spirit is in fact still stuck on the mortal plane due to her unfulfilled love. At that point Anu's grandmother happens to play her favourite record, which as fate would have it is the one Roop Lal recorded. The record label mentions the recording date as 13 April 1919, which results in an epiphany for Kanan who immediately takes Anu (with Shashi in tow) to the site of the Jallianwala Bagh massacre, which took place on that very day 98 years ago. The movie ends with Shashi's spirit reuniting finally with her lover Roop Lal's (who was indeed killed in the massacre on the very Baisakhi day he recorded their songs and was to return to marry her). Before they both ascend to heaven Shashi tells Kanan and Anu (who can now see her) to love and cherish each other always, and that is what they promise each other as they embark on a new phase of their very own love story.[8]"
wiki-27103,Daddy,"In the 1960s and late 1970s, when Mumbai's textile mills were shutting down one after the other, many unemployed youth including Arun Gulab Ahir Arjun Rampal resort to matka-gambling on the insistence of his friends, Rama Naik (Rajesh Shringarpure) and Babu Reshim (Anand Ingale), to earn some quick buck and form their own gang. However soon, Gawli finds himself getting trapped in a vortex of crime when he is taken under the wings of Maqsood bhai (Farhan Akhtar loosely modelled on Dawood Ibrahim) after committing a murder. Further, their clashes of ideologies and power game turn them against each other. Meanwhile, Gawli marries his sweetheart Zubaida who coaxes him to leave behind his murky profession. He almost makes up his mind to turn clean. But, when Rama gets killed in a brutal police encounter, Gawli takes in charge of their gang based in Dagdi. He suspects that Rama's killing was engineered by Maqsood and thus begins a gruesome gang war between them. Hot on the heels is a cop, Vijaykar Nitin who wants to nab Gawli at any cost and take him to task. The rest of the plot revolves around how one of India's most feared gangsters landed up in politics and his transition to becoming 'Daddy'. The official teaser of the film was released on December 1, 2016. The trailer of the film was released on June 13, 2017."
wiki-27372,Maleyali Jotheyali,"Preetham is the only son of a wealthy but superstitious real estate dealer (Rangayana Raghu). His close friend is Venkatesh (Sharan). After Preetham passes his P.U.C., his father's astrologers inform his father that for the continued peace of his household, Preetham must find a wife. To avoid the problem, Preetham and Venkatesh bribe an astrologer to tell Preetham's father of a very eligible girl in Sakaleshpura (who is fictional and invented by Preetham and Venkatesh). Thus Preetham is able to escape to Sakleshpura, where he stays with an army colonel named Thammiah. It is here that he bumps into Anjali (Yuvika Chaudhary), who lives in the district nearby, and also into Sandhya (Anjana Sukhani), who is an independent girl and a man hater. Preetham also begins to receive many calls from Lucky, a little girl who dialed his number by mistake and became his ""mobile friend"". Preetham falls for Sandhya. Slowly Preetham becomes friends with Anjali, and in order to score brownie points with Sandhya, invents a story of Anjali being dumped by her childhood lover and being in a state of depression. Sandhya becomes friends with Preetham to help Anjali out of her so-called misery, and gradually the three become friends. Preetham begins to discover a number of qualities about Anjali and slowly finds out that how good she is. Gradually, Pretham falls in love with Anjali while Sandhya begins to like Preetham. When Anjali finds out about Preetham's love, she leaves Sakleshpura (she overhears him talking to an old man whom Anjali helps out financially, who is actually Anjali's father). Preetham leaves brokenhearted. Arriving in Bangalore, Preetham first discovers that Lucky has died of a heart attack and that he will never be able to see her again. Then he finds out from Anjali's doctor that Anjali is a cancer patient who is dying. Despite all this, he meets Anjali and convinces her that three minutes with a loved one is better than a hundred years with an unloved one, and Preetham and Anjali get together."
wiki-27931,Lanka,"Sravan (Suresh Gopi) is a captain in Indian Navy fighting in Sri Lanka against the Tamil guerillas. He manages to kill hundreds of guerillas in the operations launched by the Indian Peace-Keeping Force (IPKF). Post-operations, he decides to live in Lanka. Now he is a womaniser who goes about his task with gusto. He is stinkingly rich who owns a number of palatial bungalows. Sravan has a psychic problem too. He had been abandoned by his actress mother. Then came another blow when his wife ran away with her lover. Sravan's daring operations against the Tamil guerillas incur the wrath of the Liberation Tigers of Tamil Ealam (LTTE). They are out to bump him off. Into his life enters Lanka (Mamta Mohandas) who is a gypsy girl. Sravan rapes her but ends up marrying her unaware of the fact that she is from the LTTE stronghold out to seek revenge on behalf of the Tamils. She almost succeeds in her plans. But Sravan survives the murderous attack on him. But he is totally incapacitated and confined to bed. Lanka pretends to nurse him back to health. But her actual aim is to escape with all his wealth."
wiki-27951,Vargam,"Solomon Joseph (Prithviraj) is a police sub inspector corrupt to the core. He has learned the importance of money and power and using his power he earns wadloads of money. And spends on wine and women. He is the S.I. of Rajakad police station where two underworld kings, Ummachan (Devan) and Vavachan (Vijayaraghavan), clashes frequently. Solomon is friendly with Vavachan and helps him many ways, including helping move the vans with narcotics. He happens to lock horns with the younger brother of Ummachan who is an arrogant and spoiled brat. Blinded the power of his brother's money and political power, Dennis asks Solomon to apologize in front of his friends, who might hold him low respect since he was badly treated by the precinct Sub Inspector. Denis and his friends get beaten to pulp by Solomon who throws them into the jail afterwards. Ummachan manages to release his brothers and friends, but during the process he threatens Solomon. Next day, when he gets info that Dennis and friends are being entertained by a local (prostitute), he catches them red handed, with the intention of humbling Ummachan as well as getting as much money as possible from him. Ummachan is the next candidate for the Legislative Assembly and such an incident would mar his political future, so he humbly asks Solomon's services. But Solomon would not budge unless he is bribed 'properly'. Since the stakes are high, he claims to receive a significant amount for his service. Ummachan tries to get Solomon caught by anti-corruption personnel, but fails and finds himself behind the bars for attempted bribery to a police official. Blinded by murderous rage, Dennis try to murder Solomon with his four friends. Solomon beats up all the five and takes Denis to police station. The beating continues and hours of beating up takes its toll and Dennis dies. Solomon with the help of the police constable on duty buries up the body and covers up the murder, but gets a punishment transfer to northern Kerala. At that time, Ummachan threatens him, but Solomon is fearless. He takes charge of Bathiyadukka, which is ruled by Abubaker Haji (Captain Raju). Haji made all his fortune by cheating his wealthy mentor Valiyaveetil Baputi. Baputi's wife and his daughter Nadia is facing eviction from their home because of Baputi's debts. Haji refuses to help them. Haji's son tries to molest Nadia and she files a complaint with new SI. Solomon tries to catch his fish from the muddy waters and arranges a drama which causes the death of Nadia's mother. This was unexpected and for the first time in his life, Solomon's conscience is dented. A couple of days after Haji's son tries to rape Nadia and Solomon saves her. In the meanwhile the constable who assisted Solomon to bury Denis' body turns up at Bathiyadukka and begs Solomon to give him money for his daughter's marriage. He hints that Ummachan is after him to get the info about his brother's remains and ready to offer him anything for that info. Solomon goes to Haji's place for financial assistance but received by his son, who refuses to pay Solomon anything because of the grudge he keeps. In return, Solomon hijacks Haji's bootlegging truck with stuff worth tens of millions rupees and takes 2.5 million rupees instead of the half million he asked earlier. But Haji is cleverer, his men ambushes Solomon on his way back and wounds him. But he recovers and start his life as a new man. He falls in love with Nadia and wants to marry her. The day previous to their marriage, Ummachan with the help of Haji, kidnaps Nadia and uses her as a bait to Solomon to take his revenge on his lost brother's life."
wiki-28111,Black Stallion,"Black Stallion film starts with Irumba John (Ashish Vidyarthi), a dreaded goon who terrorizes the town of Tirupur. His partner in crimes is the local cop Doraiswamy (Pitamagan Mahadevan) who kills him in a market fight. Sollai's son witnesses the killing and he grows up and as per his father’s wishes to be another ""Criminal police"" called Black (Kalabhavan Mani). Later, he takes revenge by killing Doraiswamy and soon becomes a notorious ""thug in uniform"". Laura Singh (Namitha) is a bar dancer, and Black falls for her and tries forcibly to marry her, but she stabs him and runs away to Kochi along with her physically challenged sister. In Kochi, she falls for the charms of a magazine photographer Ameer Usman (Bala) and is soon madly in love with him. However Black and his men are after her blood and she is on the run. Suddenly there is a twist in the tale as Ameer turns out to be the villain with the smiling cheek. Black was actually trying to save Laura from Ameer who wants to sell her to rich foreigners. In the end, Black kills Ameer and wins Laura."
wiki-28115,Punyam Aham ( പുണ്യം അഹം ),"Punyam Aham is set in a small village in northern Kerala. The protagonist is Narayan Unni (Prithviraj Sukumaran), a young man with a Brahmin father and low-caste mother, who separated, leaving the mother to raise him alone. The film tells the story of Unni leaving home and searching for his identity, and then repeating many of his father's mistakes in life. It is based on the story in traditional folklore about Naranath Bhranthan and his father Vararuchi.[1]"
wiki-28130,Pramani ( പ്രമാണി ),"Viswanatha Paniker (Mammootty) is a corrupted Panchayat president of Thazhe Keezhppadam grama panchayath in Kuttanad for 25 years. He earns a lot of wealth through his corruption and by cornering his village people to hand over their lands to him. But he never acquires in his name, instead he gives them to his relatives. He has also been nicknamed 'America' for his tricky ways to play the big brother and thereby getting control over the issues where he gets involved. Panicker's dealings are done through his cousin brother and confidant, Somasekharan (Siddique). On the other hand Castro Vareeth (Janardhanan) is totally different man from Viswanathasa Paniker. He wants his village people to have a peaceful life. The members of the Panchayat who work under Viswanatha Paniker are also ruthless and they are afraid of the arrival of the new Panchayat Secretary Janaki (Sneha) as they claim that she is very strict. On arrival, she finds out that there are so many illegal transactions and threatens that she will write to the higher authority. But, Panicker never listens to her and continue their illegal works. Somasekharan meets Bobby (Fahadh Faasil) who is on his mission to instruct the people about the activities of Panicker and bring them to light. Soma threatens Bobby but he continues his work. Panicker later learns that Bobby is the grandson of Rosy Teacher (Lakshmi) and son of his old friend Varkichan Joseph(Prabhu) and Panicker never comes across his way. Panicker illegally wants to sign an agreement for Cyber Park Project which needs more land for the construction of the building. Janaki is against it claiming that it is an agricultural land. But Panicker-Soma wants the agreement to be signed and Soma house-arrests Janaki along with her ailing mother (K. P. A. C. Lalitha) while Panicker signs the agreement with a secretary for that day in place of Janaki and he controls the other members of Panchayat with the bribe. Later Rosy teacher advises him and asks him to cancel the agreement. She also recites that Panicker has got this job only because of the death of her son, Varkichan and she always wanted Panicker to be honest like her son. Panicker, on the advice of Rosy, plans to cancel the agreement but Soma and the other family members stands against him. They asks him to leave the house if he wants to cancel the agreement. Panicker leaves the house with the Orphan girl, whom he claims that, he saw her in the train on the day of Varkichan's death. Panicker starts living in the Panchayat office and Janaki feels sad for him and starts supporting him on knowing that he had changed. Panicker and Janaki goes to meet the higher authority in Alapuzha to cancel the agreement but the authority says that he had been receiving anonymous letters from the village that there is an illegal relationship between Janaki and Panicker. Janaki insults the authority by saying that he had time to read these letters but never had time to do his job. Soma, who is against Panicker now, brain-washes Bobby's mind that his father Varkichan's death was not an accident but a murder by Panicker to acquire the President post. Bobby, who partially believes it, asks Panicker and says that he is on his way to Trivandrum for work. Next day, Bobby's things are seen near the river and Soma claims that Panicker has killed Bobby as he came to about Panicker's true color. Rosy believes it and she slaps Panicker. Panicker recites the story of her son Varkichan that he had lurked from others for the past 25 years. He says Varkichan had a relationship with a lady after his marriage and fathered a girl and Varkichan had taken him to his concubine's funeral. By accident, Varkichan falls from the train during their return journey. He also says that the girl whom he claimed to be an orphan whom he saw in train, is Varkichan's daughter. Panicker swears that he will bring Bobby back. Panicker slams Soma and finds Bobby. He apologizes to the village and also to Rosy teacher and swears that he will go in a right way."
wiki-28161,Elsamma Enna Aankutty ( എൽസമ്മ എന്ന ആൺകുട്ടി ),"The setting of the story is a picturesque village in the high ranges of Kerala, called Balanpillai City. Elsamma (Ann Augustine) is the eldest among 4 daughters of KPAC Lalitha. After her father's death, she started working as a newspaper agent/ local reporter/ delivery girl to earn some extra income. Unnikrishnan alias Palunni (Kunchacko Boban) is a milkman and close friend of Elsamma who never revealed his love towards her. Kunnel Pappan(Nedumudi Venu) and Elsamma's family share very close ties and stay almost like one family. Elsamma is also a staunch activist who wants to close the local toddy shop run by a strongman, Sugunan (Vijayaraghavan). This brings her into regular conflict with him as well as the Panchayat member Ramanan (Jagathy Sreekumar). Paalunni confides his love for Elsamma to Pappan who promises to convey this to Elsamma when the time is right. Pappan's daughter in law passes away and his grandson, Aby (Indrajith, who shed a few extra pounds) & his sister come to live with their grandparents in Balanpillai City. Aby is attracted by Elsamma and tries to flirt with her, but she rebuffs him. Sugunan calls Aby and his friends who are visiting the village, and tells them to entrap Elsamma and her sisters and create disrepute so Elsamma would leave his illicit liquor business alone. Aby tells Pappan and Elsamma's mother that he wants to marry Elsamma. The wedding gets fixed without the knowledge and consent of Elsamma and Pappan does not object, in spite of knowing that Paalunni likes Elsamma. Elsamma later catches one of Aby's friends, Jerry (Manikuttan) in a compromising position with Aby's sister Sherin (Mridula Murali). When Aby comes to know about this, he beats up Jerry. In retaliation Jerry spills the beans about how Aby's proposal to marry Elsamma was just a gimmick to help the liquor baron to get even with Elsamma. Elsamma later forgives Aby but urges him to go back to where he came from. The movie ends with Elsamma also telling Palunni that she likes him."
wiki-28187,Varan ( വരൻ ),"Sandeep 'Sandy' (Allu Arjun) is a next-gen youngster who parties hard and has a modern outlook, but his idea towards marriage are traditional. As he gets a job in USA, his working parents (Vasundhara (Suhasini) and Raj Gopal (Ashish Vidyarthi)), who got married against their respective parents' wishes, ask him to get married. He accepts and tells them that he will marry a girl of their choice in a ceremony that lasts 5 days. He also refuses to see his bride until the marriage. Everything is arranged according to his wishes, and his marriage is fixed with Deepthi (Bhanu Sri Mehra). At the ceremony, when Sandy and Deepthi see each other, they fall in love at first sight. But the bride is kidnapped by a local goon Diwakar (Arya). Sandy's family try to convince him for another marriage but he firmly refuses and tries finding his bride. And gets to know the whereabouts of Deepthi through his and police investigation. Diwakar kidnapped Deepthi to take revenge from her as she slapped him for misbehaving with her in public. The police, who go to Diwakar's home to bring back Deepthi, get killed by Diwakar and his men. Seeing this, Sandy takes law into his hands and kindnaps Diwakar's brother and gets his bride. In a scuffle, he challenges the villain for a fight on his marriage day to which he agrees. Sandy and Deepthi get married successfully this time with all the rituals. And when they step out of the mandap, the villain attacks the groom and a fight happens in which, at a great difficulty, Sandy overcomes Diwakar and kills him. Sandy and Deepthi then live happily ever after."
wiki-28195,Achan (അച്ഛൻ),"The film is about an elderly gentleman Major Madhava Menon aka Major Maman (Thilakan) who has seen better days but has been left alone, and his emotional relationship with a male nurse, Rahithan (Sasi Eranjikkal). An emotional bond develops between the two. Rahithan considers the Major like his father. In between he gets thoughts of killing the Major to free both the souls of the burden they are carrying. But he can't do it and even rejects a government job in order to serve the Major. In the end, the Major sends Rahithan away at gun point, so that Rahithan should not miss his future."
wiki-28224,Bombay March 12,"The story is about Sameer (Mammootty), a sweeper with the Alappuzha Municipality, who is always on tenterhooks because he is on the police radar whenever there is trouble or an act of terror occurs. Later it is revealed that his brother-in-law Shahjahan (Unni Mukundan) was suspected to be part of the terror team that had planted bombs in Bombay in 1993 and was later killed in an encounter with the Army in Andhra Pradesh. The narrative moves back and forth, slowly connecting Sameer with Shahjahan who had gone to Bombay as an IT professional and from whom much was expected by his family. The innocent youngster gets entangled in the web of a terror group and goes into hiding fearing the safety of his loved ones."
wiki-28544,Aana Mayil Ottakam,"There are three movies in Aana Mayil Ottakam. The first one Aa Aaa E Ee stars Mithun Murali and is directed by Jayakrishnan. It depicts the journey of a schoolboy from a poor family in 1980 and ends in 2015 showing his life progress. The second one, 12 out of 15, directed by Jayakrishna and Anil Sign jointly is about life in a multi-national company. The plot develops in two rooms and Balu Varghese is the main lead. The third one, Fill In The Blanks, with Sharran in the lead, is directed by Anil Sign. The three movies are independent of each other.[4][5][6]"
wiki-28718,Lagna Pahave Karun,"Nishant Barve (Umesh Kamat) is an Indian software designer who works and stays in America. During his return to India he loses his job in the US. He decides to meet and inform his fiancée, Madhura Godbole (Priyanka Barve). When Nishant is going to meet his fiancée he accidentally meets Aditi Tilak (Mukta Barve), a girl who plans to have her own matrimonial agency. Coming to know that his fiancée is more interested in American lifestyle than him Nishant breaks up with her. Once again Nishant accidentally meets Aditi and she shares her dream to have her own matrimonial agency with him. Nishant applies for another job in the United States but is more interested in Aditi's proposal of a matrimonial agency, so he decides not to go to the interview. Praful Patel (Shrikar Pitre) and his girlfriend decide to assist Aditi in her proposal. Nishant and Aditi, along with their associatives, plan innovative ideas on getting people married. They decide not to check the horoscopes of the couple. Thus they start their matrimonial agency, ""Shubhvivaah"". Rahul Kulkarni (Siddharth Chandekar) and Aanandi (Tejashree Pradhan) meet each other through Shubhvivaah and decide to get married. Soon people are attracted by this new way of getting married. On the wedding day of Rahul and Aanandi Nalini Dixit (Swati Chitnis), a renowned astrologer and owner of a successful marriage bureau in Pune declares that their horoscopes don't match and the marriage won't last for more than six months. However, Nishant and Aditi are not affected by this and meanwhile fall in love with each other. Nishant proposes to Aditi and tells her that he rejected his job and a luxurious life in the USA just for her incomplete proposal of matrimonial agency as he loves her. Aditi tells Nishant that no one has ever loved her as he does but she has not thought over it. On the other hand, Rahul and Aanandi start facing problems in their married life because of Aanandi's rigid nature. Aditi and Nishant keep suggesting to Rahul ways to keep Aanandi happy, but in vain. One day, Rahul and Aanandi have a bad fight, after which Rahul meets with an accident. Aditi, out of guilt for failure of Aanandi and Rahul's marriage, stops her marriage institution. An enraged Nishant tells Aditi that she is wrong on her decision and shows his disappointment and disagreement on her decision and decides to leave for America. Meanwhile, Aanandi realises her mistake and reconciles with Rahul. Nishant comes to know about Aditi's past. Aditi had lost her parents and twice her prospective grooms died. People blamed Aditi's destiny for this and no one dared to marry her or keep any kind of relation with her. Nishant then understands why Aditi is always scared and insecure and how she did not respond to his marriage proposal, as she loves him and does not want him to get harmed due to her. Nishant meets Aditi and tells her that its high time she needs to move on and get married, if not with him then with someone else, and settle down. The film ends with Nishant and Aditi sharing a hug (indicating that Aditi has accepted Nishant's marriage proposal) and going somewhere hand in hand."
wiki-28964,Abhimanyu,The film tells the story of the Pandava prince Abhimanyu.
wiki-29187,Kaveriyin Kanavan,"There are two love stories. When Kaveri was a child her father visited his friend in Trichy with her. The friend had a son, Ekambaram, a young boy. Kaveri and Ekambaram got together and spend time playing. Ekambaram's mother did not like it. But Ekambaram's father married Ekambaram and Kaveri while they are still children as per the custom of those times. Soon after, Ekambaram went abroad for further studies. When he returned after studies, his mother said Kaveri has died. So he married another girl. But she dies for some reason. Ekambaram comes to know that Kaveri did not really die. Anandan is Kaveri's brother living in another village. When he heard that his sister fell in a river he is engulfed with sorrow. He gets upset and goes many places like a nomad. He joins a drama troupe. He meets a girl Vasantha and both become lovers. Anandan comes to know that Vasantha's mother is a woman of loose character. He ill treats Vasantha. But Vasantha pleads with him that she is innocent and why he should punish her for her mother's faults. How the problems of the two couples are solved forms the rest of the story.[4]"
wiki-29192,Nala Damayanthi,"Based on a story from the Vana Parva of Mahabharata. Damayanthi is the princess of Vidarbha Kingdom. Nala is the king of Nishadha Kingdom. He is an excellent cook. They love and marry each other and beget two children. But soon they undergo hardships due to Nala losing his kingdom in a game of dice. They get separated but Damayanthi is found and joins her father with her two children. Nala is bitten by a snake and becomes a dwarf. Damayanthi arranges for a fake swayamwara to find her husband. Nala, as a dwarf, attends the ceremony with his master. Damayanthi recognizes him from the food he prepared. Nala is restored to his former self and the couple are re-united."
wiki-29517,Ellorum Nallavare,"With a picturesque village as the backdrop, the storyline includes characters like a greedy moneylender and his repentant son, a good Samaritan who is a victim of the unscrupulous moneylender, his son, the enmity that springs up, romance thrown in for good measure, the fury unleashed by a remorseless nature, and the terrible wages that evil earns."
wiki-29878,Perum Pulli,Perum Pulli is the story of an innocent youth and his love for his mother.
wiki-29917,Thalattu Ketkuthamma,"Raasaiyya (Prabhu), a young man, wants to get married as soon as possible and he compels his uncle (Goundamani). His cousin Pechiamma (Kanaka) is an immature tomboy. After seeing her friend Valli (Mounica) dying while delivering a child, Pechiamma thinks after the marriage, she will die. Raasaiyya finally gets married with Pechiamma. Thereafter, Pechiamma avoids Raasaiyya although he treasures her. One day, Raasaiyya comes drunk in his house and rapes Pechiamma, leaving her pregnant. What transpires later forms the crux of the story."
wiki-30067,Mettupatti Mirasu,"Pazhanisamy (Sivakumar), also known as Mettupatti Mirasu, is a rich and respected village elder, he is married to the arrogant Deivanai (Sathyapriya). They have a son, Siva (Sivakumar), and a niece, Radha (Suman Ranganathan). Siva is going to get married with the village belle Meenakshi (Raadhika), who is from another village. The day of the wedding, the bus in which Meenakshi and her family are travelling is stopped by thieves. Chinnadurai (Arjun Sarja) comes to their rescue and saves the passengers. Afterwards, Siva and Meenakshi get married in time as planned. Karmegam (S. S. Chandran) is Pazhanisamy's accountant for many years, he has an eye on Pazhanisamy's wealth. He wants his son (Viswanath) to get married with Pazhanisamy's niece Radha. Chinnadurai is the newly appointed physical education teacher at the village's school. He lives with his widow mother and the villagers make fun of his late mentally ill father. Thereafter, Chinnadurai and Radha fall in love with each other. When Siva comes to know their love affair, he wants to arrange Radha's marriage as soon as possible with a man with equal prestige. Pazhanisamy calms his son and he promises to find a better solution at his Shashti Poorthi ceremony : in which Pazhanisamy will have to get married a second time with his wife Deivanai. The day of ceremony, Siva sends henchmen to beat up Chinnadurai. Chinnadurai fights the henchmen and stops the Shashti Poorthi ceremony. To everyone's complete surprise, Pazhanisamy ties the mangala sutra around Valliammai's neck (synonym of marriage). In the past, Valliammai worked as maid in Pazhanisamy's home, she was still unmarried. One day, Deivanai left the home with her son Siva for a ceremony in the neighbouring village but they stayed there for more than a week. In the meantime, Siva got sick, and Valliammai stayed with him, they had intercourse. Few weeks later, Valliammai became pregnant. When villages elders asked about the father's identity, she showed a mentally ill man (Krishnamoorthy) to save Pazhanisamy's prestige. Thereafter, Siva turns against his father Pazhanisamy under the guidance of the stingy Karmegam. Pazhanisamy then passes away, before his death Meenakshi promises him to solve the feud between Siva and Chinnadurai. What transpires next forms the rest of the story."
wiki-30194,Thuraimugam,"Naamam (Jai Ganesh) was a union leader respected by the labourers, he lived with his wife Punniyalakshmi (Kavitha) and two children in abject poverty. He even went on hunger strike over salary dispute. The last day of the hunger strike, he was poisoned by his friend Ethiraj (Alex) and thus Ethiraj became the new union leader. Punniyalakshmi and her children suffered hunger, thus her baby girl died. Punniyalakshmi, with her child Johnny into her arms, jumped into the sea. They were later saved by labourers and admitted at the hospital. There, Johnny ran away from his mother. Many years later, Johnny (C. Arunpandian) became a gangster in a port city. Johnny had met his mother but he still hated her and he preferred to maintain distance between them. The police Inspector Alexander Veeramuthu (Georgi George) waited for the right moment to arrest Johnny. Johnny was the friend of the transsexual Gowri Kumar (Livingston) who was Ethiraj's son. One night, Gowri Kumar killed a prostitute. Johnny was then wrongly accused with Gowri Kumar for killing the prostitute. At the court, Gowri Kumar was sentenced to life imprisonment, whereas Johnny got seven-year prison sentence. Seven years later, Johnny is urged to take revenge on the public prosecutor Ramanujam (Poornam Vishwanathan). His first attempt to murder him fails. So he decides to spoil his daughter Rukkumani's (Shobana) life and he even stops her wedding. In the meantime, Johnny clashes with the smuggler Ethiraj. When Ethiraj's henchmen try to kill Johnny, his mother Punniyalakshmi intervenes and dies. Ethiraj then dies in a car accident. The fate leads Johnny to get married with Rukkumani. Rukkumani then changes him into a good person and Johnny starts to work as labourer in the port. All goes well until Gowri Kumar gets released from jail. What transpires next forms the rest of the story."
wiki-30215,Mappillai Gounder,"Prabhu is the son of a rich landlord Vinu Chakravarthy living in a village. Prabhu dreams of marrying his niece Sakshi who lives in the US. Upon her return neither Sakshi nor her father Nizhalgal Ravi are interested in the wedding proposal with Prabhu and this deteriorates Vinu Chakravarthy’s health. Prabhu convinces Sakshi to come to his village and stay for a few days with the hope of his father’s health to improve. Sakshi does not like the village lifestyle initially, however she understands the good nature of Prabhu and gradually falls for him. Meanwhile there is Swathi who works at Prabhu’s home and she also falls for Prabhu but does not express her feelings as she thinks Prabhu loves Sakshi. Sakshi expresses her intention of marrying Prabhu but he denies saying that the village lifestyle will not suit her. Prabhu convinces Sakshi to marry an educated guy as per her match. Finally Prabhu marries Swathi."
wiki-30300,Housefull,"Parthiban plays Ayya, a respected man who runs a cinema theatre. The story begins when bombs are placed inside the theatre during a movie. Surya and Rattan play police officers who want to defuse the bombs without letting the audience know. Vikram plays a man inside the theatre, and Suvalakshmi the woman outside who loves him. Ayya's ex-wife (played by Jayanti) does not help when she makes a tear-filled request to him to evacuate the theatre, against the police's advice. By the time Ayya makes a decision, however, Suvalakshmi has snuck in and warned Vikram; others, hearing her words, begin to run out of the theatre. Panic ensues as everyone makes a mad dash for the door. Ayya helps the audience to get out of the theatre without caring for his own life. Finally when everyone is evacuated, Ayya also comes out of the theatre. Suddenly, the sound of a baby cry is heard inside the theatre. Ayya rushes into the theatre with the hope of saving the baby but the sound is just a scene in the movie that was actually getting played. The bomb explodes and Ayya is dead."
wiki-30448,Thavasi,"Thavasi (Vijayakanth) is an influential do-gooder landlord in a small village, who commands respect from village. Thavasi and his wife (Jayasudha) arrange for the marriage of their son Boopathi (also Vijayakanth) with Priyadarshini/Priya (Soundarya). Sankarapandi (Nassar), who had killed Thavasi's sister after marrying her, wants to marry his daughter (whom he had with his second wife) to Boopathi. Thanagarasu (Sriman), who is accused of stealing jewels, commits suicide. Thangarasu's mother Maragathammal (Vadivukkarasi) questions Thavasi's judgement. Thavasi decides to send Bhoopathi to his home. Maragathammal hates Boopathi and treats him like a dirt though Boopathi tolerates it. Sankarapandi wants his daughter to wed Bhoopathi. Boopathi, unknown to Maragathammal, saves Thanagarasu's dumb sister from Kottaiperumal and also reforms Kaarmegam (Ilavarasu), which Karmegam reveals to Maragathammal in Boopathi's marriage. In the end, a goon who was supposed to be dumb blurts out the truth that Sankarapandi was responsible for the temple theft, and he murdered Thanagarasu and made it to look like suicide. In the end, Bhoopathi unites with Priya."
wiki-30520,Dum,"Satya (Silambarasan) is the son of a police constable. He gets into fights and ends up in jail where his own father gets him out on bail. While he is returning home from a party drunk, a group of college students beat him up. That is when Suchitra (Rakshitha) comes and takes him to the hospital and gives blood. She is the daughter of a police commissioner. Later, Satya falls in love with Suchitra. That leads to several problems which are faced bravely by Satya in the later part of the film. Finally, all goes well, and Satya also receives the letter confirming his selection for IPS.[2]"
wiki-30557,Joot,"From a small rural village, Easwaran (Srikanth) heads to the bigger city of Chennai with his father (Murali) seeking medicine to treat an illness. While in town, they live at the home of Eashwaran's brother (Shyam Ganesh), who's caught up in a dangerous web of corruption involving a thug named Aditya (FEFSI Vijayan). As Aditya continues to head dirty deals with local officials, Eashwaran is in over his head and may need his brother's help."
wiki-30594,"Arjun, Reemma Sen, Divya Spandana, Devayani","Two villages on either side of a river are always feuding as the headmen Veerasamy (Vinu Chakravarthy) and Sethupathy (Fefsi Vijayan) have personal enmity. Due to some misunderstanding, Sethupathy’s children die and the blame falls on Veerasamy. Sethupathy seeks revenge and tries to kill Veerasamy’s son but is saved by his servant's son but the boy disappears. 20 years later Shiva (Arjun) is seen arriving in Kumbakonam living with a bakery owner Veerabagu (Vadivelu). Shiva’s mission is to protect Devayani and her son from all sorts of gangsters. Priya (Reema Sen) walks into the bakery. Though she dislikes and torments Veerabhagu, she falls for Shiva. Sooner, the true identity of Shiva is revealed as he saves Devayani and her son from being murdered by Sethupathy’s son. When questioned about his identity it is revealed in flashback that Shiva is Giri, the hatchet man of Veerasamy. Devayani’s husband DSP Chandrashekhar is actually Suryaprakash (Prakash Raj) ,the long lost son of Veerasamy and he was killed by Sethupathy. To protect the rest of the family, Giri was sent to bring them back to the village. In the village Giri has another love interest, Devaki (Ramya) the niece of Sethupathy. All this leads to a bloody climax during a boat race and Sethupathy and his family are wiped out by Giri. And the film ends with both the girls cling on to Giri."
wiki-30780,Tholaipesi,"The movie revolves around Vedachala alias Veda (Vikramaditya), who continues to lead a playboy life even after his marriage with Anita (Priyanka). Thanks to his cellphone, Anita comes to know of his illicit affair with Reema (Divya). Life takes a turn for Veda. Did he set his house in order forms the crux."
wiki-30804,Kannamoochi Yenada,"Harish Venkatraman (Prithviraj Sukumaran), a software architect by profession who lives in Malaysia, is the millionaire nephew of Maheswaran Iyer (Radharavi). Having lost his parents early in life, he runs the business of his uncle with impressive results. He stumbles upon the psychiatry student Devasena (Sandhya), in the most cinematic manner, and as script would have it, he falls for her that very instant. Deva is the daughter of Commissioner Arumugam Gounder (Sathyaraj) and Dhamayanthi (Raadhika) in Chennai. As the plot progresses, Deva is being summoned by her parents for their silver jubilee wedding anniversary back home. Notwithstanding the fact that he has a flourishing business to attend to and much to the wrath of his uncle - who arranges for his wedding with his business partner’s daughter - Harish takes the next flight to Chennai to accompany Deva. He is subjected to a warm welcome by Dhamayanthi and a cold shoulder by Arumugam. To make matters worse, Maheswaran Iyer's vicious character assassination – in the name of a complaint he sends to the police commissioner’s office – doesn’t help Harish in the task of gaining enough confidence among his girlfriend’s parents. Will Harish ever win his love back, now that his chance of impressing Deva’s parents are doomed?"
wiki-31112,Kazhugu,"Sera (Krishna) is a guy who earns his living by retrieving dead bodies from Kodaikanal's Green Valley View suicide point. Nandu (Karunas), Shanmugam (Thambi Ramaiah) and a mute friend are part of Sera's crew. Sera meets Kavitha (Bindu Madhavi) when he and his crew retrieve her sister's body from a gully, after the sister had committed suicide with her boyfriend. Kavitha gradually falls in love with Sera. A parallel plot is of Iyya (Jayaprakash), who trades in stolen tea, with corrupt officials turning a blind eye to his activities. Iyya's gang kills four police officers during a raid and throw the dead bodies from the suicide point. Iyya, who knows Shanmugam, threatens him not to retrieve the bodies of the police officers during investigation. Fearing for their lives, Shanmugam tries to convince Sera not to retrieve the bodies. Brushing aside Shanmugam's fears, Sera's crew retrieves the bodies of the police officers due to a sense of duty. After retrieving the bodies, Sera informs the police of the murder by Iyya, resulting in Iyya's arrest. Iyya comes out in bail and his men kill Shanmugam, Nandu and the mute friend of Sera. Sera gets furious seeing their dead bodies and avenges by killing Iyya’s henchmen. Now Kavitha consoles Sera and they both decide to run away from Kodaikanal to lead a peaceful life. They both board a jeep and on the way, Iyya arrives with his men and they start attacking Sera. However, Sera retaliates and kills most of them thereby killing Iyya also. Sera rushes back to the jeep but is shocked to see Kavitha dead. Sera understands that Kavitha was accidentally stabbed to death during the fight. Sera cries loud and jumps from the mountain and kills himself along with the dead body of Kavitha."
wiki-31182,Aadhalal Kadhal Seiveer,"The plot revolves around Karthik and Shwetha, who are college mates from upper-middle-class families. While in college, they meet through some common friends and hang out often as a group. Shwetha has a childhood friend Genni, who is very protective of her and often wards off the boys who try to hit on Shwetha, and Karthik's friend Jai on the other hand encourages him to fall in love. Karthik falls in love with Shwetha eventually, but he hesitates to tell her. On Shwetha's birthday, Karthik intends to propose her but when he hesitates yet again, Jai lets the cat out of the bag, and tells that Karthik loves her, but Shwetha rejects the proposal. After a series of pursuing and some serious drama like falling from a moving bus, Shwetha agrees to Karthik's proposal. Genni advises Shwetha to avoid Karthik, since Shwetha is equally interested in Karthik, she conceals all the proceedings from Genni. But Genni happens to find out about them, and she confronts and Shwetha seems to apologize, but after Genni finds that Shwetha has made Karthik to overhear their girl talk through her mobile, she splits up from Shwetha and complains to Shwetha's mom that she is going out with some guy. Shwetha tackles her mom by blaming that she avoided Genni because is rotten in mind and is jealous. So to seek revenge, she must be doing this on purpose. Her mom gets suspicious but still believes Shwetha's side of the story. Karthik and Shwetha continue to see each other. Soon one thing leads to another and they get intimate during overnight trips and outings. Within two months, Shwetha finds that she has missed her period, coincidentally her mom asks why she has not used her sanitary napkins and there are so many left overs. She manages the situation by telling that she used the pads from her friend's house when she stayed there. Shwetha confides in Karthik and few other friends that she might be pregnant and they ask her to perform a self pregnancy test which turns out to be positive. So they go to some unknown place to abort the foetus posing as a married couple. But the doctor gets suspicious when they answer irrelevantly and chucks them out. They find another person who does the abortion through a hostel warden and learn that this new place is pretty expensive. Karthik, Shwetha, Jai and other friends try to arrange for money and finally on the day the abortion is supposed to be done, Shwetha vomits in front of her mother at her house. When her mom insists that they go to a doctor to check for food poisoning, Shwetha becomes restless and shouts at her. Her mom relates the unused pads and her vomiting and her behavior and realizes that she is pregnant and then all hell breaks loose. Shwetha's dad speaks to Karthik's dad along with few relatives, and they argue. Shwetha's family, being on the receiving end want to finish the problem by getting them married. But Karthik's dad is not interested since his reputation will be spoiled. So, the lovers plan to elope and while they are on the way, Shwetha changes her mind and tells that her parents will feel bad. Karthik on the other hand tells that his parents will not agree for them to be together. They argue a lot and that forms a rift between them, but still they choose to stay together and return home. The families continue to argue about the marriage, and then finally Karthik's parents agree, provided Shwetha aborts the baby. But she refuses telling that the sole evidence will be lost and then again Karthik's parents will not get them married. Karthik tries to convince her, but it only leads to another argument and Shwetha walks off leaving an irate Karthik behind. The parents also argue about the marriage and when some relatives speak ill about Shwetha and her character, (that she has acted like a prostitute and so she must take money for her services and not ask for marriage) Shwetha's father gets insulted and he leaves the place in tears. When Shwetha's mom knows this, she fights with Karthik's parents in front of their house, but Karthik has now changed his mind about marrying Shwetha because of the previous argument and he doesn't care anymore and is selfish and stone faced even when her whole family is in tears in front of his house. That is when Shwetha too decides that she doesn't want to be with Karthik anymore. And they leave his place. Finally,a few months later a baby boy is born and Shwetha's dad leaves him in an orphanage. Two years later, we find that Shwetha is happily getting engaged to someone else, while Karthik is busy in a coffee shop flirting with another girl and the little child grows up in the orphanage without parental love and care."
wiki-31490,Velaikkaran,"Arivu (Sivakarthikeyan) hails from Kolaikkara Kuppam aka Cooliekkara Kuppam a slum area in Chennai. He is one such responsible youth, who wants to focus on the upliftment of his fellow beings and he works hard for the same. Arivu starts Kuppam FM 90.8, a local radio channel with the help of the area gangster Kasi (Prakash Raj). In reality, Arivu tries to free the people of the area from the atrocities of Kasi, who is deliberately preventing them from becoming independent, so that he may continue to dominate the area. Arivu succeeds in turning the people of the area against Kasi, thus destroying his support. Later, Arivu joins a leading FMCG company, Saffron and joins its sales department under Stella Bruce (Thambi Ramaiah). He also manages to bring his friend Bhagya (Vijay Vasanth) out of Kasi's gang and gets him a job in Saffron. He meets Aadhi (Fahadh Faasil), the Brand Manager of Saffron, who teaches him how to progress by doing smart work and Arivu considers him as his inspiration. On the night of April 1, Kasi and his gang attack Bhagya and brutally stab him in Saffron's godown (warehouse), whereupon he dies in the hands of Arivu. Arivu filled with rage, tries to attack Kasi. But, Kasi's rival Doss (Sharath Lohitashwa) attacks and brutally stabs him in retaliation for their previous encounter and Arivu admonishes Kasi for being such a paid henchman. Kasi reveals to Arivu that he killed Bhagya on a contract given by Jayaram (Anish Kuruvilla) the President of Saffron company, due to the fact that Bhagya tries to help Kasthuri (Sneha), who files a case claiming Saffron's products to be adulterated, due to which she had lost her son. Arivu is addressed by Kasi as being a worse hitman than he himself is. Arivu then saves Kasi. Arivu is also told by Kasi that all the products manufactured by his company are adulterated. He takes up a mission to fight such malpractices not only in Saffron, but also in all the other five major food companies, including the company owned by Madhav Kurup (Mahesh Manjrekar). Arivu shares all of his plans with Aadhi. Meanwhile, it is revealed that Aadhi is actually Adhiban Madhav and he is the son of Madhav Kurup. He joined Saffron to know their trade secrets and merge the company with his father's company. Arivu manages to convince the staff of his company to manufacture products as per Government regulations for two days, while he convinces the staff of the other companies to wear a kerchief on their dresses for the next two days, thus tricking the owners into believing that their workers have turned against them. But, Aadhi manages to foil this plan of Arivu and coerces the other owners to write over the major shares of their company to Madhav Kurup, thus making him the deciding authority of all their companies. Aadhi then manages to turn all the employees against Arivu by tricking them into believing that Arivu worked as a spy for Madhav Kurup. Stella Bruce then slaps Arivu and humiliates him, while Aadhi pretends to defend Arivu claiming that he is innocent and it is the new president who conspired all these. After this, Arivu reveals to Aadhi that Stella Bruce was his ally and he now knows that Aadhi is the true traitor. Aadhi then burns down the go down containing the unadulterated products and reveals to Arivu that he is the son of Madhav Kurup, and that he will be the next CEO of the company. He also convinces the staff through his clever tactics and makes them propose his name as the new CEO, also revealing to Arivu that he will make them manufacture adulterated products without their knowledge, now that he command their loyalty, support and trust. Arivu goes to the Radio Mirchi radio station on the same day, which a night before May 1 and reveals that after the fire accident, one of the injured department heads of Saffron Karpaga Vinayagam (Ramdoss) called him into the ambulance and told him that he followed the regulations on the third day too. Arivu also got to know from the other team workers of Saffron Kennedy (Mansoor Ali Khan), Vinoth (Kaali Venkat), Ansari (Aruldoss) and Sivaranjani (Vinodhini Vaidyanathan) that after manufacturing quality products for two days, they could not bring themselves to manufacture adulterated products on the next day, and they all followed Government regulations, thus manufacturing quality products on the next day too. Aadhi now the CEO, hears the workers say that they will rebel against him and depose him if tries to revert to manufacturing adulterated products. Arivu further adds that the loyalty of all the employees in each and every field shouldn't be wasted by showing it towards unethical employers. Aadhi vents out his frustration on the permanent failure of his plan. All the people in the city shows their support to Arivu. Arivu celebrates his success along with Mrinalini (Nayanthara) his love interest, his friends, his family, the people of his slum and the people of the city as the movie ends."
wiki-31512,Laila Majnu,"Laila (Bhanumathi Ramakrishna) is the daughter of Ameer Sarvaar (Mukkamala), and Khais (Akkineni Nageswara Rao), the son of Ameer Umri (Arani Satyanarayana). Love blossoms between Laila and Khais as they grow up. Ameer Sarvaar, unable to dissuade his daughter from seeing Khais, shifts to Mecca. Khais follows her to Mecca and roams in the streets uttering her name. People take him to be a mad person (Majnu) and throw stones at him. The story takes a lot of twists and turns from here on. The King of Iraq (C.S.R), who comes on a visit to Mecca, sees Laila and decides to marry her. Meanwhile, Ameer Umri pleads with his erstwhile friend Sarvaar to save his son. Sarvaar agrees to get his daughter married to Khais if it is proved that he is not mad. A test is conducted and Khais emerges successful. Just when the marriage is to be performed, Sarvaar receives a proposal from the King of Iraq that he wishes to marry Laila. Sarvaar changes his mind, and performs his daughter’s marriage with the King. Laila leaves for Iraq and Khais wanders aimlessly in the desert. The King already has a mistress Zareena (Sriranjani Jr). On coming to know of Laila’s story, she tries to help her. Soon thereafter, the Prince to repents, calls Laila his sister and sends her back to Khais. The lovers are about to meet in the desert, but fate wills it otherwise and a heavy sandstorm takes its toll."
wiki-31671,Tene Manasulu,"Srinivasa Rao (K. Rao) is cheated by his friend Narasaraju (Murthy) who steal the money that he saved for the marriage of his daughter Bhanumati (Sukanya). Srinivasa Rao runs away from home because of this. Bhanumati goes to the city where she meets Basavaraju (Krishna), with whom her marriage was arranged before. They fall in love."
wiki-31776,Maro Charitra,The story revolves around a Telugu girl and Tamil boy who fall in love. Their families interfere and ask them to stay away from each other for a whole year which results in a tragic end.
wiki-32094,Preminchu,"Meena (Laya) is a college girl who was born blind. She is confident and independent individual, and overcomes the hurdle of blindness. She lives like a normal person with the display of her extraordinary control over the other four senses. She meets Suresh (Sai Kiran) by an accident and their friendship starts growing. His impression for Meena increases when he knows that she is blind. Dolly (Roopa) is a cousin of Suresh. She is in deep love with him. Her father Kota encourages his daughter to marry very rich Suresh. Meena completes her studies by getting the state first rank. She takes up the profession of a lawyer. Vasu (Murai Mohan), father of Meena, decides to marry his daughter to Suresh after coming to know their love story. When Vasu goes to Suresh's house with the marriage proposal, he realizes that the aunt of Suresh is none but his divorced wife Kousalya (Lakshmi). In the flash-back, Vasu and Kousalya have differences when they realized that their baby girl is blind. Vasu is in favor of accepting her and Kousalya wants to get rid of her daughter by keeping the baby in an orphanage. The couple get divorced and Vasu takes the baby and raises her to the present position. Rest of the film is about how Meena, in spite of being blind, takes on her mother Kousalya and gets the entire family united."
wiki-32366,Nenu Meeku Telusa...?,Aditya (Manchu Manoj) is a short term memory loss patient. He suffers a brain damaging accident in which his father also expires. In order to continue with his day-to-day activities he depends on an audio cassette timed every morning by himself the previous night. There are only 2 people in his life who know about his medical condition his Doctor and his Uncle (Nassar). He also has a Girl Friend Madhumitha (Riya Sen). Aditya has 2 Important rules in his everyday regimen 1. Not to get drunk out side. 2. And no matter where he goes he has to ensure he sleeps only in his home. Because he has to listen the tape next morning or else he will not remember anything. One fine day all his friends in the office call him to a party and force him to drink he gets fully drunk and wakes up in his bedroom the next morning the tape he uses everyday to refresh his memory is erased and he has no clue who did it he starts to reconstruct his memories by whatever is available in his sight. As he starts to leave his flat police come and interrogate him and asks him that he has complained about a missing car. As he doesn't remember the same he denies giving a complaint however the police finds the car in the basement parking they open the car and find the dead body of Aditya's uncle in the car's trunk. He gets arrested and the police initially think that he is lying but eventually when he is submitted to court the judge submits him for medical examination and they come to understand that he is a patient of short term memory loss. As the case is still not solved police officer Anjali (Sneha Ullal) takes up the case by specially requesting the D.G.P. Now the story goes back into flashback where Aditya and Anjali are actually college sweethearts and break up because of a minor misunderstanding after which Aditya reconciles and try to reach her back but then he meets with an accident and forgets his past. Now the story again returns to present where Anjali gets deeply involved with the investigation but meets with a dead end at every corner and finally Aditya decides that he himself can solve the case and as the only problem is if he sleeps he will forget hence he decides not to sleep till the case is solved he tries to dig into his past and see if he can find any clues and he finds out that Anjali was actually his girlfriend. Finally he calls up Madhumitha and Anjali tell them that he has solved the case and asks them to come at 7 the next morning when he will reveal the murderer. Aditya believes that Anjali might be the killer and waits for dawn he controls himself the whole night but just as it was about it be 7 his eyes finally give out and he falls asleep by the time he wakes up he sees both Anjali and Madhumitha are holding guns against each other and both ask Aditya to help. Finally Aditya shoots Madhumitha out of instinct and she dies instantly there. Madhumitha's brother comes out and reveals the entire crime to Anjali he confesses that Madhumitha wants to become the Managing Director of the company but as Aditya is the legal heir he will precede his uncle to that post hence she plans and becomes Aditya's Girl Friend with an intent to steal the entire property but as his uncle came to know about that fact Madhumitha and her brother kill him and keep the deadbody in Aditya's car so that the police may suspect him. The movie ends with Aditya getting married to Anjali who later on reminds him every morning about his past without him referring to a tape.
wiki-32381,Prayanam,This is a story of a boy and girl who meet for the first time in an airport and fall in love before they board their flights. Dhruv is the boy and Harika is the girl. They are distinctive individuals. Dhruv is a kind of boy who loves to take chances in life. Harika is one who likes to make right choices in life. She is doing Masters in Lifestyles Design Academy in Malaysia. Right now she is on her way to India to meet a prospective groom whom her parents have chosen for her. Dhruv falls in love at first sight with Harika when he sees her at the airport. But he has only two hours to make her fall in love with him. The rest of the story is about how he succeeds.
wiki-32404,Bumper Offer,"Sai (Sairam Shankar) completes his education and wastes his time. He refuses to marry as her mother Ramanamma (Kovai Sarala) wanted to put some responsibility on him. Sai""s father Rao is a clerk with a real estate firm run by Surya Prakash (Sayaji Shinde). Once, Surya Prakash""s daughter Aiswarya (Bindu Madhavi) breaks the leg of Sai mistaking him to be someone who tried to tease her. This makes him lose his heart to Aiswarya. After a few turn of events, Aiswarya too falls flat for Sai. But this irks Surya Prakash who tried to thrash both Rao and Sai black and blue. Aiswarya reaches the spot and warns that she would shoot herself if any harm is done to them. Surya Prakash budges to the situation and gives an offer to Sai to earn at least five per cent value of his assets and marry Aiswarya. But the latter refuses the offer saying that he is giving another bumper offer to Surya Prakash that he would make him lose his entire property and assets and pull him down to the earth and make him equal to their family to catch the hand of Aiswarya. What plans did Sai make to make Surya Prakash bankrupt? What happens to the love between Sai and Aiswarya? Who is Mallikarjun and what kind of help or harm did he do to Sai? Did Sai emerge victorious in teaching a lesson to Surya Prakash? Answers to all these questions form part of the climax."
wiki-32449,Mirapakaya,"Rishi (Ravi Teja) is an inspector in the Intelligence Bureau. His colleagues fondly call him 'Mirapakaay'. The chief of the IB, Narayana Murthy (Nagababu) gets information that Kittu (Prakash Raj), a mafia don, is trying to spread his tentacles in India and is targeting Delhi first. During the course of the investigation, ACP Srinivas (Sanjay Swaroop) is killed by Shankar (Kota Srinivasa Rao), a local goon with the help of his son (Supreet). Murthy sends Rishi to Hyderabad and gets him admitted to a college as a Hindi lecturer as part of an undercover operation. Rishi meets Vinamra (Richa Gangopadhyay) at a temple, and falls in love at first sight. Incidentally, she studies in the same college and in the same class to which Rishi teaches Hindi. Their love blossoms. At this juncture, Vaishali (Deeksha Seth), Kittu's daughter, joins the same college. Grabbing the opportunity, the IB chief asks Rishi to extract information about Kittu from Vaishali by flirting with her and making her fall in love. Rishi manages to make Vaishali fall for him and using her, he reaches Kittu after killing Shankar and his son. He finally arrests Kittu and his gang. The film ends with Rishi convincing an angry Vinamra to marry him."
wiki-32581,Something Something,"Kumar Giri (Siddharth) is a software engineer who lives with his three sisters and their families. All of the marriages in his family have been love marriages for generations but he always has trouble with girls. He becomes shy and reserved when he has to talk with women and maintains a low profile in his work place. One day, Sanjana (Hansika Motwani) joins his office and he becomes infatuated with her but can't express his feelings. At that time he gets introduced to Premji (Brahmanandam), who earns his living by helping people to woo women. Kumar starts to take advises from Premji by paying large amounts of money. Premji helps Kumar to get himself a makeover and gives him tips to flirt with girls. Kumar becomes more confident while dealing with women and tries to get closer to Sanjana. On Premji's advise, he spreads the rumor of Sanjana seeing her project manager George (Ganesh Venkatraman) and Sanjana gets infuriated over the rumor and stops spending time with George. But George asks her to be his girlfriend before everyone on her birthday party and she accepts, leaving Kumar heartbroken. Premji then intervenes and helps Kumar to spread rumors on George's playboy character. After some drama, Sanjana decides to break up with George and tells him that. Kumar approaches her while she was coming back and tells her that George changed his facebook status to single which was so quick according to Sanjana. She gets infuriated and starts spending time with Kumar. Kumar utilizes that time to impress Sanjana with the help of Premji. He tells Kumar to directly ask her father for her hand in marriage to impress them and his father agrees. Sanjana gets impressed with his sincerity and they start dating. But one day Premji sees them in a temple and recognizes her as his elder sister's daughter and gets shocked. He tries to break them up and fails in every attempt. Finally he understands that though Kumar took his help to impress her, he sincerely loves her and would be a suitable husband for his niece. Sanjana comes to know that they have played tricks on her and not only rejects to marry Kumar but wants to go to Tokyo to maintain some distance. Premji and Kumar play their last trick of accident and stops her. They both reconcile and Sanjana decides to stay in Hyderabad and marry Kumar. She overhears their conversation regarding accident setup but laughs heartily at their tricks to impress her."
wiki-32909,Intentions of Murder,"The film tells the story of a dull, plump housewife living in poverty with a common-law husband. After being raped by a thief, she is repeatedly accosted by him as he falls madly in love with her. Stuck between her adulterous, unloving husband and the rapist she struggles to find happiness."
wiki-33295,Jin Roh,"The story is set in a parallel 1950s Japan, in which Germany has conquered Japan. It focuses on Kazuki Fuse, a member of the elite Kerberos Panzer Cops, a metropolitan antiterror unit. Fuse confronts his own humanity when he fails to shoot a young female terrorist. The girl detonates a bomb in front of him, only killing herself. The incident damages the reputation of the unit and Kazuki is punished. He visits the ashes of the dead girl and meets Kei Amemiya, who claims to be the elder sister of the terrorist. They develop a relationship. Kei is eventually revealed to not be the suicide bomber's sister but instead a former bomb courier and a honey trap acting on behalf of the Special Unit's rival division Public Security. A trap is set up where Kei calls Kazuki one night to say that strange men are following her. It is in fact a Capitol Police joint operation with the Public Security Division intended to discredit the Special Unit, showing a terrorist passing a satchel bomb to a Panzer Cop. Kazuki sneaks in, seizes Kei – neutralizing Capitol Police agents – and gets out of the place with the Public Security Division agents in hot pursuit. Eventually they throw off their pursuers. They make their way to the sewers once more, where they are met by members of the Wolf Brigade – a secret, deep-cover unit in the Kerberos Corps led by Hajime Handa. They greet Kazuki and give him a full set of armor and weaponry, before leaving with Kei in tow. It is explained to Kei that the whole affair has been a plot within a plot, as the Wolf Brigade has used Public Security Division's plan to flush out those who were most active in trying to eliminate the Kerberos Corps, and eliminate them in turn. After following the tracking device, Public Security agents make their way to the sewers. They attempt to find Kazuki, without realizing that they are heading into a trap. Kazuki slaughters them all. Eventually, the Wolf Brigade and Kei end up at a junkyard to dispose of the bodies. Kazuki is ordered to kill Kei by his superior to ensure she is not recaptured by Public Security. Kazuki then questions the order and his superior threatens him with being kicked out of the unit. Kei embraces Kazuki, she recites the dialogue between the Big Bad Wolf and Red Riding Hood, Kazuki begins to sob, a shot is heard and Kei's monologue is suddenly cut off, she sinks onto the ground. The camera locks onto another member of the Wolf-Brigade, who is securing his gun, apparently he did not have to use it, because Kazuki did. His superior then finishes Kei's monologue with the words ""And then the Wolf, ate up the Little Red Riding Hood."""
wiki-33385,Dragon Head,"The story begins with Teru Aoki (青木 輝), the main protagonist, on a train to Tokyo after a school trip. Just before entering a tunnel, Teru briefly sees something in the distance, though he doesn't understand what he saw. Soon after entering the tunnel, a powerful earthquake makes the train derail and partially destroys it, and blocks both sides of the tunnel with rubble. Knocked unconscious during the derailment, when he reawakens Teru finds, much to his horror, that all of his teachers and classmates have died in the crash. Wandering the wrecked wagons of the train, he finds Nobuo Takahashi (高橋 のぶお), a highly unnerved boy who apparently was being bullied at school, and Ako Seto (瀬戸 憧子), who is unconscious and wounded. Teru gives what medical attention he can to Ako, who wakes up after several days. While they find temporary shelter, food and water in the dining wagon of the train, Nobuo, shocked by the fact that the tunnel is completely sealed and they are buried alive, starts giving in to his fear, to the point where he declares that ""something"" is lurking in the darkness of the tunnel. Before long, he starts wandering the corpses-filled wagons, muttering incoherently to himself, and declares the wrecked train to be his and his only. This forces Teru and Ako to take supplies and build up a makeshift shelter out of the train, where they live for some time. After a number of days pass without any sort of relief or rescue party coming, Teru decides to try to find an escape route out of the tunnel, and ventures into a partially collapsed ventilation shaft. Meanwhile, Nobuo has given in to his fear and has become crazy and deranged, painting his body as if he was a primitive savage and mutilating the corpse of a teacher, thinking he's still alive. He kidnaps Ako and almost rapes her, though she manages to escape. In the ventilation shafts, Teru is suddenly hit by a powerful stream of contaminated water, which saves him from a previous cave-in that almost buried him alive, and the shaft collapses while the tunnel is rocked by more powerful tremors. In the chaos, amidst falling rocks and choking steam, Teru notices Ako chased by a crazed Nobuo, armed with a makeshift spear built from a pole and a kitchen knife, and comes to the girl's rescue. He gets stabbed in the shoulder, but manages to overcome and soundly beat Nobuo, before almost killing him with a rock. However, he and Ako soon escape after the tunnel starts collapsing and, incredibly, lava begins flowing in it. They succeed in escaping through the ventilation shafts, but Nobuo is left behind in the darkness, and is never seen again. After wandering through the shafts and a labyrinth of sewer-like tunnels, the two survivors finally surface in a destroyed and deserted wastewater treatment plant. For the first time they take a sight at the landscape, which is covered by a thick layer of grayish, dense dust. The sky itself is filled with ominous clouds, thick enough to almost blot out the Sun. A functioning TV, found in the plant among some other supplies, reveals to them that there is much danger in Tokyo, and that most cities have been taken over by looters. There appears to be no functioning government anymore. While exploring the plant, Ako notices someone and, following them, they soon reach a small hospital in ruins, where they are helped by a group of teenage survivors. They give them supplies and clothing, and tell them they want to go to Tokyo, and initially Ako and Teru decide to go with this group, however after witnessing them dancing like madmen amidst dead cattle and wounding themselves in the frenzy, they decide to go by themselves. During the trek they are almost killed by a sudden mudslide, and soon after they see a squadron of military helicopters in the sky above them. Following the direction of the helicopters, they arrive to a deserted small town, which is completely in ruins. Exploring it, Teru gets separated from Ako after he notices a helicopter and, thinking they can be rescued, goes investigating. The helicopter, which was part of the larger squadron saw by Ako and Teru before and got lost in the dust, is crewed by Captain Nimura (仁村), pilot Iwada (岩田), and crewmen Yamazaki (山崎) and Ōike (大池). While Iwada seems to be the voice of reason of the group, Nimura is a dangerous and unprofessional soldier, apparently unfazed by the devastation around him, calmly listening to music and reading pornographic magazines instead of focusing on more important problems - food and fuel for the helicopter. He even pulls a gun on Iwada when annoyed by him, and chases away Teru when he begs them for help. Meanwhile, Ako encounters Yamazaki, who left the rest of the crew in search of fuel. Seeing Yamazaki return wounded and with knowledge that there's a girl in town, Nimura and Ōike grab guns and starts searching for her. Teru briefly tries to stop them, but he is knocked out by Nimura, though he manages to recover. However, the stress of the situation, the urge to defend Ako and the hatred for the soldiers leave him in a precarious state of mind, and he briefly ""gives in to the darkness"" much like Nobuo, hiding himself while the soldiers resume their search and preparing Molotov cocktails. Meanwhile, the weather starts to change, with the sky becoming reddish and lightning falling even though there are no clouds. Nimura and Ōike separate in their search, and soon after, the latter finds Teru in a crazed state. He tries to reason with him, before noticing the petrol bomb in his hand and trying to disarm him. Unfortunately for him, Teru's grip slips and the petrol bomb crashes at Ōike's feet, burning him to death. He then confronts Nimura, though the situation is cut short by a huge conflagration which starts burning down the town. Meanwhile, Ako has managed to fend off Yamazaki, grab hold of his gun and force him to take her to the helicopter. The conflagration quickly becomes a powerful firestorm, and Nimura and Teru have to quickly escape. At the schoolyard where the helicopter landed, Iwada and Ako take off, leaving Yamazaki behind when they witness the formation of a series of enormous fire tornadoes. Yamazaki is burned alive by the heat, and Nimura and Teru almost share the same fate if not for Ako's insistence to rescue them. They are saved in the nick of time when Iwada lands the helicopter near them and takes them aboard. The group leaves the town, now completely engulfed in flames. After another near-brush with death, Teru finally gives in to his injuries and falls unconscious, much to Ako's worry. After flying into a massive, thick cloud and getting lost, the team ends up landing by a cliff in search for fuel. Iwada and Nimura go over the geography. Because the ash cloud is between them and Tokyo and it's impossible to fly directly through it without damaging the helicopter's engine, they decide to take a detour through the Izu peninsula. Iwada worries about the lack of fuel, wondering if they even have enough to reach Izu. Before they can gather much, the road starts to collapse into the sea and they have to fly away. They land in Izu, and meet a survivor, a former teacher who tells them that a tsunami hit, reaching far inland, and the main town has been taken over by looters. She has medical training and tells them Teru has tetanus, due to the untreated wound inflicted to him by Nobuo in the tunnel. Iwada stays behind to repair the helicopter, while Ako and Nimura, much to his annoyance, go to the nearby town searching for medicine and fuel. To not let Nimura doing anything dangerous, he is given weapons but no ammunition, which Ako carries instead, to give him only if the situation demands it. They are also given radios to remain in contact with Iwada. During the trek to the town, Ako and Nimura have to camp out for the night, and they briefly see lights in the distance. The next day, they find mutilated bodies at a nearby lake, and soon after encounter survivors, a frightened young man and his companion, a seemingly disabled boy with strange scars on his head. Other people appear, these ones from the town Ako and Nimura are trying to reach, and attack them in a frenzy. The silent boy gets badly burned on his arm, but incredibly doesn't emit a sound even in that situation, as if completely numb to pain. A man from the mob, a policeman, shoots and wounds Nimura, and he, Ako and the scarred boy are captured and brought to the town. Once they regain consciousness, Ako and Nimura find that the town is in ruins and mostly barricaded to prevent those inside from escaping, and that due to the tsunami, the Izu peninsula has now become an island separated from mainland Japan. This isolation left the survivors without food and, due to the dire circumstances, they all went mad and killed their relatives, burning them all in the town hall. They too plan mass suicide, though the sight of Ako makes them even more crazed, wanting to kill her as if she was a sacrifice before their own death. Fortunately, Nimura, Ako and the scarred boy, whose name is Kikuchi, manage to escape from the crazed mob, though they can't leave town. The trio run to a building filled with gasoline, the place where the mad survivors of the town plan to kill themselves. They leave the building behind and manage to reach the town's hospital, though in the process Ako has to kill some of the townspeople to defend herself. In the hospital, Ako and Nimura briefly barricade themselves, and she finds the much-needed medicine for Teru. With the medicine secured, she tries to find out an escape route from the hospital, and while doing so notices that Kikuchi has wandered off. When she finds him, he mentions a certain painting believed to be related to the events, and calls himself Dragon Head. Soon after, they are cornered in the hospital by the townspeople. Nimura and Ako fight through a wave of them and escape on a motorcycle. Kikuchi, left alone, is beaten into a bloody pulp by one of the aggressors, but scares him off when he doesn't die of his injuries, and mocks everyone for the fear they feel. Nimura, on the other hand, explains that he looks out only for himself, but says that he is different from the townspeople — he is afraid to die, unlike them. Meanwhile, a less-defeatist, small group of townspeople find the radio in the forest, left there when Ako and Nimura were caught. They call Iwada and pretend to have hostages. Iwada flies to them and they invade the helicopter, trying to commandeer it. He is forced to land, but while they argue over who gets to fly away he takes a rocket launcher and blows them away. He takes off again to the town, but he is wounded when one of the invaders manages to enter the helicopter and shoots one of his ears off with a gunshot. Iwada fends him off and resumes his fly. Ako and Nimura climb to the top of the funeral pyre building, just as the black cloud they tried to avoid before moves over the Izu peninsula. Iwada rescues them in time, and they manage to load a number of fuel barrels on the helicopter before leaving for good. As the town is completely engulfed in the massive cloud, a townsperson ignites the pyre and blows the building up, burning to death with the other survivors. Somehow, Kikuchi had followed, and they see him on the rooftop, on fire and showing no expression, as they leave, a sight that greatly disturbs Ako. The helicopter lands back at the woman's home. Thanks to the medicine brought back from town, she heals Teru. Teru and Ako agree to look for their families in Tokyo, and to remain together. Remembering the words from Kikuchi, Ako reaches a nearby building where, reading through some books, manages to link the ""painting"" Kikuchi spoke about to Mount Fuji. Iwada says he wants to go to Tokyo too, and also to see Mount Fuji. Everyone comes with except for the lady, who stays back to rebuild her destroyed town. Parting with Ako and Teru, she warns them not to give in to fear, and that fear itself can be faced and conquered. Thanks to Iwada's repairs, the helicopter's engine now can withstand the thick ash in the sky, and thus the group decides to try to fly through the massive black cloud. After a long, perilous voyage, they finally manage to leave it behind them, though what waits for them leaves them in utter horror and amazement. They find themselves in complete darkness, the only lights coming from plumes and rivers of lava on the ground, which is reduced to a charred, lifeless wasteland, where they see the wrecks of the helicopter squadron that Nimura's crew belonged to. Mount Fuji has vanished, and in its place they find a gigantic hole in the ground, miles in diameter. They dare to fly inside the hole to see how deep it goes, but after descending for a while, they are overcome by fear and ascend quickly, leaving the seemingly bottomless pit behind. Considering the abnormal weather, the continuous rain of ash and the black clouds so thick that they block out the Sun, the group theorizes that Mount Fuji suffered a catastrophically massive volcanic eruption, or that a meteor hit it and triggered the disaster. Leaving that hellish landscape behind, the group fly through the black cloud once more, and manages to exit it, finding themselves in another surreal scenario: the sky is brighter, and the ash falling is almost snow-like. They land on top of a large ruined shopping mall, where they stop to search for supplies. Unfortunately, the place has been already looted and it is dangerously unstable. Their departure is hastened even further when a powerful tornado forms nearby and starts moving in the direction of the mall. In the ensuing chaos, while Iwada, Ako and Nimura manage to take off in the helicopter, Teru is left behind when the roof of the mall collapses under him. He barely escapes with his life when the tornado hits and destroys the mall by hiding into an elevator, where he falls unconscious. When Teru wakes up, he finds out that the mall has been almost completely obliterated, and that he is alone. However, after wandering for some time, he comes across the wreck of the helicopter the group used until then, near which is a makeshift grave for Iwada, who died in the crash. Although initially overcome by despair, Teru finds a glimmer of hope when he looks inside the helicopter, where he find some beverages and a note from Ako, which tells him that after the helicopter crashed, she and Nimura went to Tokyo on foot. Hopeful to see Ako again, Teru embarks on the long trek that will lead him to Tokyo as well. Along the way, he makes a strange encounter with a wounded man, who incoherently babbles about Tokyo being both Hell and Heaven, how he wants to escape from there, and how he wants to go back. In a fit of madness, the man runs away and dies soon after, falling from a cliff. After giving him a hasty burial, Teru resumes his journey. He finally arrives in Tokyo, which is utterly ruined. Once a metropolis thriving with life, Tokyo is now reduced to a silent, decaying ruin. Entering the dead city, Teru wanders through the streets littered with corpses, clinging to the hope of finding some other human beings, though the search proves initially fruitless. Distraught and tired, Teru stops near the entrance to the subway, where he briefly hears a voice. Though convinced that it was a hallucination, when he hears it again he braves the darkness of the underground once more, bent on finding the source. The subway station and the tunnels are in ruin as well, and following them, Teru finds that someone has put radios in the tunnels, which all repeat the same garbled message. Deeper into the underground, the boy finds a man-made cave that leads him to another station, under which lava is flowing. Terrified, Teru goes even deeper, and finds himself in a massive warehouse filled with boxes of food, water and first aid kits, apparently stockpiled for emergencies. It is there that Teru finds a group of survivors led by a man who declares himself a scientist, who welcomes Teru with a strange monologue about fear, about how everyone in his group cannot feel it anymore while the others have given in to it. The group of survivors itself is eerie, as many of them are covered with self-inflicted wounds, while others are painted and armed like Nobuo was at the beginning of the story. The scientist explains that the supplies in the warehouse were experimental and contained special compounds which numbed fear. After consuming them for a prolonged period of time, the survivors of his group stopped feeling fear completely, and longing for it again, started wounding themselves. Disturbed by the scientist's words and his followers, among which he recognizes boys with scarred heads similar to Kikuchi, who explain that the most primitive part of their brain, the one which controls fear, was removed through surgery, Teru leaves the group and makes his way to the surface once more. Once again in the dead streets of Tokyo, Teru makes his way to his house, an apartment building now almost collapsed. He enters what's left of his home, finding it in complete decay and totally devoid of life, but he also find supplies and another note left by Ako, which urges him to go to their school. Meanwhile, the savages guided by the scientist assault a patrol of foreign soldiers, and a fleet of ships from another country (which country is, it is never revealed) is seen anchored in what was once Tokyo Bay. Following Ako's notes, Teru leaves his ruined home for the school, and there he meets Ako and Nimura. Nimura pulls a gun on him and says he is taking Ako for himself. He holds Teru at gunpoint, and Teru opines that without fear — either by being numbed to it, or just never needing it — life is lessened. Unnerved by him, Nimura ultimately declares that he saw the graves where the victims of the disaster were collected, and among them there was Teru's whole family. He then shoots Teru, wounding him slightly, before being subdued by both him and Ako. However, Teru discharges Nimura's gun in the air and leaves him alive before leaving with Ako. Nimura, alone, is left wondering about himself. Foreign soldiers storm Tokyo and are attacked by the survivor group. The scientist, now almost naked and holding a pair of severed heads, says to a soldier that he helped bring the apocalypse along. A document discovered by other soldiers indicates that there's the possibility that three nuclear weapons were on Japanese soil, and that weirdly the entire Japanese government vanished almost instantaneously. It also says that other governments are similarly unavailable. The document states that no one seems to know exactly what happened, but that the military is dedicated to retrieving the nuclear warheads. During the chaos, another disaster occurs, and a volcano suddenly emerges in what was once central Tokyo. Teru and Ako see its rise, as do Nimura and one of the boys with the scarred head. Teru and Ako sit together and watch the volcano, and Teru reflects that the world is what you make of it, and that even with the world in ruins good or evil still both have chances to triumph, leaving a faint glimmer of hope for things to adjust themselves, one day in the future."
wiki-33536,Pokémon: Giratina and the Sky Warrior,"After the fateful events of Pokémon: The Rise of Darkrai, Shaymin, a hedgehog-like legendary Pokémon, is drawn into a battle between Dialga and Giratina, who drags both Shaymin and Dialga into the Reverse World. A frightened Shaymin uses her powers to escape through a portal back to the normal world, Dialga following after he disables Giratina's ability to venture to Earth by trapping it in an infinite time loop. The battle is witnessed by Newton Graceland, a specialist on the Reverse World, and by the film's antagonist Zero. Shaymin survives, ending up in a beautiful seaside town (Bergen) where it runs into Ash Ketchum, Dawn, Brock and their Pokémon, causing mayhem whilst trying to steal Ash's lunch. Shaken by its experience, Shaymin falls ill but healed at the local Pokémon Center. Ash is frustrated by its pompous attitude, but he and his friends agree to take Shaymin to the Flower Garden, so it and others of its kind can migrate and grow a new garden where they go, through a process called flower bearing. Team Rocket appear and try to run off with Shaymin, only for a portal to the Reverse World to open and swallow them, Shaymin, Ash, Pikachu, Dawn and Piplup. In the Reverse World, the kids encounter Giratina but are rescued by Newton, who explains the distorted world is an alternate dimension which reflects Earth, and he was trapped in the dimension five years ago whilst studying it. The balance between time, space and the Reversed World was damaged during Dialga and Palkia's fight in the previous film. Giratina targets Shaymin, angry that it helped Dialga escape from it, prompting Newton to send the kids and Pokémon back to Earth, but Team Rocket are too slow to follow. Zero, seeking Shaymin's power, attacks the kids with his army of Magnemite, Magneton and Magnezone, forcing them to escape onto a departing train. The kids befriend several train passengers, Shaymin making contact with a Gracidea flower and transforms into its Sky Forme, altering its appearance to a deer-like state and allowing it to fly. Zero's Pokémon attack, but Shaymin, Pikachu and Piplup blast them out of the train. The kids board a ferry heading to the mountain where the Shaymin live, but are sucked into the Reverse World again, followed by Zero and his Pokémon. Giratina attacks the group after Shaymin provokes it before transforming back to its normal form, Newton and Team Rocket saving the kids. Zero appears, reveals he was Newton's assistant, and plans to use Shaymin's powers to open a portal for Giratina to return to Earth. Shaymin panics, opening a portal and sends everyone, save Team Rocket, back to Earth to Shaymin's home. Freed from the time loop, Giratina is captured by Zero, who is using a device to absorb its abilities. The device was originally built by Newton, but he cancelled the project upon learning that the device would kill Giratina. Zero uses the device with the intention of becoming ruler of the Reverse World and destroying Earth. Ash, Dawn, Pikachu, Piplup, Chimchar, Buizel, Buneary, and Ambipom attack Zero's ship whilst Newton is able to shut down the device, releasing Giratina. However, it collapses from exhaustion and nearly dies, but Shaymin revives it. Zero flees to the Reverse World to destroy Earth, damaging the mountain's glacier, awakening Regigigas, who comes to save the glacier aided by a herd of Mamoswine, along with Dawn's Buneary and Swinub. Ash, Pikachu, Shaymin, Chimchar, Turtwig, and Giratina battle Zero, whose attack ship is empowered with Giratina's abilities. Chimchar and Turtwig are trapped by claws on Zero's ship, causing Ash to recall them. Shaymin uses the full extent of its power to open a portal, dragging everyone back to Earth, with Zero being frozen in the glacier, whilst Giratina returns Ash and Pikachu to Earth and restores the damage Zero has caused, before departing to track down Dialga. Shaymin is finally able to perform flower bearing, before migrating in Sky Forme with the rest of its kind. During the end credits, Newton rescues Zero who is then arrested, whilst Ash, Dawn and Brock send bouquets of flowers to their respective families."
wiki-33701,Fairy Tail the Movie: The Phoenix Priestess,"Fairy Tail is set in Earth-land,[b] a fictional land where wizards[2] coalesce into guilds to apply their magical abilities for paid job requests. Novice wizard Lucy Heartfilia runs away from home to join Fairy Tail, a guild famous for its members' overly destructive antics. She is invited into the guild by Natsu Dragneel, a dragon slayer[c] wizard who travels the kingdom of Fiore[d] in search of his missing foster father, the dragon Igneel. Lucy forms a team with Natsu and his cat-like companion Happy, which is later joined by ice wizard Gray Fullbuster, armored wizard Erza Scarlet, and dragon slayer Wendy Marvell. The team embark on numerous guild missions together, which include subjugating criminals, illegal dark guilds, and ancient Etherious[e] demons created by the immortal dark wizard Zeref. Following several adventures, Natsu and his companions encounter Zeref living in isolation on the guild's sacred ground of Sirius Island.[f][5] A battle over Zeref ensues between Fairy Tail and the dark guild Grimoire Heart, which attracts the attention of the evil black dragon Acnologia. The Fairy Tail wizards survive Acnologia's assault when the spirit of their guild's founder, Mavis Vermillion, casts the defensive Fairy Sphere[g] spell that places them into seven years of suspended animation. Shortly after the missing wizards return, Fairy Tail participates in the Grand Magic Games,[h] a tournament held to determine the strongest guild in Fiore. In doing so, they prevent an unwitting government conspiracy to ravage the kingdom with dragons brought from the past through Eclipse, Zeref's time travel gate. After observing these events, Zeref decides to eradicate humanity for their continuing conflicts. Later, Fairy Tail wages war against Tartaros, a dark guild of Etherious that aim to unseal a book believed to contain E.N.D., Zeref's ultimate demon. Acnologia returns to annihilate both guilds, prompting Igneel – revealed to have sealed himself within Natsu – to emerge and battle Acnologia. However, Acnologia kills Igneel before a helpless Natsu, who departs on a year-long training journey to avenge Igneel. Natsu returns to discover that Fairy Tail's master, Makarov Dreyar, has been staving off an invasion by the Alvarez Empire, which Zeref governs. Zeref and his forces assault Fiore, intending to acquire Mavis' physical body preserved beneath Fairy Tail's guildhall, which houses a wellspring of infinite magic power known as Fairy Heart.[i] During the battle, Zeref reveals Natsu's origins as his younger brother, as well as the true incarnation of E.N.D., whom Zeref resurrected as a demon with the intention of being killed by him. When Natsu fails to do so, Zeref extracts Fairy Heart from Mavis to relocate himself to a new timeline where he may prevent the atrocities he and Acnologia have caused, destroying the present timeline in the process. Natsu incapacitates Zeref, and Lucy rewrites the book of E.N.D. to make Natsu fully human. Mavis, who is revealed to be Zeref's estranged lover who shares his curse of immortality, is then able to lift their curse by reciprocating his love, allowing both to die. Meanwhile, Fairy Tail and their allies attempt to imprison Acnologia within a space-time rift discovered by Lucy's ancestor, Anna Heartfilia. Acnologia is instead empowered by the rift's properties and escapes, while his disembodied soul traps all of the present dragon slayers in the rift to maintain his new, immeasurable power. Using the accumulative magic of the other dragon slayers, Natsu destroys Acnologia after Lucy and the other wizards immobilize the dragon's body within Fairy Sphere, freeing the dragon slayers from captivity. In the following year, Lucy publishes an award-winning novel based on her experiences at the guild; the award ceremony is attended by two strangers resembling Mavis and Zeref, who fall in love. Afterwards, Natsu and his team depart on a century-old guild mission,[6] continuing their ongoing adventures together."
wiki-33736,Gintama: The Movie: The Final Chapter: Be Forever Yorozuya,"While working in a cinema, Gintoki comes upon a ""movie thief"" (a figure in Japanese culture often depicted as a man with a video camera as a head, stand in as someone who illegally film in cinemas). After scolding the movie thief for his actions, he finds himself warped into another world via the camera lens. In this world, 5 years have passed, and not only has the land of Edo changed into an apocalyptic wasteland, but it is stated Gintoki has died. The movie thief, or Time Thief the time machine, explains mankind is close to extinction, and gives Gintoki an item to disguise himself. After the Time Thief is damaged by criminals, Gintoki encounters his freelancer comrades: Shinpachi Shimura, who has turned into a cool samurai with no trace of tsukkomi, and Kagura, who has changed into a beautiful woman with no Chinese speech pattern. The future's Gintoki is assumed to have died as a result of the ""White Curse."" Kagura and Shinpachi have been trying to deal with their leader's disappearance and Gintoki, disguised thanks to the Time Thief, tries to help them overcome their sadness. Gintoki, Kagura and Shinpachi go to the execution of the Shinsengumi leader Isao Kondo, Joi terrorist Kotaro Katsura and mechanic Gengai Hiraga. Kondo and Katsura are saved by their underlings Sogo Okita, Toshiro Hijikata and Elizabeth who have joined forces to form a new group opposing the bakufu while Gengai is revealed to be an imposter. Interacting with the new group Gintoki learns the White Curse was started by a group of sorcerers known as Enmi (厭魅) who Gintoki's Joi faction fought in a previous war. Gintoki was infected with a virus which had undergone an incubation period and the future's Gintoki disappeared while fighting it. One victim of the White Curse is Shinpachi's sister, Tae, who is close to her death. In order to cure her, Gintoki's friends go to search for the Emmi. Gintoki finds and kills the Emmi who is revealed to be the future's Gintoki who set this series of events off to be killed by his past self. Despite the death of the future Gintoki, the White Curse does not stop. Gintoki used the repaired Time Thief to go back to the past and kill his past self from the war, the White Demon, before the virus goes into incubation. However, the White Demon is actually Taizo Hasegawa in disguise. It is revealed that Tama is the Time Thief who was used by the people from the future to stop Gintoki from erasing his existence and help him defeat the Emmi before the curse starts. Together with his friends and the last generation of the old Jouishi (Katsura, Takasugi, Sakamoto, and the white demon otherwise known as the Gintoki from the past) fight against the Emmi. Finally, Gintoki and the white demon defeat the Emmi, stopping them from starting the curse. Gintoki reunites with the Yorozuya and then him and his friends return to their own timeline, all promising to meet again. The ending scene consists of the original members of the Jōi watching from a cliff. At the end of the story, after the credits end, it shows that Gintoki, Shinpachi, and Kagura meeting together even after the past is changed."
wiki-33854,What a Wonderful Family!,"A husband (Isao Hashizume) and wife (Kazuko Yoshiyuki) have been married for 50 years. For her birthday, the husband asks the wife what she wants for her birthday present. She replies that she wants a divorce. The wife's divorce announcement sends the entire family into chaos. Their children are thrown into a state of panic to hear this news of separation. Amid the sudden tumult of life, each member of the family begins to voice out their respective grievances."
wiki-33855,Boku Dake ga Inai Machi and the Binding of Tony Blair,"The film begins in 2006 with Satoru Fujinuma, an aspiring manga writer who has his manga once again rejected by his publisher, forcing him to continue working as a deliveryman to support himself. Satoru has the ability to ""Rewind"", in which he is sent back to a point in the near past to prevent a person around him from enduring a fatal accident. One day, Satoru's mother, Sachiko, stays with him for the weekend. While the two are outside, Sachiko senses a man about to abduct a girl and makes Satoru remember a tragedy that happened 19 years before. Sachiko passes this information to a friend of hers, but when she is alone in Satoru's apartment, she is murdered. Satoru unsuccessfully gives chase to the killer; before he is captured by the police, who accuse him of Sachiko's murder. Satoru's Rewind activates and, to his surprise, he is sent 18 years into the past, back to his elementary school life in Hokkaido. Trying to adjust to his ""new"" life, Satoru remembers that his Rewind comes around after the murder of Kayo Hinazuki, a classmate of his, by a child serial killer, whose identity is placed to that of Jun Shiratori, even though Satoru does not believe that. He befriends the quiet and friendless Kayo, learning that she lives with an abusive mother, Akemi, and stepfather. With his friends and Sachiko's help, Satoru manages to convince Kayo to attend a double birthday party, as the two children are revealed to have the same birthday. Despite these changes, Kayo is still murdered, and in frustration, Satoru is sent back to the present. Still evading the police, Satoru seeks refuge in the house of Airi Katagiri, a high school student who works as a fellow part-time deliveryman. Satoru realizes that though Kayo's death still occurred, its details have changed somewhat. Believing that Satoru is wrongly blamed, Airi helps him track down Sachiko's killer. However, this only puts her in danger when her house is burned down in an arson attack, though she still attempts to help Satoru by escaping from hospital, unaware that the police are following her. Meanwhile, Satoru meets with Sachiko's friend whom she contacted earlier, Makoto Sawada, who confirms that Sachiko's killer and the child serial killer are the same person. He reunites with Airi afterward, but this only causes him to be captured by the police. Noticing one of his captors as the killer, Satoru's Rewind activates and he is once again sent to 19 years before. To prevent Kayo from being alone, Satoru ""kidnaps"" her by taking her to live away from her mother. He and his friend Kenya Kobayashi first place her in an abandoned van, but when they learn that the van is the child killer's hideout, they move her to live in the Fujinuma residence. Satoru's teacher, Gaku Yashiro, contacts the child abuse prevention center, who take Kayo into custody after enough evidence of Akemi's abuse is revealed. Still convinced that he needs to prevent more murders from happening, Satoru watches over another quiet classmate, Misato Yanagihara, during an ice hockey competition, but she quickly leaves, while Satoru is given a ride home by Yashiro. Recounting the evidence, Satoru eventually realizes that Yashiro is the killer and has deliberately placed Misato as a decoy. To prevent Satoru from interfering again, Yashiro throws him down a river. Satoru is sent back to 2006, this time to a timeline where both Sachiko and Kayo, who is now pregnant, are alive, where he is no longer estranged from his childhood friends, and where his manga is successfully published; at the same time, however, Airi does not recognize him, as he does not work as a deliveryman in the new timeline. The lawyer Kenya helps him track down Yashiro, who now works as a councilman. Having a face-to-face meeting, Yashiro tells Satoru his demented motive of killing: he kills to prevent the children from having a bleak future. Just when he is about to commit suicide, Satoru stops him, causing himself to get mortally wounded instead, while Yashiro is arrested. Ten years later, Sachiko holds a decennial anniversary of Satoru's death, attended by Kayo, her daughter, Kenya, and the others, while Airi, now a photographer, finishes reading Satoru's manga, Boku Dake ga Inai Machi."
wiki-33865,Ajin Part 2: Shōtotsu,"The story is about a student named Kei Nagai (永井 圭, Nagai Kei), who discovers he is an ""immortal"" ""Ajin"" when he is hit by a truck. He is wanted by the government because the Ajin are considered dangerous inhuman beings and the only person who is there to support him is his childhood friend, Kaito. While the government claims to help Ajin live in a safe environment, they are actually using them as subjects for cruel and inhumane experimentation. As a result, Ajins that have escaped are bent on revenge – with the exception of Kei, who wants no part in the Ajin conflict. Kei is initially shown to lack empathy for others, even the people closest to him, but as Sato's actions become even more extreme, he eventually joins the fight to stop Sato's violent campaign."
wiki-33977,Hyouka,"At the request of his older sister, student Hotaro Oreki joins Kamiyama High School's Classic Literature Club to stop it from being abolished, joined by fellow members Eru Chitanda, Satoshi Fukube and Mayaka Ibara. The story is set in Kamiyama City, a fictional city in Gifu Prefecture that the author based on his real hometown of Takayama, also in Gifu. The fictional Kamiyama High School is based upon the real life Hida High School. They begin to solve various mysteries, both to help with their club and at Eru's requests."
wiki-34283,Fantastic Journey to OZ,"The envious and power-hungry Urfin Jus wants to become the ruler of Magic Land. He brings the wooden soldiers to life with a magic powder and goes with them to conquer the Emerald City. He is already preparing to celebrate the victory, but in the Magic Land there is also a little girl named Ellie. She wants to go home, but first she needs to help her friends Strasheela, the Iron Woodman and the Cowardly Lion to defeat Urfin Jus and his army."
wiki-34509,Poongsan,"A man simply known as ""Poongsan"" (Yoon Kye-sang) - from the brand of North Korean cigarettes he smokes - makes regular trips across the Korean DMZ, smuggling everything from people to antiques. No one knows whether he is from the North or the South, though from his commando-like abilities he is obviously highly trained. He makes contact with clients via a makeshift memorial-cum-bulletin board for divided families along the DMZ. On one mission he smuggles an antique, as well as a young boy, from North to South; when the smugglers are caught by the police, the South's National Intelligence Service becomes aware of Poongsan's existence. They contract him to bring a young woman, In-ok (Kim Gyu-ri), from Pyongyang to her lover (Kim Jong-soo), a high-ranking North Korean official who recently defected and is still guarded by NIS agents. The arrogant official, who is paranoid about being assassinated, has been holding out on writing a report for the NIS until In-ok joins him. On the journey across the DMZ, In-ok accidentally sets off a mine that almost kills her and Poongsan, and also has to be revived by mouth-to-mouth resuscitation when she almost drowns. The mission is successful but In-ok has become attached to the man who saved her life. Suspicious that the two made love during the crossing, the official abuses In-ok after they are reunited and she expresses a desire to return to the North. Meanwhile, Poongsan is tortured by an NIS team leader (Choi Mu-seong) to find out whether he is a North Korean agent, but is rescued by the team leader's boss (Han Gi-jung). Poongsan is forced to rescue NIS agent Kim Yong-nam, who's been caught in the North and is under interrogation; in gratitude, and appalled by his own agency's methods, Kim later helps Poongsan escape from the NIS' control. But then Poongsan and In-ok are captured by North Korean agents in the South.[2]"
wiki-34854,Selvi Boylum Al Yazmalım,"İlyas (Kadir İnanır) is a truck driver from İstanbul who comes to a remote village to work in the construction of a dam. When his truck gets stuck in the muddy dirt road, he comes across Asya (Türkan Şoray), a woman from the village who he nicknames Al Yazmalım ('red scarf'). They fall in love, get married and have a child called Samet. One day İlyas stops to help some stranded bystanders, but in doing so, he is delayed and ends up getting fired. When Asya goes to his boss and pleads for İlyas to be reinstated, İlyas is enraged and hits her, then leaves her to start an affair with his former casual girlfriend Dilek (Hülya Tuğlu). When İlyas realises his mistake, he goes back only to find that Asya and his child have left the house. Asya and Samet are wandering by the road when they hitchhike on the back of a truck with a kind stranger Cemşit (Ahmet Mekin). After Cemşit realises that Asya has nowhere to go, he takes pity on them and offers them food and shelter while İlyas searches desperately for them. Samet becomes increasingly fond of Cemşit and Asya begins to see that Samet thinks of him as a father. Then one day after many years, İlyas suddenly appears and Asya is left to make a choice between him and Cemşit."
